Date,Component,Avg_Price,Source
2/13/2021,2TB_NVME_GEN4,349.99,Pangoly_History
2/14/2021,2TB_NVME_GEN4,356.99,Pangoly_History
2/15/2021,2TB_NVME_GEN4,349.99,Pangoly_History
2/16/2021,2TB_NVME_GEN4,359.49,Pangoly_History
2/17/2021,2TB_NVME_GEN4,350.44,Pangoly_History
2/18/2021,2TB_NVME_GEN4,350.44,Pangoly_History
2/19/2021,2TB_NVME_GEN4,350.44,Pangoly_History
2/20/2021,2TB_NVME_GEN4,350.44,Pangoly_History
2/21/2021,2TB_NVME_GEN4,352.49,Pangoly_History
2/22/2021,2TB_NVME_GEN4,349.22,Pangoly_History
2/23/2021,2TB_NVME_GEN4,349.6,Pangoly_History
2/24/2021,2TB_NVME_GEN4,349.22,Pangoly_History
2/25/2021,2TB_NVME_GEN4,349.22,Pangoly_History
2/26/2021,2TB_NVME_GEN4,349.22,Pangoly_History
2/27/2021,2TB_NVME_GEN4,349.22,Pangoly_History
2/28/2021,2TB_NVME_GEN4,349.22,Pangoly_History
3/1/2021,2TB_NVME_GEN4,356.35,Pangoly_History
3/2/2021,2TB_NVME_GEN4,355.44,Pangoly_History
3/3/2021,2TB_NVME_GEN4,355.44,Pangoly_History
3/4/2021,2TB_NVME_GEN4,355.44,Pangoly_History
3/5/2021,2TB_NVME_GEN4,355.44,Pangoly_History
3/6/2021,2TB_NVME_GEN4,355.44,Pangoly_History
3/7/2021,2TB_NVME_GEN4,355.44,Pangoly_History
3/8/2021,2TB_NVME_GEN4,353.63,Pangoly_History
3/9/2021,2TB_NVME_GEN4,353.63,Pangoly_History
3/10/2021,2TB_NVME_GEN4,353.63,Pangoly_History
3/11/2021,2TB_NVME_GEN4,353.63,Pangoly_History
3/12/2021,2TB_NVME_GEN4,353.63,Pangoly_History
3/13/2021,2TB_NVME_GEN4,336.65,Pangoly_History
3/14/2021,2TB_NVME_GEN4,336.65,Pangoly_History
3/15/2021,2TB_NVME_GEN4,336.65,Pangoly_History
3/16/2021,2TB_NVME_GEN4,336.65,Pangoly_History
3/17/2021,2TB_NVME_GEN4,336.65,Pangoly_History
3/18/2021,2TB_NVME_GEN4,336.65,Pangoly_History
3/19/2021,2TB_NVME_GEN4,336.65,Pangoly_History
3/20/2021,2TB_NVME_GEN4,336.65,Pangoly_History
3/21/2021,2TB_NVME_GEN4,336.65,Pangoly_History
3/22/2021,2TB_NVME_GEN4,336.65,Pangoly_History
3/23/2021,2TB_NVME_GEN4,336.65,Pangoly_History
3/24/2021,2TB_NVME_GEN4,336.65,Pangoly_History
3/25/2021,2TB_NVME_GEN4,336.65,Pangoly_History
3/26/2021,2TB_NVME_GEN4,340.61,Pangoly_History
3/27/2021,2TB_NVME_GEN4,340.61,Pangoly_History
3/28/2021,2TB_NVME_GEN4,340.61,Pangoly_History
3/29/2021,2TB_NVME_GEN4,340.61,Pangoly_History
3/30/2021,2TB_NVME_GEN4,347.93,Pangoly_History
3/31/2021,2TB_NVME_GEN4,347.34,Pangoly_History
4/1/2021,2TB_NVME_GEN4,354.43,Pangoly_History
4/2/2021,2TB_NVME_GEN4,336.55,Pangoly_History
4/3/2021,2TB_NVME_GEN4,334.05,Pangoly_History
4/4/2021,2TB_NVME_GEN4,334.05,Pangoly_History
4/5/2021,2TB_NVME_GEN4,338.99,Pangoly_History
4/6/2021,2TB_NVME_GEN4,338.99,Pangoly_History
4/7/2021,2TB_NVME_GEN4,338.99,Pangoly_History
4/8/2021,2TB_NVME_GEN4,338.99,Pangoly_History
4/9/2021,2TB_NVME_GEN4,338.99,Pangoly_History
4/10/2021,2TB_NVME_GEN4,331.14,Pangoly_History
4/11/2021,2TB_NVME_GEN4,329.6,Pangoly_History
4/12/2021,2TB_NVME_GEN4,332.68,Pangoly_History
4/13/2021,2TB_NVME_GEN4,325.76,Pangoly_History
4/14/2021,2TB_NVME_GEN4,327.65,Pangoly_History
4/15/2021,2TB_NVME_GEN4,330.87,Pangoly_History
4/16/2021,2TB_NVME_GEN4,324.63,Pangoly_History
4/17/2021,2TB_NVME_GEN4,330.28,Pangoly_History
4/18/2021,2TB_NVME_GEN4,340.82,Pangoly_History
4/19/2021,2TB_NVME_GEN4,343.6,Pangoly_History
4/20/2021,2TB_NVME_GEN4,343.04,Pangoly_History
4/21/2021,2TB_NVME_GEN4,341.46,Pangoly_History
4/22/2021,2TB_NVME_GEN4,359.37,Pangoly_History
4/23/2021,2TB_NVME_GEN4,353.88,Pangoly_History
4/24/2021,2TB_NVME_GEN4,352.21,Pangoly_History
4/25/2021,2TB_NVME_GEN4,352.09,Pangoly_History
4/26/2021,2TB_NVME_GEN4,361.66,Pangoly_History
4/27/2021,2TB_NVME_GEN4,347.99,Pangoly_History
4/28/2021,2TB_NVME_GEN4,361,Pangoly_History
4/29/2021,2TB_NVME_GEN4,369.52,Pangoly_History
4/30/2021,2TB_NVME_GEN4,362.9,Pangoly_History
5/1/2021,2TB_NVME_GEN4,362.61,Pangoly_History
5/2/2021,2TB_NVME_GEN4,353.88,Pangoly_History
5/3/2021,2TB_NVME_GEN4,348.32,Pangoly_History
5/4/2021,2TB_NVME_GEN4,359.06,Pangoly_History
5/5/2021,2TB_NVME_GEN4,361.46,Pangoly_History
5/6/2021,2TB_NVME_GEN4,368.7,Pangoly_History
5/7/2021,2TB_NVME_GEN4,369.82,Pangoly_History
5/8/2021,2TB_NVME_GEN4,371.2,Pangoly_History
5/9/2021,2TB_NVME_GEN4,370.66,Pangoly_History
5/10/2021,2TB_NVME_GEN4,364.66,Pangoly_History
5/11/2021,2TB_NVME_GEN4,363.13,Pangoly_History
5/12/2021,2TB_NVME_GEN4,368.78,Pangoly_History
5/13/2021,2TB_NVME_GEN4,367.67,Pangoly_History
5/14/2021,2TB_NVME_GEN4,356.79,Pangoly_History
5/15/2021,2TB_NVME_GEN4,371.04,Pangoly_History
5/16/2021,2TB_NVME_GEN4,365.24,Pangoly_History
5/17/2021,2TB_NVME_GEN4,363.13,Pangoly_History
5/18/2021,2TB_NVME_GEN4,370.26,Pangoly_History
5/19/2021,2TB_NVME_GEN4,375.86,Pangoly_History
5/20/2021,2TB_NVME_GEN4,369.74,Pangoly_History
5/21/2021,2TB_NVME_GEN4,373.06,Pangoly_History
5/22/2021,2TB_NVME_GEN4,368.71,Pangoly_History
5/23/2021,2TB_NVME_GEN4,358.5,Pangoly_History
5/24/2021,2TB_NVME_GEN4,358.42,Pangoly_History
5/25/2021,2TB_NVME_GEN4,360.06,Pangoly_History
5/26/2021,2TB_NVME_GEN4,363.91,Pangoly_History
5/27/2021,2TB_NVME_GEN4,377.2,Pangoly_History
5/28/2021,2TB_NVME_GEN4,372.8,Pangoly_History
5/29/2021,2TB_NVME_GEN4,353,Pangoly_History
5/30/2021,2TB_NVME_GEN4,353,Pangoly_History
5/31/2021,2TB_NVME_GEN4,358.61,Pangoly_History
6/1/2021,2TB_NVME_GEN4,366.23,Pangoly_History
6/2/2021,2TB_NVME_GEN4,383.55,Pangoly_History
6/3/2021,2TB_NVME_GEN4,382.55,Pangoly_History
6/4/2021,2TB_NVME_GEN4,390.8,Pangoly_History
6/5/2021,2TB_NVME_GEN4,392.94,Pangoly_History
6/6/2021,2TB_NVME_GEN4,400.79,Pangoly_History
6/7/2021,2TB_NVME_GEN4,400.04,Pangoly_History
6/8/2021,2TB_NVME_GEN4,394.7,Pangoly_History
6/9/2021,2TB_NVME_GEN4,411.62,Pangoly_History
6/10/2021,2TB_NVME_GEN4,411.62,Pangoly_History
6/11/2021,2TB_NVME_GEN4,396.82,Pangoly_History
6/12/2021,2TB_NVME_GEN4,409.88,Pangoly_History
6/13/2021,2TB_NVME_GEN4,400.38,Pangoly_History
6/14/2021,2TB_NVME_GEN4,392.79,Pangoly_History
6/15/2021,2TB_NVME_GEN4,392.82,Pangoly_History
6/16/2021,2TB_NVME_GEN4,393.1,Pangoly_History
6/17/2021,2TB_NVME_GEN4,392.73,Pangoly_History
6/18/2021,2TB_NVME_GEN4,392.65,Pangoly_History
6/19/2021,2TB_NVME_GEN4,391.89,Pangoly_History
6/20/2021,2TB_NVME_GEN4,394.53,Pangoly_History
6/21/2021,2TB_NVME_GEN4,390.99,Pangoly_History
6/22/2021,2TB_NVME_GEN4,396.4,Pangoly_History
6/23/2021,2TB_NVME_GEN4,399.59,Pangoly_History
6/24/2021,2TB_NVME_GEN4,409.63,Pangoly_History
6/25/2021,2TB_NVME_GEN4,408.27,Pangoly_History
6/26/2021,2TB_NVME_GEN4,408.27,Pangoly_History
6/27/2021,2TB_NVME_GEN4,403.07,Pangoly_History
6/28/2021,2TB_NVME_GEN4,403.08,Pangoly_History
6/29/2021,2TB_NVME_GEN4,401.86,Pangoly_History
6/30/2021,2TB_NVME_GEN4,408.46,Pangoly_History
7/1/2021,2TB_NVME_GEN4,413.1,Pangoly_History
7/2/2021,2TB_NVME_GEN4,406.18,Pangoly_History
7/3/2021,2TB_NVME_GEN4,408.84,Pangoly_History
7/4/2021,2TB_NVME_GEN4,409.67,Pangoly_History
7/5/2021,2TB_NVME_GEN4,409.37,Pangoly_History
7/6/2021,2TB_NVME_GEN4,410.32,Pangoly_History
7/7/2021,2TB_NVME_GEN4,404.48,Pangoly_History
7/8/2021,2TB_NVME_GEN4,400.1,Pangoly_History
7/9/2021,2TB_NVME_GEN4,392.84,Pangoly_History
7/10/2021,2TB_NVME_GEN4,387.43,Pangoly_History
7/11/2021,2TB_NVME_GEN4,388.23,Pangoly_History
7/12/2021,2TB_NVME_GEN4,388.27,Pangoly_History
7/13/2021,2TB_NVME_GEN4,388.27,Pangoly_History
7/14/2021,2TB_NVME_GEN4,388.27,Pangoly_History
7/15/2021,2TB_NVME_GEN4,387.47,Pangoly_History
7/16/2021,2TB_NVME_GEN4,384.23,Pangoly_History
7/17/2021,2TB_NVME_GEN4,388.26,Pangoly_History
7/18/2021,2TB_NVME_GEN4,384.02,Pangoly_History
7/19/2021,2TB_NVME_GEN4,386.25,Pangoly_History
7/20/2021,2TB_NVME_GEN4,384.43,Pangoly_History
7/21/2021,2TB_NVME_GEN4,384.43,Pangoly_History
7/22/2021,2TB_NVME_GEN4,384.43,Pangoly_History
7/23/2021,2TB_NVME_GEN4,384.69,Pangoly_History
7/24/2021,2TB_NVME_GEN4,378.6,Pangoly_History
7/25/2021,2TB_NVME_GEN4,378.99,Pangoly_History
7/26/2021,2TB_NVME_GEN4,378.34,Pangoly_History
7/27/2021,2TB_NVME_GEN4,380.53,Pangoly_History
7/28/2021,2TB_NVME_GEN4,380.45,Pangoly_History
7/29/2021,2TB_NVME_GEN4,380.53,Pangoly_History
7/30/2021,2TB_NVME_GEN4,380.53,Pangoly_History
7/31/2021,2TB_NVME_GEN4,375.72,Pangoly_History
8/1/2021,2TB_NVME_GEN4,373.04,Pangoly_History
8/2/2021,2TB_NVME_GEN4,366.76,Pangoly_History
8/3/2021,2TB_NVME_GEN4,366.41,Pangoly_History
8/4/2021,2TB_NVME_GEN4,363.95,Pangoly_History
8/5/2021,2TB_NVME_GEN4,363.92,Pangoly_History
8/6/2021,2TB_NVME_GEN4,361.88,Pangoly_History
8/7/2021,2TB_NVME_GEN4,361.51,Pangoly_History
8/8/2021,2TB_NVME_GEN4,356.33,Pangoly_History
8/9/2021,2TB_NVME_GEN4,355.77,Pangoly_History
8/10/2021,2TB_NVME_GEN4,359.47,Pangoly_History
8/11/2021,2TB_NVME_GEN4,357.73,Pangoly_History
8/12/2021,2TB_NVME_GEN4,357.73,Pangoly_History
8/13/2021,2TB_NVME_GEN4,356.25,Pangoly_History
8/14/2021,2TB_NVME_GEN4,356.25,Pangoly_History
8/15/2021,2TB_NVME_GEN4,352.62,Pangoly_History
8/16/2021,2TB_NVME_GEN4,352.25,Pangoly_History
8/17/2021,2TB_NVME_GEN4,350.25,Pangoly_History
8/18/2021,2TB_NVME_GEN4,346.02,Pangoly_History
8/19/2021,2TB_NVME_GEN4,346.02,Pangoly_History
8/20/2021,2TB_NVME_GEN4,345.99,Pangoly_History
8/21/2021,2TB_NVME_GEN4,345.96,Pangoly_History
8/22/2021,2TB_NVME_GEN4,340.22,Pangoly_History
8/23/2021,2TB_NVME_GEN4,336.86,Pangoly_History
8/24/2021,2TB_NVME_GEN4,336.86,Pangoly_History
8/25/2021,2TB_NVME_GEN4,336.86,Pangoly_History
8/26/2021,2TB_NVME_GEN4,336.86,Pangoly_History
8/27/2021,2TB_NVME_GEN4,335.49,Pangoly_History
8/28/2021,2TB_NVME_GEN4,336.83,Pangoly_History
8/29/2021,2TB_NVME_GEN4,338.16,Pangoly_History
8/30/2021,2TB_NVME_GEN4,337.49,Pangoly_History
8/31/2021,2TB_NVME_GEN4,341.76,Pangoly_History
9/1/2021,2TB_NVME_GEN4,338.36,Pangoly_History
9/2/2021,2TB_NVME_GEN4,338.36,Pangoly_History
9/3/2021,2TB_NVME_GEN4,338.69,Pangoly_History
9/4/2021,2TB_NVME_GEN4,338.66,Pangoly_History
9/5/2021,2TB_NVME_GEN4,338.66,Pangoly_History
9/6/2021,2TB_NVME_GEN4,337.66,Pangoly_History
9/7/2021,2TB_NVME_GEN4,337.66,Pangoly_History
9/8/2021,2TB_NVME_GEN4,337.66,Pangoly_History
9/9/2021,2TB_NVME_GEN4,337.73,Pangoly_History
9/10/2021,2TB_NVME_GEN4,333.41,Pangoly_History
9/11/2021,2TB_NVME_GEN4,331.96,Pangoly_History
9/12/2021,2TB_NVME_GEN4,331.96,Pangoly_History
9/13/2021,2TB_NVME_GEN4,330.3,Pangoly_History
9/14/2021,2TB_NVME_GEN4,329.58,Pangoly_History
9/15/2021,2TB_NVME_GEN4,330.1,Pangoly_History
9/16/2021,2TB_NVME_GEN4,332.69,Pangoly_History
9/17/2021,2TB_NVME_GEN4,332.69,Pangoly_History
9/18/2021,2TB_NVME_GEN4,332.69,Pangoly_History
9/19/2021,2TB_NVME_GEN4,336.48,Pangoly_History
9/20/2021,2TB_NVME_GEN4,336.51,Pangoly_History
9/21/2021,2TB_NVME_GEN4,336.51,Pangoly_History
9/22/2021,2TB_NVME_GEN4,335.25,Pangoly_History
9/23/2021,2TB_NVME_GEN4,335.25,Pangoly_History
9/24/2021,2TB_NVME_GEN4,335.25,Pangoly_History
9/25/2021,2TB_NVME_GEN4,338.65,Pangoly_History
9/26/2021,2TB_NVME_GEN4,340.91,Pangoly_History
9/27/2021,2TB_NVME_GEN4,340.91,Pangoly_History
9/28/2021,2TB_NVME_GEN4,340.91,Pangoly_History
9/29/2021,2TB_NVME_GEN4,337.42,Pangoly_History
9/30/2021,2TB_NVME_GEN4,346.83,Pangoly_History
10/1/2021,2TB_NVME_GEN4,341.66,Pangoly_History
10/2/2021,2TB_NVME_GEN4,342.24,Pangoly_History
10/3/2021,2TB_NVME_GEN4,339.78,Pangoly_History
10/4/2021,2TB_NVME_GEN4,339.86,Pangoly_History
10/5/2021,2TB_NVME_GEN4,339.86,Pangoly_History
10/6/2021,2TB_NVME_GEN4,341.75,Pangoly_History
10/7/2021,2TB_NVME_GEN4,338.85,Pangoly_History
10/8/2021,2TB_NVME_GEN4,341.88,Pangoly_History
10/9/2021,2TB_NVME_GEN4,342.69,Pangoly_History
10/10/2021,2TB_NVME_GEN4,342.69,Pangoly_History
10/11/2021,2TB_NVME_GEN4,342.69,Pangoly_History
10/12/2021,2TB_NVME_GEN4,341.34,Pangoly_History
10/13/2021,2TB_NVME_GEN4,337.96,Pangoly_History
10/14/2021,2TB_NVME_GEN4,337.63,Pangoly_History
10/15/2021,2TB_NVME_GEN4,342.24,Pangoly_History
10/16/2021,2TB_NVME_GEN4,342.19,Pangoly_History
10/17/2021,2TB_NVME_GEN4,342.19,Pangoly_History
10/18/2021,2TB_NVME_GEN4,341.74,Pangoly_History
10/19/2021,2TB_NVME_GEN4,338.19,Pangoly_History
10/20/2021,2TB_NVME_GEN4,337.11,Pangoly_History
10/21/2021,2TB_NVME_GEN4,337.46,Pangoly_History
10/22/2021,2TB_NVME_GEN4,335.79,Pangoly_History
10/23/2021,2TB_NVME_GEN4,348.57,Pangoly_History
10/24/2021,2TB_NVME_GEN4,346.16,Pangoly_History
10/25/2021,2TB_NVME_GEN4,344.89,Pangoly_History
10/26/2021,2TB_NVME_GEN4,345.08,Pangoly_History
10/27/2021,2TB_NVME_GEN4,342.52,Pangoly_History
10/28/2021,2TB_NVME_GEN4,341.23,Pangoly_History
10/29/2021,2TB_NVME_GEN4,341.23,Pangoly_History
10/30/2021,2TB_NVME_GEN4,348,Pangoly_History
10/31/2021,2TB_NVME_GEN4,353.51,Pangoly_History
11/1/2021,2TB_NVME_GEN4,354.34,Pangoly_History
11/2/2021,2TB_NVME_GEN4,345.85,Pangoly_History
11/3/2021,2TB_NVME_GEN4,343.87,Pangoly_History
11/4/2021,2TB_NVME_GEN4,349.42,Pangoly_History
11/5/2021,2TB_NVME_GEN4,345.15,Pangoly_History
11/6/2021,2TB_NVME_GEN4,346.96,Pangoly_History
11/7/2021,2TB_NVME_GEN4,344.43,Pangoly_History
11/8/2021,2TB_NVME_GEN4,340.93,Pangoly_History
11/9/2021,2TB_NVME_GEN4,345.22,Pangoly_History
11/10/2021,2TB_NVME_GEN4,347.44,Pangoly_History
11/11/2021,2TB_NVME_GEN4,342.05,Pangoly_History
11/12/2021,2TB_NVME_GEN4,341.3,Pangoly_History
11/13/2021,2TB_NVME_GEN4,349.44,Pangoly_History
11/14/2021,2TB_NVME_GEN4,336.27,Pangoly_History
11/15/2021,2TB_NVME_GEN4,345.55,Pangoly_History
11/16/2021,2TB_NVME_GEN4,352.32,Pangoly_History
11/17/2021,2TB_NVME_GEN4,340.45,Pangoly_History
11/18/2021,2TB_NVME_GEN4,341.15,Pangoly_History
11/19/2021,2TB_NVME_GEN4,337.18,Pangoly_History
11/20/2021,2TB_NVME_GEN4,335.29,Pangoly_History
11/21/2021,2TB_NVME_GEN4,350.41,Pangoly_History
11/22/2021,2TB_NVME_GEN4,328.26,Pangoly_History
11/23/2021,2TB_NVME_GEN4,334.41,Pangoly_History
11/24/2021,2TB_NVME_GEN4,332.21,Pangoly_History
11/25/2021,2TB_NVME_GEN4,340.4,Pangoly_History
11/26/2021,2TB_NVME_GEN4,340.31,Pangoly_History
11/27/2021,2TB_NVME_GEN4,339.84,Pangoly_History
11/28/2021,2TB_NVME_GEN4,335.18,Pangoly_History
11/29/2021,2TB_NVME_GEN4,326.25,Pangoly_History
11/30/2021,2TB_NVME_GEN4,327.85,Pangoly_History
12/1/2021,2TB_NVME_GEN4,338.85,Pangoly_History
12/2/2021,2TB_NVME_GEN4,333.34,Pangoly_History
12/3/2021,2TB_NVME_GEN4,328.6,Pangoly_History
12/4/2021,2TB_NVME_GEN4,337.89,Pangoly_History
12/5/2021,2TB_NVME_GEN4,340.18,Pangoly_History
12/6/2021,2TB_NVME_GEN4,340.49,Pangoly_History
12/7/2021,2TB_NVME_GEN4,324.09,Pangoly_History
12/8/2021,2TB_NVME_GEN4,329.21,Pangoly_History
12/9/2021,2TB_NVME_GEN4,321.32,Pangoly_History
12/10/2021,2TB_NVME_GEN4,323.5,Pangoly_History
12/11/2021,2TB_NVME_GEN4,327.12,Pangoly_History
12/12/2021,2TB_NVME_GEN4,326.36,Pangoly_History
12/13/2021,2TB_NVME_GEN4,327.11,Pangoly_History
12/14/2021,2TB_NVME_GEN4,325.63,Pangoly_History
12/15/2021,2TB_NVME_GEN4,321.08,Pangoly_History
12/16/2021,2TB_NVME_GEN4,322.62,Pangoly_History
12/17/2021,2TB_NVME_GEN4,312.03,Pangoly_History
12/18/2021,2TB_NVME_GEN4,307.34,Pangoly_History
12/19/2021,2TB_NVME_GEN4,325.19,Pangoly_History
12/20/2021,2TB_NVME_GEN4,302.9,Pangoly_History
12/21/2021,2TB_NVME_GEN4,316.45,Pangoly_History
12/22/2021,2TB_NVME_GEN4,315.5,Pangoly_History
12/23/2021,2TB_NVME_GEN4,315.6,Pangoly_History
12/24/2021,2TB_NVME_GEN4,315.6,Pangoly_History
12/25/2021,2TB_NVME_GEN4,329.09,Pangoly_History
12/26/2021,2TB_NVME_GEN4,332.14,Pangoly_History
12/27/2021,2TB_NVME_GEN4,332.63,Pangoly_History
12/28/2021,2TB_NVME_GEN4,330.56,Pangoly_History
12/29/2021,2TB_NVME_GEN4,328.99,Pangoly_History
12/30/2021,2TB_NVME_GEN4,328.5,Pangoly_History
12/31/2021,2TB_NVME_GEN4,329.86,Pangoly_History
1/1/2022,2TB_NVME_GEN4,334.06,Pangoly_History
1/2/2022,2TB_NVME_GEN4,336.16,Pangoly_History
1/3/2022,2TB_NVME_GEN4,329.32,Pangoly_History
1/4/2022,2TB_NVME_GEN4,330.88,Pangoly_History
1/5/2022,2TB_NVME_GEN4,335.3,Pangoly_History
1/6/2022,2TB_NVME_GEN4,334.39,Pangoly_History
1/7/2022,2TB_NVME_GEN4,335.35,Pangoly_History
1/8/2022,2TB_NVME_GEN4,334.44,Pangoly_History
1/9/2022,2TB_NVME_GEN4,343.28,Pangoly_History
1/10/2022,2TB_NVME_GEN4,342.03,Pangoly_History
1/11/2022,2TB_NVME_GEN4,337.4,Pangoly_History
1/12/2022,2TB_NVME_GEN4,337.64,Pangoly_History
1/13/2022,2TB_NVME_GEN4,335.48,Pangoly_History
1/14/2022,2TB_NVME_GEN4,330.4,Pangoly_History
1/15/2022,2TB_NVME_GEN4,329.15,Pangoly_History
1/16/2022,2TB_NVME_GEN4,330.71,Pangoly_History
1/17/2022,2TB_NVME_GEN4,330.41,Pangoly_History
1/18/2022,2TB_NVME_GEN4,319.59,Pangoly_History
1/19/2022,2TB_NVME_GEN4,319.09,Pangoly_History
1/20/2022,2TB_NVME_GEN4,321.91,Pangoly_History
1/21/2022,2TB_NVME_GEN4,321.91,Pangoly_History
1/22/2022,2TB_NVME_GEN4,324.48,Pangoly_History
1/23/2022,2TB_NVME_GEN4,320.7,Pangoly_History
1/24/2022,2TB_NVME_GEN4,325.21,Pangoly_History
1/25/2022,2TB_NVME_GEN4,319.75,Pangoly_History
1/26/2022,2TB_NVME_GEN4,320.46,Pangoly_History
1/27/2022,2TB_NVME_GEN4,316.42,Pangoly_History
1/28/2022,2TB_NVME_GEN4,316.44,Pangoly_History
1/29/2022,2TB_NVME_GEN4,324.37,Pangoly_History
1/30/2022,2TB_NVME_GEN4,321.02,Pangoly_History
1/31/2022,2TB_NVME_GEN4,320.11,Pangoly_History
2/1/2022,2TB_NVME_GEN4,318.58,Pangoly_History
2/2/2022,2TB_NVME_GEN4,320.85,Pangoly_History
2/3/2022,2TB_NVME_GEN4,321.61,Pangoly_History
2/4/2022,2TB_NVME_GEN4,320.64,Pangoly_History
2/5/2022,2TB_NVME_GEN4,312.9,Pangoly_History
2/6/2022,2TB_NVME_GEN4,321,Pangoly_History
2/7/2022,2TB_NVME_GEN4,312.77,Pangoly_History
2/8/2022,2TB_NVME_GEN4,312.34,Pangoly_History
2/9/2022,2TB_NVME_GEN4,303.09,Pangoly_History
2/10/2022,2TB_NVME_GEN4,301.53,Pangoly_History
2/11/2022,2TB_NVME_GEN4,309.8,Pangoly_History
2/12/2022,2TB_NVME_GEN4,322.57,Pangoly_History
2/13/2022,2TB_NVME_GEN4,319.21,Pangoly_History
2/14/2022,2TB_NVME_GEN4,307.91,Pangoly_History
2/15/2022,2TB_NVME_GEN4,315.2,Pangoly_History
2/16/2022,2TB_NVME_GEN4,306.68,Pangoly_History
2/17/2022,2TB_NVME_GEN4,305.39,Pangoly_History
2/18/2022,2TB_NVME_GEN4,305.37,Pangoly_History
2/19/2022,2TB_NVME_GEN4,302.89,Pangoly_History
2/20/2022,2TB_NVME_GEN4,303.67,Pangoly_History
2/21/2022,2TB_NVME_GEN4,318.1,Pangoly_History
2/22/2022,2TB_NVME_GEN4,307.28,Pangoly_History
2/23/2022,2TB_NVME_GEN4,317.02,Pangoly_History
2/24/2022,2TB_NVME_GEN4,307.39,Pangoly_History
2/25/2022,2TB_NVME_GEN4,304.4,Pangoly_History
2/26/2022,2TB_NVME_GEN4,316.05,Pangoly_History
2/27/2022,2TB_NVME_GEN4,313.74,Pangoly_History
2/28/2022,2TB_NVME_GEN4,321.48,Pangoly_History
3/1/2022,2TB_NVME_GEN4,318.61,Pangoly_History
3/2/2022,2TB_NVME_GEN4,314.66,Pangoly_History
3/3/2022,2TB_NVME_GEN4,314.28,Pangoly_History
3/4/2022,2TB_NVME_GEN4,311.35,Pangoly_History
3/5/2022,2TB_NVME_GEN4,308.74,Pangoly_History
3/6/2022,2TB_NVME_GEN4,311.89,Pangoly_History
3/7/2022,2TB_NVME_GEN4,305.07,Pangoly_History
3/8/2022,2TB_NVME_GEN4,304.85,Pangoly_History
3/9/2022,2TB_NVME_GEN4,308.06,Pangoly_History
3/10/2022,2TB_NVME_GEN4,311.19,Pangoly_History
3/11/2022,2TB_NVME_GEN4,310.09,Pangoly_History
3/12/2022,2TB_NVME_GEN4,309.55,Pangoly_History
3/13/2022,2TB_NVME_GEN4,316.36,Pangoly_History
3/14/2022,2TB_NVME_GEN4,309.07,Pangoly_History
3/15/2022,2TB_NVME_GEN4,313.96,Pangoly_History
3/16/2022,2TB_NVME_GEN4,308.08,Pangoly_History
3/17/2022,2TB_NVME_GEN4,309.56,Pangoly_History
3/18/2022,2TB_NVME_GEN4,309.21,Pangoly_History
3/19/2022,2TB_NVME_GEN4,309.31,Pangoly_History
3/20/2022,2TB_NVME_GEN4,311.59,Pangoly_History
3/21/2022,2TB_NVME_GEN4,308.71,Pangoly_History
3/22/2022,2TB_NVME_GEN4,306.28,Pangoly_History
3/23/2022,2TB_NVME_GEN4,307.71,Pangoly_History
3/24/2022,2TB_NVME_GEN4,307.4,Pangoly_History
3/25/2022,2TB_NVME_GEN4,304.09,Pangoly_History
3/26/2022,2TB_NVME_GEN4,310.84,Pangoly_History
3/27/2022,2TB_NVME_GEN4,308.13,Pangoly_History
3/28/2022,2TB_NVME_GEN4,307.69,Pangoly_History
3/29/2022,2TB_NVME_GEN4,307.86,Pangoly_History
3/30/2022,2TB_NVME_GEN4,304.7,Pangoly_History
3/31/2022,2TB_NVME_GEN4,300.24,Pangoly_History
4/1/2022,2TB_NVME_GEN4,302.25,Pangoly_History
4/2/2022,2TB_NVME_GEN4,313.65,Pangoly_History
4/3/2022,2TB_NVME_GEN4,304.46,Pangoly_History
4/4/2022,2TB_NVME_GEN4,301.07,Pangoly_History
4/5/2022,2TB_NVME_GEN4,300.86,Pangoly_History
4/6/2022,2TB_NVME_GEN4,300.71,Pangoly_History
4/7/2022,2TB_NVME_GEN4,299.66,Pangoly_History
4/8/2022,2TB_NVME_GEN4,300.62,Pangoly_History
4/9/2022,2TB_NVME_GEN4,302.56,Pangoly_History
4/10/2022,2TB_NVME_GEN4,300.13,Pangoly_History
4/11/2022,2TB_NVME_GEN4,300.33,Pangoly_History
4/12/2022,2TB_NVME_GEN4,299.96,Pangoly_History
4/13/2022,2TB_NVME_GEN4,299.91,Pangoly_History
4/14/2022,2TB_NVME_GEN4,301.74,Pangoly_History
4/15/2022,2TB_NVME_GEN4,302.47,Pangoly_History
4/16/2022,2TB_NVME_GEN4,308.21,Pangoly_History
4/17/2022,2TB_NVME_GEN4,303.56,Pangoly_History
4/18/2022,2TB_NVME_GEN4,303.21,Pangoly_History
4/19/2022,2TB_NVME_GEN4,298.96,Pangoly_History
4/20/2022,2TB_NVME_GEN4,298.59,Pangoly_History
4/21/2022,2TB_NVME_GEN4,298.12,Pangoly_History
4/22/2022,2TB_NVME_GEN4,298.33,Pangoly_History
4/23/2022,2TB_NVME_GEN4,290.38,Pangoly_History
4/24/2022,2TB_NVME_GEN4,289.77,Pangoly_History
4/25/2022,2TB_NVME_GEN4,287.91,Pangoly_History
4/26/2022,2TB_NVME_GEN4,290.47,Pangoly_History
4/27/2022,2TB_NVME_GEN4,292.35,Pangoly_History
4/28/2022,2TB_NVME_GEN4,288.95,Pangoly_History
4/29/2022,2TB_NVME_GEN4,287.6,Pangoly_History
4/30/2022,2TB_NVME_GEN4,307.88,Pangoly_History
5/1/2022,2TB_NVME_GEN4,302.3,Pangoly_History
5/2/2022,2TB_NVME_GEN4,306.56,Pangoly_History
5/3/2022,2TB_NVME_GEN4,286.72,Pangoly_History
5/4/2022,2TB_NVME_GEN4,289.01,Pangoly_History
5/5/2022,2TB_NVME_GEN4,290.98,Pangoly_History
5/6/2022,2TB_NVME_GEN4,290.95,Pangoly_History
5/7/2022,2TB_NVME_GEN4,287.56,Pangoly_History
5/8/2022,2TB_NVME_GEN4,286.65,Pangoly_History
5/9/2022,2TB_NVME_GEN4,288.38,Pangoly_History
5/10/2022,2TB_NVME_GEN4,288.66,Pangoly_History
5/11/2022,2TB_NVME_GEN4,287.37,Pangoly_History
5/12/2022,2TB_NVME_GEN4,287.91,Pangoly_History
5/13/2022,2TB_NVME_GEN4,288.13,Pangoly_History
5/14/2022,2TB_NVME_GEN4,288.55,Pangoly_History
5/15/2022,2TB_NVME_GEN4,285.02,Pangoly_History
5/16/2022,2TB_NVME_GEN4,285.79,Pangoly_History
5/17/2022,2TB_NVME_GEN4,283.21,Pangoly_History
5/18/2022,2TB_NVME_GEN4,281.23,Pangoly_History
5/19/2022,2TB_NVME_GEN4,280.47,Pangoly_History
5/20/2022,2TB_NVME_GEN4,269.39,Pangoly_History
5/21/2022,2TB_NVME_GEN4,269.49,Pangoly_History
5/22/2022,2TB_NVME_GEN4,271.09,Pangoly_History
5/23/2022,2TB_NVME_GEN4,274.41,Pangoly_History
5/24/2022,2TB_NVME_GEN4,274.41,Pangoly_History
5/25/2022,2TB_NVME_GEN4,274.86,Pangoly_History
5/26/2022,2TB_NVME_GEN4,274.91,Pangoly_History
5/27/2022,2TB_NVME_GEN4,273.2,Pangoly_History
5/28/2022,2TB_NVME_GEN4,274.11,Pangoly_History
5/29/2022,2TB_NVME_GEN4,273.38,Pangoly_History
5/30/2022,2TB_NVME_GEN4,272.3,Pangoly_History
5/31/2022,2TB_NVME_GEN4,277.02,Pangoly_History
6/1/2022,2TB_NVME_GEN4,276.45,Pangoly_History
6/2/2022,2TB_NVME_GEN4,276.95,Pangoly_History
6/3/2022,2TB_NVME_GEN4,277.82,Pangoly_History
6/4/2022,2TB_NVME_GEN4,282.35,Pangoly_History
6/5/2022,2TB_NVME_GEN4,277.77,Pangoly_History
6/6/2022,2TB_NVME_GEN4,276.92,Pangoly_History
6/7/2022,2TB_NVME_GEN4,274.02,Pangoly_History
6/8/2022,2TB_NVME_GEN4,271.5,Pangoly_History
6/9/2022,2TB_NVME_GEN4,269.91,Pangoly_History
6/10/2022,2TB_NVME_GEN4,270.3,Pangoly_History
6/11/2022,2TB_NVME_GEN4,270.2,Pangoly_History
6/12/2022,2TB_NVME_GEN4,267.12,Pangoly_History
6/13/2022,2TB_NVME_GEN4,268.78,Pangoly_History
6/14/2022,2TB_NVME_GEN4,269.1,Pangoly_History
6/15/2022,2TB_NVME_GEN4,268.75,Pangoly_History
6/16/2022,2TB_NVME_GEN4,265.45,Pangoly_History
6/17/2022,2TB_NVME_GEN4,265.13,Pangoly_History
6/18/2022,2TB_NVME_GEN4,264.37,Pangoly_History
6/19/2022,2TB_NVME_GEN4,264.08,Pangoly_History
6/20/2022,2TB_NVME_GEN4,265.88,Pangoly_History
6/21/2022,2TB_NVME_GEN4,263.38,Pangoly_History
6/22/2022,2TB_NVME_GEN4,263.59,Pangoly_History
6/23/2022,2TB_NVME_GEN4,263.46,Pangoly_History
6/24/2022,2TB_NVME_GEN4,265.18,Pangoly_History
6/25/2022,2TB_NVME_GEN4,264.22,Pangoly_History
6/26/2022,2TB_NVME_GEN4,264.73,Pangoly_History
6/27/2022,2TB_NVME_GEN4,263.96,Pangoly_History
6/28/2022,2TB_NVME_GEN4,264.22,Pangoly_History
6/29/2022,2TB_NVME_GEN4,264.02,Pangoly_History
6/30/2022,2TB_NVME_GEN4,265.36,Pangoly_History
7/1/2022,2TB_NVME_GEN4,266.55,Pangoly_History
7/2/2022,2TB_NVME_GEN4,266.72,Pangoly_History
7/3/2022,2TB_NVME_GEN4,266.27,Pangoly_History
7/4/2022,2TB_NVME_GEN4,266.11,Pangoly_History
7/5/2022,2TB_NVME_GEN4,264.53,Pangoly_History
7/6/2022,2TB_NVME_GEN4,264.24,Pangoly_History
7/7/2022,2TB_NVME_GEN4,264.8,Pangoly_History
7/8/2022,2TB_NVME_GEN4,263.86,Pangoly_History
7/9/2022,2TB_NVME_GEN4,265.32,Pangoly_History
7/10/2022,2TB_NVME_GEN4,260.77,Pangoly_History
7/11/2022,2TB_NVME_GEN4,255.49,Pangoly_History
7/12/2022,2TB_NVME_GEN4,253.17,Pangoly_History
7/13/2022,2TB_NVME_GEN4,259.12,Pangoly_History
7/14/2022,2TB_NVME_GEN4,257.93,Pangoly_History
7/15/2022,2TB_NVME_GEN4,258.4,Pangoly_History
7/16/2022,2TB_NVME_GEN4,257.27,Pangoly_History
7/17/2022,2TB_NVME_GEN4,258.42,Pangoly_History
7/18/2022,2TB_NVME_GEN4,256.54,Pangoly_History
7/19/2022,2TB_NVME_GEN4,256.98,Pangoly_History
7/20/2022,2TB_NVME_GEN4,252.56,Pangoly_History
7/21/2022,2TB_NVME_GEN4,252.35,Pangoly_History
7/22/2022,2TB_NVME_GEN4,252.54,Pangoly_History
7/23/2022,2TB_NVME_GEN4,245.51,Pangoly_History
7/24/2022,2TB_NVME_GEN4,247.4,Pangoly_History
7/25/2022,2TB_NVME_GEN4,246.48,Pangoly_History
7/26/2022,2TB_NVME_GEN4,244,Pangoly_History
7/27/2022,2TB_NVME_GEN4,246.43,Pangoly_History
7/28/2022,2TB_NVME_GEN4,249.38,Pangoly_History
7/29/2022,2TB_NVME_GEN4,248.3,Pangoly_History
7/30/2022,2TB_NVME_GEN4,246.81,Pangoly_History
7/31/2022,2TB_NVME_GEN4,250.09,Pangoly_History
8/1/2022,2TB_NVME_GEN4,254.4,Pangoly_History
8/2/2022,2TB_NVME_GEN4,253.15,Pangoly_History
8/3/2022,2TB_NVME_GEN4,254.69,Pangoly_History
8/4/2022,2TB_NVME_GEN4,246.92,Pangoly_History
8/5/2022,2TB_NVME_GEN4,238.96,Pangoly_History
8/6/2022,2TB_NVME_GEN4,238.73,Pangoly_History
8/7/2022,2TB_NVME_GEN4,238.28,Pangoly_History
8/8/2022,2TB_NVME_GEN4,237.79,Pangoly_History
8/9/2022,2TB_NVME_GEN4,235.75,Pangoly_History
8/10/2022,2TB_NVME_GEN4,233.03,Pangoly_History
8/11/2022,2TB_NVME_GEN4,236.36,Pangoly_History
8/12/2022,2TB_NVME_GEN4,238.93,Pangoly_History
8/13/2022,2TB_NVME_GEN4,242.07,Pangoly_History
8/14/2022,2TB_NVME_GEN4,247.59,Pangoly_History
8/15/2022,2TB_NVME_GEN4,251.54,Pangoly_History
8/16/2022,2TB_NVME_GEN4,241.89,Pangoly_History
8/17/2022,2TB_NVME_GEN4,241.77,Pangoly_History
8/18/2022,2TB_NVME_GEN4,241.51,Pangoly_History
8/19/2022,2TB_NVME_GEN4,242.95,Pangoly_History
8/20/2022,2TB_NVME_GEN4,243.19,Pangoly_History
8/21/2022,2TB_NVME_GEN4,240.9,Pangoly_History
8/22/2022,2TB_NVME_GEN4,246.43,Pangoly_History
8/23/2022,2TB_NVME_GEN4,241.56,Pangoly_History
8/24/2022,2TB_NVME_GEN4,246.79,Pangoly_History
8/25/2022,2TB_NVME_GEN4,243.94,Pangoly_History
8/26/2022,2TB_NVME_GEN4,240.16,Pangoly_History
8/27/2022,2TB_NVME_GEN4,245.95,Pangoly_History
8/28/2022,2TB_NVME_GEN4,246.76,Pangoly_History
8/29/2022,2TB_NVME_GEN4,248.39,Pangoly_History
8/30/2022,2TB_NVME_GEN4,242.56,Pangoly_History
8/31/2022,2TB_NVME_GEN4,240.01,Pangoly_History
9/1/2022,2TB_NVME_GEN4,239.37,Pangoly_History
9/2/2022,2TB_NVME_GEN4,241.68,Pangoly_History
9/3/2022,2TB_NVME_GEN4,245.66,Pangoly_History
9/4/2022,2TB_NVME_GEN4,242.11,Pangoly_History
9/5/2022,2TB_NVME_GEN4,245.76,Pangoly_History
9/6/2022,2TB_NVME_GEN4,245.95,Pangoly_History
9/7/2022,2TB_NVME_GEN4,243.48,Pangoly_History
9/8/2022,2TB_NVME_GEN4,244.22,Pangoly_History
9/9/2022,2TB_NVME_GEN4,245.52,Pangoly_History
9/10/2022,2TB_NVME_GEN4,245.02,Pangoly_History
9/11/2022,2TB_NVME_GEN4,242.92,Pangoly_History
9/12/2022,2TB_NVME_GEN4,237.52,Pangoly_History
9/13/2022,2TB_NVME_GEN4,238.65,Pangoly_History
9/14/2022,2TB_NVME_GEN4,235.4,Pangoly_History
9/15/2022,2TB_NVME_GEN4,236.01,Pangoly_History
9/16/2022,2TB_NVME_GEN4,238.31,Pangoly_History
9/17/2022,2TB_NVME_GEN4,241.4,Pangoly_History
9/18/2022,2TB_NVME_GEN4,246.34,Pangoly_History
9/19/2022,2TB_NVME_GEN4,238.09,Pangoly_History
9/20/2022,2TB_NVME_GEN4,243.26,Pangoly_History
9/21/2022,2TB_NVME_GEN4,238.11,Pangoly_History
9/22/2022,2TB_NVME_GEN4,238.18,Pangoly_History
9/23/2022,2TB_NVME_GEN4,245.34,Pangoly_History
9/24/2022,2TB_NVME_GEN4,243.42,Pangoly_History
9/25/2022,2TB_NVME_GEN4,238.89,Pangoly_History
9/26/2022,2TB_NVME_GEN4,237.63,Pangoly_History
9/27/2022,2TB_NVME_GEN4,241.52,Pangoly_History
9/28/2022,2TB_NVME_GEN4,242.59,Pangoly_History
9/29/2022,2TB_NVME_GEN4,242.51,Pangoly_History
9/30/2022,2TB_NVME_GEN4,248.65,Pangoly_History
10/1/2022,2TB_NVME_GEN4,250.54,Pangoly_History
10/2/2022,2TB_NVME_GEN4,244.76,Pangoly_History
10/3/2022,2TB_NVME_GEN4,252.95,Pangoly_History
10/4/2022,2TB_NVME_GEN4,248.81,Pangoly_History
10/5/2022,2TB_NVME_GEN4,245.48,Pangoly_History
10/6/2022,2TB_NVME_GEN4,245.01,Pangoly_History
10/7/2022,2TB_NVME_GEN4,247.72,Pangoly_History
10/8/2022,2TB_NVME_GEN4,242.18,Pangoly_History
10/9/2022,2TB_NVME_GEN4,245.54,Pangoly_History
10/10/2022,2TB_NVME_GEN4,244.77,Pangoly_History
10/11/2022,2TB_NVME_GEN4,243.57,Pangoly_History
10/12/2022,2TB_NVME_GEN4,239.1,Pangoly_History
10/13/2022,2TB_NVME_GEN4,241.39,Pangoly_History
10/14/2022,2TB_NVME_GEN4,243.55,Pangoly_History
10/15/2022,2TB_NVME_GEN4,241.05,Pangoly_History
10/16/2022,2TB_NVME_GEN4,239.79,Pangoly_History
10/17/2022,2TB_NVME_GEN4,243.93,Pangoly_History
10/18/2022,2TB_NVME_GEN4,247.41,Pangoly_History
10/19/2022,2TB_NVME_GEN4,244,Pangoly_History
10/20/2022,2TB_NVME_GEN4,237.96,Pangoly_History
10/21/2022,2TB_NVME_GEN4,247.3,Pangoly_History
10/22/2022,2TB_NVME_GEN4,249.06,Pangoly_History
10/23/2022,2TB_NVME_GEN4,244.1,Pangoly_History
10/24/2022,2TB_NVME_GEN4,246.31,Pangoly_History
10/25/2022,2TB_NVME_GEN4,245.96,Pangoly_History
10/26/2022,2TB_NVME_GEN4,247.08,Pangoly_History
10/27/2022,2TB_NVME_GEN4,245.33,Pangoly_History
10/28/2022,2TB_NVME_GEN4,245.57,Pangoly_History
10/29/2022,2TB_NVME_GEN4,254.08,Pangoly_History
10/30/2022,2TB_NVME_GEN4,245.37,Pangoly_History
10/31/2022,2TB_NVME_GEN4,248.01,Pangoly_History
11/1/2022,2TB_NVME_GEN4,246.09,Pangoly_History
11/2/2022,2TB_NVME_GEN4,245.6,Pangoly_History
11/3/2022,2TB_NVME_GEN4,245.69,Pangoly_History
11/4/2022,2TB_NVME_GEN4,243.72,Pangoly_History
11/5/2022,2TB_NVME_GEN4,244.75,Pangoly_History
11/6/2022,2TB_NVME_GEN4,244.75,Pangoly_History
11/7/2022,2TB_NVME_GEN4,244.75,Pangoly_History
11/8/2022,2TB_NVME_GEN4,232.67,Pangoly_History
11/9/2022,2TB_NVME_GEN4,241.3,Pangoly_History
11/10/2022,2TB_NVME_GEN4,243.68,Pangoly_History
11/11/2022,2TB_NVME_GEN4,243.72,Pangoly_History
11/12/2022,2TB_NVME_GEN4,239.02,Pangoly_History
11/13/2022,2TB_NVME_GEN4,236.85,Pangoly_History
11/14/2022,2TB_NVME_GEN4,232.35,Pangoly_History
11/15/2022,2TB_NVME_GEN4,235.99,Pangoly_History
11/16/2022,2TB_NVME_GEN4,229.98,Pangoly_History
11/17/2022,2TB_NVME_GEN4,227.8,Pangoly_History
11/18/2022,2TB_NVME_GEN4,229.29,Pangoly_History
11/19/2022,2TB_NVME_GEN4,230.25,Pangoly_History
11/20/2022,2TB_NVME_GEN4,226.48,Pangoly_History
11/21/2022,2TB_NVME_GEN4,223.95,Pangoly_History
11/22/2022,2TB_NVME_GEN4,224.35,Pangoly_History
11/23/2022,2TB_NVME_GEN4,227.2,Pangoly_History
11/24/2022,2TB_NVME_GEN4,225.7,Pangoly_History
11/25/2022,2TB_NVME_GEN4,233.58,Pangoly_History
11/26/2022,2TB_NVME_GEN4,233.46,Pangoly_History
11/27/2022,2TB_NVME_GEN4,227.85,Pangoly_History
11/28/2022,2TB_NVME_GEN4,232.58,Pangoly_History
11/29/2022,2TB_NVME_GEN4,234,Pangoly_History
11/30/2022,2TB_NVME_GEN4,239.81,Pangoly_History
12/1/2022,2TB_NVME_GEN4,238.2,Pangoly_History
12/2/2022,2TB_NVME_GEN4,242.74,Pangoly_History
12/3/2022,2TB_NVME_GEN4,243.72,Pangoly_History
12/4/2022,2TB_NVME_GEN4,238.57,Pangoly_History
12/5/2022,2TB_NVME_GEN4,240.22,Pangoly_History
12/6/2022,2TB_NVME_GEN4,239.08,Pangoly_History
12/7/2022,2TB_NVME_GEN4,240.37,Pangoly_History
12/8/2022,2TB_NVME_GEN4,239.61,Pangoly_History
12/9/2022,2TB_NVME_GEN4,239.24,Pangoly_History
12/10/2022,2TB_NVME_GEN4,238.23,Pangoly_History
12/11/2022,2TB_NVME_GEN4,235.84,Pangoly_History
12/12/2022,2TB_NVME_GEN4,237.37,Pangoly_History
12/13/2022,2TB_NVME_GEN4,232.13,Pangoly_History
12/14/2022,2TB_NVME_GEN4,231.65,Pangoly_History
12/15/2022,2TB_NVME_GEN4,226.2,Pangoly_History
12/16/2022,2TB_NVME_GEN4,233.48,Pangoly_History
12/17/2022,2TB_NVME_GEN4,233.41,Pangoly_History
12/18/2022,2TB_NVME_GEN4,228.15,Pangoly_History
12/19/2022,2TB_NVME_GEN4,231.21,Pangoly_History
12/20/2022,2TB_NVME_GEN4,233.87,Pangoly_History
12/21/2022,2TB_NVME_GEN4,230.53,Pangoly_History
12/22/2022,2TB_NVME_GEN4,230.95,Pangoly_History
12/23/2022,2TB_NVME_GEN4,235.02,Pangoly_History
12/24/2022,2TB_NVME_GEN4,233.58,Pangoly_History
12/25/2022,2TB_NVME_GEN4,231.67,Pangoly_History
12/26/2022,2TB_NVME_GEN4,232.12,Pangoly_History
12/27/2022,2TB_NVME_GEN4,229.12,Pangoly_History
12/28/2022,2TB_NVME_GEN4,231.06,Pangoly_History
12/29/2022,2TB_NVME_GEN4,228.96,Pangoly_History
12/30/2022,2TB_NVME_GEN4,230.32,Pangoly_History
12/31/2022,2TB_NVME_GEN4,238.07,Pangoly_History
1/1/2023,2TB_NVME_GEN4,240.86,Pangoly_History
1/2/2023,2TB_NVME_GEN4,241.56,Pangoly_History
1/3/2023,2TB_NVME_GEN4,240.38,Pangoly_History
1/4/2023,2TB_NVME_GEN4,238.39,Pangoly_History
1/5/2023,2TB_NVME_GEN4,235.13,Pangoly_History
1/6/2023,2TB_NVME_GEN4,238.98,Pangoly_History
1/7/2023,2TB_NVME_GEN4,238.69,Pangoly_History
1/8/2023,2TB_NVME_GEN4,240.24,Pangoly_History
1/9/2023,2TB_NVME_GEN4,238.59,Pangoly_History
1/10/2023,2TB_NVME_GEN4,235.12,Pangoly_History
1/11/2023,2TB_NVME_GEN4,235.08,Pangoly_History
1/12/2023,2TB_NVME_GEN4,234.96,Pangoly_History
1/13/2023,2TB_NVME_GEN4,238.81,Pangoly_History
1/14/2023,2TB_NVME_GEN4,238.39,Pangoly_History
1/15/2023,2TB_NVME_GEN4,231.61,Pangoly_History
1/16/2023,2TB_NVME_GEN4,233.72,Pangoly_History
1/17/2023,2TB_NVME_GEN4,235.14,Pangoly_History
1/18/2023,2TB_NVME_GEN4,231.46,Pangoly_History
1/19/2023,2TB_NVME_GEN4,230.49,Pangoly_History
1/20/2023,2TB_NVME_GEN4,231.16,Pangoly_History
1/21/2023,2TB_NVME_GEN4,232.34,Pangoly_History
1/22/2023,2TB_NVME_GEN4,229.22,Pangoly_History
1/23/2023,2TB_NVME_GEN4,222.27,Pangoly_History
1/24/2023,2TB_NVME_GEN4,219.45,Pangoly_History
1/25/2023,2TB_NVME_GEN4,218.42,Pangoly_History
1/26/2023,2TB_NVME_GEN4,219.22,Pangoly_History
1/27/2023,2TB_NVME_GEN4,226.56,Pangoly_History
1/28/2023,2TB_NVME_GEN4,226.91,Pangoly_History
1/29/2023,2TB_NVME_GEN4,221.18,Pangoly_History
1/30/2023,2TB_NVME_GEN4,222.55,Pangoly_History
1/31/2023,2TB_NVME_GEN4,218.68,Pangoly_History
2/1/2023,2TB_NVME_GEN4,222.66,Pangoly_History
2/2/2023,2TB_NVME_GEN4,224.71,Pangoly_History
2/3/2023,2TB_NVME_GEN4,219.43,Pangoly_History
2/4/2023,2TB_NVME_GEN4,220.82,Pangoly_History
2/5/2023,2TB_NVME_GEN4,220.4,Pangoly_History
2/6/2023,2TB_NVME_GEN4,222.08,Pangoly_History
2/7/2023,2TB_NVME_GEN4,219.22,Pangoly_History
2/8/2023,2TB_NVME_GEN4,216.23,Pangoly_History
2/9/2023,2TB_NVME_GEN4,213.86,Pangoly_History
2/10/2023,2TB_NVME_GEN4,218.47,Pangoly_History
2/11/2023,2TB_NVME_GEN4,216.34,Pangoly_History
2/12/2023,2TB_NVME_GEN4,208.79,Pangoly_History
2/13/2023,2TB_NVME_GEN4,211.56,Pangoly_History
2/14/2023,2TB_NVME_GEN4,212.43,Pangoly_History
2/15/2023,2TB_NVME_GEN4,210.47,Pangoly_History
2/16/2023,2TB_NVME_GEN4,213.24,Pangoly_History
2/17/2023,2TB_NVME_GEN4,212.82,Pangoly_History
2/18/2023,2TB_NVME_GEN4,211.86,Pangoly_History
2/19/2023,2TB_NVME_GEN4,209.75,Pangoly_History
2/20/2023,2TB_NVME_GEN4,210.25,Pangoly_History
2/21/2023,2TB_NVME_GEN4,210.13,Pangoly_History
2/22/2023,2TB_NVME_GEN4,210.44,Pangoly_History
2/23/2023,2TB_NVME_GEN4,212.18,Pangoly_History
2/24/2023,2TB_NVME_GEN4,213.17,Pangoly_History
2/25/2023,2TB_NVME_GEN4,212.17,Pangoly_History
2/26/2023,2TB_NVME_GEN4,213.68,Pangoly_History
2/27/2023,2TB_NVME_GEN4,210.65,Pangoly_History
2/28/2023,2TB_NVME_GEN4,210.07,Pangoly_History
3/1/2023,2TB_NVME_GEN4,212.53,Pangoly_History
3/2/2023,2TB_NVME_GEN4,214.18,Pangoly_History
3/3/2023,2TB_NVME_GEN4,213.58,Pangoly_History
3/4/2023,2TB_NVME_GEN4,211.14,Pangoly_History
3/5/2023,2TB_NVME_GEN4,206.54,Pangoly_History
3/6/2023,2TB_NVME_GEN4,205.81,Pangoly_History
3/7/2023,2TB_NVME_GEN4,206.93,Pangoly_History
3/8/2023,2TB_NVME_GEN4,204.05,Pangoly_History
3/9/2023,2TB_NVME_GEN4,206.45,Pangoly_History
3/10/2023,2TB_NVME_GEN4,207.42,Pangoly_History
3/11/2023,2TB_NVME_GEN4,207.27,Pangoly_History
3/12/2023,2TB_NVME_GEN4,205.36,Pangoly_History
3/13/2023,2TB_NVME_GEN4,205.91,Pangoly_History
3/14/2023,2TB_NVME_GEN4,206.43,Pangoly_History
3/15/2023,2TB_NVME_GEN4,205.73,Pangoly_History
3/16/2023,2TB_NVME_GEN4,199.41,Pangoly_History
3/17/2023,2TB_NVME_GEN4,203.27,Pangoly_History
3/18/2023,2TB_NVME_GEN4,203.05,Pangoly_History
3/19/2023,2TB_NVME_GEN4,193.32,Pangoly_History
3/20/2023,2TB_NVME_GEN4,192.46,Pangoly_History
3/21/2023,2TB_NVME_GEN4,193.5,Pangoly_History
3/22/2023,2TB_NVME_GEN4,193,Pangoly_History
3/23/2023,2TB_NVME_GEN4,188.98,Pangoly_History
3/24/2023,2TB_NVME_GEN4,189.1,Pangoly_History
3/25/2023,2TB_NVME_GEN4,193.2,Pangoly_History
3/26/2023,2TB_NVME_GEN4,191.07,Pangoly_History
3/27/2023,2TB_NVME_GEN4,195.83,Pangoly_History
3/28/2023,2TB_NVME_GEN4,192.91,Pangoly_History
3/29/2023,2TB_NVME_GEN4,193.09,Pangoly_History
3/30/2023,2TB_NVME_GEN4,185.85,Pangoly_History
3/31/2023,2TB_NVME_GEN4,193.77,Pangoly_History
4/1/2023,2TB_NVME_GEN4,187.66,Pangoly_History
4/2/2023,2TB_NVME_GEN4,178.64,Pangoly_History
4/3/2023,2TB_NVME_GEN4,176.11,Pangoly_History
4/4/2023,2TB_NVME_GEN4,175.1,Pangoly_History
4/5/2023,2TB_NVME_GEN4,175.22,Pangoly_History
4/6/2023,2TB_NVME_GEN4,183.11,Pangoly_History
4/7/2023,2TB_NVME_GEN4,182.74,Pangoly_History
4/8/2023,2TB_NVME_GEN4,182.75,Pangoly_History
4/9/2023,2TB_NVME_GEN4,179.8,Pangoly_History
4/10/2023,2TB_NVME_GEN4,177.13,Pangoly_History
4/11/2023,2TB_NVME_GEN4,181.61,Pangoly_History
4/12/2023,2TB_NVME_GEN4,180.91,Pangoly_History
4/13/2023,2TB_NVME_GEN4,179.35,Pangoly_History
4/14/2023,2TB_NVME_GEN4,180.01,Pangoly_History
4/15/2023,2TB_NVME_GEN4,181.31,Pangoly_History
4/16/2023,2TB_NVME_GEN4,180.86,Pangoly_History
4/17/2023,2TB_NVME_GEN4,180.75,Pangoly_History
4/18/2023,2TB_NVME_GEN4,178.69,Pangoly_History
4/19/2023,2TB_NVME_GEN4,172.95,Pangoly_History
4/20/2023,2TB_NVME_GEN4,171.81,Pangoly_History
4/21/2023,2TB_NVME_GEN4,171.53,Pangoly_History
4/22/2023,2TB_NVME_GEN4,171.22,Pangoly_History
4/23/2023,2TB_NVME_GEN4,170.6,Pangoly_History
4/24/2023,2TB_NVME_GEN4,170.09,Pangoly_History
4/25/2023,2TB_NVME_GEN4,172.28,Pangoly_History
4/26/2023,2TB_NVME_GEN4,173.69,Pangoly_History
4/27/2023,2TB_NVME_GEN4,170.72,Pangoly_History
4/28/2023,2TB_NVME_GEN4,172.55,Pangoly_History
4/29/2023,2TB_NVME_GEN4,173.17,Pangoly_History
4/30/2023,2TB_NVME_GEN4,171.44,Pangoly_History
5/1/2023,2TB_NVME_GEN4,168.81,Pangoly_History
5/2/2023,2TB_NVME_GEN4,167.59,Pangoly_History
5/3/2023,2TB_NVME_GEN4,168.23,Pangoly_History
5/4/2023,2TB_NVME_GEN4,168.35,Pangoly_History
5/5/2023,2TB_NVME_GEN4,169.82,Pangoly_History
5/6/2023,2TB_NVME_GEN4,170.05,Pangoly_History
5/7/2023,2TB_NVME_GEN4,166.88,Pangoly_History
5/8/2023,2TB_NVME_GEN4,166.81,Pangoly_History
5/9/2023,2TB_NVME_GEN4,166.84,Pangoly_History
5/10/2023,2TB_NVME_GEN4,165.97,Pangoly_History
5/11/2023,2TB_NVME_GEN4,164.8,Pangoly_History
5/12/2023,2TB_NVME_GEN4,167.21,Pangoly_History
5/13/2023,2TB_NVME_GEN4,169.22,Pangoly_History
5/14/2023,2TB_NVME_GEN4,165.55,Pangoly_History
5/15/2023,2TB_NVME_GEN4,166.28,Pangoly_History
5/16/2023,2TB_NVME_GEN4,163.91,Pangoly_History
5/17/2023,2TB_NVME_GEN4,164.14,Pangoly_History
5/18/2023,2TB_NVME_GEN4,162.4,Pangoly_History
5/19/2023,2TB_NVME_GEN4,163.57,Pangoly_History
5/20/2023,2TB_NVME_GEN4,169.11,Pangoly_History
5/21/2023,2TB_NVME_GEN4,160.54,Pangoly_History
5/22/2023,2TB_NVME_GEN4,151.04,Pangoly_History
5/23/2023,2TB_NVME_GEN4,150.33,Pangoly_History
5/24/2023,2TB_NVME_GEN4,162.3,Pangoly_History
5/25/2023,2TB_NVME_GEN4,161.44,Pangoly_History
5/26/2023,2TB_NVME_GEN4,160.06,Pangoly_History
5/27/2023,2TB_NVME_GEN4,166.19,Pangoly_History
5/28/2023,2TB_NVME_GEN4,159.15,Pangoly_History
5/29/2023,2TB_NVME_GEN4,157.19,Pangoly_History
5/30/2023,2TB_NVME_GEN4,162.89,Pangoly_History
5/31/2023,2TB_NVME_GEN4,154.82,Pangoly_History
6/1/2023,2TB_NVME_GEN4,153.31,Pangoly_History
6/2/2023,2TB_NVME_GEN4,160.18,Pangoly_History
6/3/2023,2TB_NVME_GEN4,164.74,Pangoly_History
6/4/2023,2TB_NVME_GEN4,158.33,Pangoly_History
6/5/2023,2TB_NVME_GEN4,158.82,Pangoly_History
6/6/2023,2TB_NVME_GEN4,157.35,Pangoly_History
6/7/2023,2TB_NVME_GEN4,156.35,Pangoly_History
6/8/2023,2TB_NVME_GEN4,150.6,Pangoly_History
6/9/2023,2TB_NVME_GEN4,166.27,Pangoly_History
6/10/2023,2TB_NVME_GEN4,163.48,Pangoly_History
6/11/2023,2TB_NVME_GEN4,162.34,Pangoly_History
6/12/2023,2TB_NVME_GEN4,159.32,Pangoly_History
6/13/2023,2TB_NVME_GEN4,158.84,Pangoly_History
6/14/2023,2TB_NVME_GEN4,156.05,Pangoly_History
6/15/2023,2TB_NVME_GEN4,159.97,Pangoly_History
6/16/2023,2TB_NVME_GEN4,159.04,Pangoly_History
6/17/2023,2TB_NVME_GEN4,158.74,Pangoly_History
6/18/2023,2TB_NVME_GEN4,151.62,Pangoly_History
6/19/2023,2TB_NVME_GEN4,151.47,Pangoly_History
6/20/2023,2TB_NVME_GEN4,143.86,Pangoly_History
6/21/2023,2TB_NVME_GEN4,143.68,Pangoly_History
6/22/2023,2TB_NVME_GEN4,144.27,Pangoly_History
6/23/2023,2TB_NVME_GEN4,150.55,Pangoly_History
6/24/2023,2TB_NVME_GEN4,155.2,Pangoly_History
6/25/2023,2TB_NVME_GEN4,156.76,Pangoly_History
6/26/2023,2TB_NVME_GEN4,155.84,Pangoly_History
6/27/2023,2TB_NVME_GEN4,155.71,Pangoly_History
6/28/2023,2TB_NVME_GEN4,153.68,Pangoly_History
6/29/2023,2TB_NVME_GEN4,146.12,Pangoly_History
6/30/2023,2TB_NVME_GEN4,149.64,Pangoly_History
7/1/2023,2TB_NVME_GEN4,154.32,Pangoly_History
7/2/2023,2TB_NVME_GEN4,145.48,Pangoly_History
7/3/2023,2TB_NVME_GEN4,144.94,Pangoly_History
7/4/2023,2TB_NVME_GEN4,143.28,Pangoly_History
7/5/2023,2TB_NVME_GEN4,141.2,Pangoly_History
7/6/2023,2TB_NVME_GEN4,139.25,Pangoly_History
7/7/2023,2TB_NVME_GEN4,140.4,Pangoly_History
7/8/2023,2TB_NVME_GEN4,143.26,Pangoly_History
7/9/2023,2TB_NVME_GEN4,139.09,Pangoly_History
7/10/2023,2TB_NVME_GEN4,136.9,Pangoly_History
7/11/2023,2TB_NVME_GEN4,136.43,Pangoly_History
7/12/2023,2TB_NVME_GEN4,136.94,Pangoly_History
7/13/2023,2TB_NVME_GEN4,138.08,Pangoly_History
7/14/2023,2TB_NVME_GEN4,140.21,Pangoly_History
7/15/2023,2TB_NVME_GEN4,139.95,Pangoly_History
7/16/2023,2TB_NVME_GEN4,137.1,Pangoly_History
7/17/2023,2TB_NVME_GEN4,137.68,Pangoly_History
7/18/2023,2TB_NVME_GEN4,134.75,Pangoly_History
7/19/2023,2TB_NVME_GEN4,134.61,Pangoly_History
7/20/2023,2TB_NVME_GEN4,133.23,Pangoly_History
7/21/2023,2TB_NVME_GEN4,136.18,Pangoly_History
7/22/2023,2TB_NVME_GEN4,135.67,Pangoly_History
7/23/2023,2TB_NVME_GEN4,137.03,Pangoly_History
7/24/2023,2TB_NVME_GEN4,131.79,Pangoly_History
7/25/2023,2TB_NVME_GEN4,134.31,Pangoly_History
7/26/2023,2TB_NVME_GEN4,133.01,Pangoly_History
7/27/2023,2TB_NVME_GEN4,132.34,Pangoly_History
7/28/2023,2TB_NVME_GEN4,135.56,Pangoly_History
7/29/2023,2TB_NVME_GEN4,134.21,Pangoly_History
7/30/2023,2TB_NVME_GEN4,137.9,Pangoly_History
7/31/2023,2TB_NVME_GEN4,138.71,Pangoly_History
8/1/2023,2TB_NVME_GEN4,136.18,Pangoly_History
8/2/2023,2TB_NVME_GEN4,135.28,Pangoly_History
8/3/2023,2TB_NVME_GEN4,136.19,Pangoly_History
8/4/2023,2TB_NVME_GEN4,135.6,Pangoly_History
8/5/2023,2TB_NVME_GEN4,136.86,Pangoly_History
8/6/2023,2TB_NVME_GEN4,135.87,Pangoly_History
8/7/2023,2TB_NVME_GEN4,133.7,Pangoly_History
8/8/2023,2TB_NVME_GEN4,133.12,Pangoly_History
8/9/2023,2TB_NVME_GEN4,132.76,Pangoly_History
8/10/2023,2TB_NVME_GEN4,133.64,Pangoly_History
8/11/2023,2TB_NVME_GEN4,133.92,Pangoly_History
8/12/2023,2TB_NVME_GEN4,137.33,Pangoly_History
8/13/2023,2TB_NVME_GEN4,133.6,Pangoly_History
8/14/2023,2TB_NVME_GEN4,132.51,Pangoly_History
8/15/2023,2TB_NVME_GEN4,129.19,Pangoly_History
8/16/2023,2TB_NVME_GEN4,132.85,Pangoly_History
8/17/2023,2TB_NVME_GEN4,132.62,Pangoly_History
8/18/2023,2TB_NVME_GEN4,132.57,Pangoly_History
8/19/2023,2TB_NVME_GEN4,133.99,Pangoly_History
8/20/2023,2TB_NVME_GEN4,134.32,Pangoly_History
8/21/2023,2TB_NVME_GEN4,134.33,Pangoly_History
8/22/2023,2TB_NVME_GEN4,134.39,Pangoly_History
8/23/2023,2TB_NVME_GEN4,132.86,Pangoly_History
8/24/2023,2TB_NVME_GEN4,132.96,Pangoly_History
8/25/2023,2TB_NVME_GEN4,133.12,Pangoly_History
8/26/2023,2TB_NVME_GEN4,134.39,Pangoly_History
8/27/2023,2TB_NVME_GEN4,131.02,Pangoly_History
8/28/2023,2TB_NVME_GEN4,131.62,Pangoly_History
8/29/2023,2TB_NVME_GEN4,132.14,Pangoly_History
8/30/2023,2TB_NVME_GEN4,127.92,Pangoly_History
8/31/2023,2TB_NVME_GEN4,127.92,Pangoly_History
9/1/2023,2TB_NVME_GEN4,127.92,Pangoly_History
9/2/2023,2TB_NVME_GEN4,127.92,Pangoly_History
9/3/2023,2TB_NVME_GEN4,131.95,Pangoly_History
9/4/2023,2TB_NVME_GEN4,132.32,Pangoly_History
9/5/2023,2TB_NVME_GEN4,131.55,Pangoly_History
9/6/2023,2TB_NVME_GEN4,131.35,Pangoly_History
9/7/2023,2TB_NVME_GEN4,129.91,Pangoly_History
9/8/2023,2TB_NVME_GEN4,128.9,Pangoly_History
9/9/2023,2TB_NVME_GEN4,129.47,Pangoly_History
9/10/2023,2TB_NVME_GEN4,127.94,Pangoly_History
9/11/2023,2TB_NVME_GEN4,126.03,Pangoly_History
9/12/2023,2TB_NVME_GEN4,126.04,Pangoly_History
9/13/2023,2TB_NVME_GEN4,126.09,Pangoly_History
9/14/2023,2TB_NVME_GEN4,126.51,Pangoly_History
9/15/2023,2TB_NVME_GEN4,128.92,Pangoly_History
9/16/2023,2TB_NVME_GEN4,130.32,Pangoly_History
9/17/2023,2TB_NVME_GEN4,131.08,Pangoly_History
9/18/2023,2TB_NVME_GEN4,128.81,Pangoly_History
9/19/2023,2TB_NVME_GEN4,129.24,Pangoly_History
9/20/2023,2TB_NVME_GEN4,128.15,Pangoly_History
9/21/2023,2TB_NVME_GEN4,128.22,Pangoly_History
9/22/2023,2TB_NVME_GEN4,129.56,Pangoly_History
9/23/2023,2TB_NVME_GEN4,129.8,Pangoly_History
9/24/2023,2TB_NVME_GEN4,130.13,Pangoly_History
9/25/2023,2TB_NVME_GEN4,129.39,Pangoly_History
9/26/2023,2TB_NVME_GEN4,128.85,Pangoly_History
9/27/2023,2TB_NVME_GEN4,129.13,Pangoly_History
9/28/2023,2TB_NVME_GEN4,129.34,Pangoly_History
9/29/2023,2TB_NVME_GEN4,131.8,Pangoly_History
9/30/2023,2TB_NVME_GEN4,134.16,Pangoly_History
10/1/2023,2TB_NVME_GEN4,133.2,Pangoly_History
10/2/2023,2TB_NVME_GEN4,132.04,Pangoly_History
10/3/2023,2TB_NVME_GEN4,131.5,Pangoly_History
10/4/2023,2TB_NVME_GEN4,130.86,Pangoly_History
10/5/2023,2TB_NVME_GEN4,129.71,Pangoly_History
10/6/2023,2TB_NVME_GEN4,130.1,Pangoly_History
10/7/2023,2TB_NVME_GEN4,129.38,Pangoly_History
10/8/2023,2TB_NVME_GEN4,129.28,Pangoly_History
10/9/2023,2TB_NVME_GEN4,129.12,Pangoly_History
10/10/2023,2TB_NVME_GEN4,129,Pangoly_History
10/11/2023,2TB_NVME_GEN4,129.06,Pangoly_History
10/12/2023,2TB_NVME_GEN4,127.97,Pangoly_History
10/13/2023,2TB_NVME_GEN4,128.38,Pangoly_History
10/14/2023,2TB_NVME_GEN4,129.5,Pangoly_History
10/15/2023,2TB_NVME_GEN4,132.42,Pangoly_History
10/16/2023,2TB_NVME_GEN4,133.78,Pangoly_History
10/17/2023,2TB_NVME_GEN4,132.79,Pangoly_History
10/18/2023,2TB_NVME_GEN4,132.75,Pangoly_History
10/19/2023,2TB_NVME_GEN4,132.26,Pangoly_History
10/20/2023,2TB_NVME_GEN4,132.84,Pangoly_History
10/21/2023,2TB_NVME_GEN4,132.52,Pangoly_History
10/22/2023,2TB_NVME_GEN4,132.46,Pangoly_History
10/23/2023,2TB_NVME_GEN4,132.82,Pangoly_History
10/24/2023,2TB_NVME_GEN4,133.13,Pangoly_History
10/25/2023,2TB_NVME_GEN4,132.61,Pangoly_History
10/26/2023,2TB_NVME_GEN4,133.81,Pangoly_History
10/27/2023,2TB_NVME_GEN4,133.74,Pangoly_History
10/28/2023,2TB_NVME_GEN4,133.16,Pangoly_History
10/29/2023,2TB_NVME_GEN4,133.68,Pangoly_History
10/30/2023,2TB_NVME_GEN4,133.27,Pangoly_History
10/31/2023,2TB_NVME_GEN4,133.37,Pangoly_History
11/1/2023,2TB_NVME_GEN4,133.09,Pangoly_History
11/2/2023,2TB_NVME_GEN4,133.36,Pangoly_History
11/3/2023,2TB_NVME_GEN4,137.15,Pangoly_History
11/4/2023,2TB_NVME_GEN4,136.42,Pangoly_History
11/5/2023,2TB_NVME_GEN4,136.7,Pangoly_History
11/6/2023,2TB_NVME_GEN4,136.08,Pangoly_History
11/7/2023,2TB_NVME_GEN4,134.82,Pangoly_History
11/8/2023,2TB_NVME_GEN4,135.85,Pangoly_History
11/9/2023,2TB_NVME_GEN4,135.15,Pangoly_History
11/10/2023,2TB_NVME_GEN4,135.03,Pangoly_History
11/11/2023,2TB_NVME_GEN4,135.47,Pangoly_History
11/12/2023,2TB_NVME_GEN4,135.93,Pangoly_History
11/13/2023,2TB_NVME_GEN4,136.38,Pangoly_History
11/14/2023,2TB_NVME_GEN4,136.32,Pangoly_History
11/15/2023,2TB_NVME_GEN4,136.92,Pangoly_History
11/16/2023,2TB_NVME_GEN4,132.65,Pangoly_History
11/17/2023,2TB_NVME_GEN4,131.98,Pangoly_History
11/18/2023,2TB_NVME_GEN4,131.3,Pangoly_History
11/19/2023,2TB_NVME_GEN4,132.74,Pangoly_History
11/20/2023,2TB_NVME_GEN4,132.74,Pangoly_History
11/21/2023,2TB_NVME_GEN4,129.7,Pangoly_History
11/22/2023,2TB_NVME_GEN4,130.25,Pangoly_History
11/23/2023,2TB_NVME_GEN4,129.48,Pangoly_History
11/24/2023,2TB_NVME_GEN4,129.91,Pangoly_History
11/25/2023,2TB_NVME_GEN4,129.91,Pangoly_History
11/26/2023,2TB_NVME_GEN4,130.66,Pangoly_History
11/27/2023,2TB_NVME_GEN4,134.59,Pangoly_History
11/28/2023,2TB_NVME_GEN4,135.13,Pangoly_History
11/29/2023,2TB_NVME_GEN4,135.71,Pangoly_History
11/30/2023,2TB_NVME_GEN4,136.6,Pangoly_History
12/1/2023,2TB_NVME_GEN4,137.15,Pangoly_History
12/2/2023,2TB_NVME_GEN4,138.78,Pangoly_History
12/3/2023,2TB_NVME_GEN4,138.84,Pangoly_History
12/4/2023,2TB_NVME_GEN4,139.44,Pangoly_History
12/5/2023,2TB_NVME_GEN4,138.85,Pangoly_History
12/6/2023,2TB_NVME_GEN4,135.5,Pangoly_History
12/7/2023,2TB_NVME_GEN4,135.55,Pangoly_History
12/8/2023,2TB_NVME_GEN4,138.12,Pangoly_History
12/9/2023,2TB_NVME_GEN4,137.44,Pangoly_History
12/10/2023,2TB_NVME_GEN4,137.96,Pangoly_History
12/11/2023,2TB_NVME_GEN4,138.07,Pangoly_History
12/12/2023,2TB_NVME_GEN4,136.67,Pangoly_History
12/13/2023,2TB_NVME_GEN4,137.09,Pangoly_History
12/14/2023,2TB_NVME_GEN4,137.2,Pangoly_History
12/15/2023,2TB_NVME_GEN4,140.14,Pangoly_History
12/16/2023,2TB_NVME_GEN4,139.9,Pangoly_History
12/17/2023,2TB_NVME_GEN4,142.17,Pangoly_History
12/18/2023,2TB_NVME_GEN4,142.29,Pangoly_History
12/19/2023,2TB_NVME_GEN4,142.63,Pangoly_History
12/20/2023,2TB_NVME_GEN4,143.58,Pangoly_History
12/21/2023,2TB_NVME_GEN4,143.62,Pangoly_History
12/22/2023,2TB_NVME_GEN4,144.38,Pangoly_History
12/23/2023,2TB_NVME_GEN4,146.63,Pangoly_History
12/24/2023,2TB_NVME_GEN4,145.54,Pangoly_History
12/25/2023,2TB_NVME_GEN4,145.52,Pangoly_History
12/26/2023,2TB_NVME_GEN4,145.47,Pangoly_History
12/27/2023,2TB_NVME_GEN4,146.94,Pangoly_History
12/28/2023,2TB_NVME_GEN4,148.6,Pangoly_History
12/29/2023,2TB_NVME_GEN4,148.83,Pangoly_History
12/30/2023,2TB_NVME_GEN4,149.44,Pangoly_History
12/31/2023,2TB_NVME_GEN4,155.04,Pangoly_History
1/1/2024,2TB_NVME_GEN4,155.51,Pangoly_History
1/2/2024,2TB_NVME_GEN4,155.31,Pangoly_History
1/3/2024,2TB_NVME_GEN4,155.47,Pangoly_History
1/4/2024,2TB_NVME_GEN4,153.96,Pangoly_History
1/5/2024,2TB_NVME_GEN4,154.7,Pangoly_History
1/6/2024,2TB_NVME_GEN4,159.49,Pangoly_History
1/7/2024,2TB_NVME_GEN4,163.04,Pangoly_History
1/8/2024,2TB_NVME_GEN4,164.99,Pangoly_History
1/9/2024,2TB_NVME_GEN4,163.98,Pangoly_History
1/10/2024,2TB_NVME_GEN4,163,Pangoly_History
1/11/2024,2TB_NVME_GEN4,163.69,Pangoly_History
1/12/2024,2TB_NVME_GEN4,164.06,Pangoly_History
1/13/2024,2TB_NVME_GEN4,166.2,Pangoly_History
1/14/2024,2TB_NVME_GEN4,162.06,Pangoly_History
1/15/2024,2TB_NVME_GEN4,161.76,Pangoly_History
1/16/2024,2TB_NVME_GEN4,160.58,Pangoly_History
1/17/2024,2TB_NVME_GEN4,160.3,Pangoly_History
1/18/2024,2TB_NVME_GEN4,159.54,Pangoly_History
1/19/2024,2TB_NVME_GEN4,159.08,Pangoly_History
1/20/2024,2TB_NVME_GEN4,159.06,Pangoly_History
1/21/2024,2TB_NVME_GEN4,159.92,Pangoly_History
1/22/2024,2TB_NVME_GEN4,161.04,Pangoly_History
1/23/2024,2TB_NVME_GEN4,160.93,Pangoly_History
1/24/2024,2TB_NVME_GEN4,160.84,Pangoly_History
1/25/2024,2TB_NVME_GEN4,161.29,Pangoly_History
1/26/2024,2TB_NVME_GEN4,161.3,Pangoly_History
1/27/2024,2TB_NVME_GEN4,163,Pangoly_History
1/28/2024,2TB_NVME_GEN4,163.98,Pangoly_History
1/29/2024,2TB_NVME_GEN4,165.85,Pangoly_History
1/30/2024,2TB_NVME_GEN4,166.28,Pangoly_History
1/31/2024,2TB_NVME_GEN4,165.07,Pangoly_History
2/1/2024,2TB_NVME_GEN4,163.71,Pangoly_History
2/2/2024,2TB_NVME_GEN4,164.87,Pangoly_History
2/3/2024,2TB_NVME_GEN4,164.71,Pangoly_History
2/4/2024,2TB_NVME_GEN4,163.83,Pangoly_History
2/5/2024,2TB_NVME_GEN4,164.71,Pangoly_History
2/6/2024,2TB_NVME_GEN4,166.21,Pangoly_History
2/7/2024,2TB_NVME_GEN4,165.35,Pangoly_History
2/8/2024,2TB_NVME_GEN4,167.08,Pangoly_History
2/9/2024,2TB_NVME_GEN4,167.13,Pangoly_History
2/10/2024,2TB_NVME_GEN4,167.42,Pangoly_History
2/11/2024,2TB_NVME_GEN4,169.13,Pangoly_History
2/12/2024,2TB_NVME_GEN4,169.99,Pangoly_History
2/13/2024,2TB_NVME_GEN4,168.81,Pangoly_History
2/14/2024,2TB_NVME_GEN4,169.85,Pangoly_History
2/15/2024,2TB_NVME_GEN4,169.46,Pangoly_History
2/16/2024,2TB_NVME_GEN4,169.25,Pangoly_History
2/17/2024,2TB_NVME_GEN4,169.61,Pangoly_History
2/18/2024,2TB_NVME_GEN4,168.17,Pangoly_History
2/19/2024,2TB_NVME_GEN4,167.9,Pangoly_History
2/20/2024,2TB_NVME_GEN4,168.58,Pangoly_History
2/21/2024,2TB_NVME_GEN4,167.85,Pangoly_History
2/22/2024,2TB_NVME_GEN4,168.13,Pangoly_History
2/23/2024,2TB_NVME_GEN4,168.12,Pangoly_History
2/24/2024,2TB_NVME_GEN4,168.82,Pangoly_History
2/25/2024,2TB_NVME_GEN4,168.2,Pangoly_History
2/26/2024,2TB_NVME_GEN4,167.84,Pangoly_History
2/27/2024,2TB_NVME_GEN4,167.64,Pangoly_History
2/28/2024,2TB_NVME_GEN4,167.66,Pangoly_History
2/29/2024,2TB_NVME_GEN4,168.66,Pangoly_History
3/1/2024,2TB_NVME_GEN4,168.86,Pangoly_History
3/2/2024,2TB_NVME_GEN4,169.54,Pangoly_History
3/3/2024,2TB_NVME_GEN4,168.28,Pangoly_History
3/4/2024,2TB_NVME_GEN4,169.17,Pangoly_History
3/5/2024,2TB_NVME_GEN4,167.5,Pangoly_History
3/6/2024,2TB_NVME_GEN4,168.57,Pangoly_History
3/7/2024,2TB_NVME_GEN4,168.83,Pangoly_History
3/8/2024,2TB_NVME_GEN4,168.91,Pangoly_History
3/9/2024,2TB_NVME_GEN4,167.55,Pangoly_History
3/10/2024,2TB_NVME_GEN4,169.22,Pangoly_History
3/11/2024,2TB_NVME_GEN4,168.62,Pangoly_History
3/12/2024,2TB_NVME_GEN4,168.58,Pangoly_History
3/13/2024,2TB_NVME_GEN4,167.98,Pangoly_History
3/14/2024,2TB_NVME_GEN4,168.38,Pangoly_History
3/15/2024,2TB_NVME_GEN4,168.33,Pangoly_History
3/16/2024,2TB_NVME_GEN4,168.98,Pangoly_History
3/17/2024,2TB_NVME_GEN4,167.33,Pangoly_History
3/18/2024,2TB_NVME_GEN4,166.92,Pangoly_History
3/19/2024,2TB_NVME_GEN4,166.2,Pangoly_History
3/20/2024,2TB_NVME_GEN4,167.79,Pangoly_History
3/21/2024,2TB_NVME_GEN4,168.23,Pangoly_History
3/22/2024,2TB_NVME_GEN4,167.85,Pangoly_History
3/23/2024,2TB_NVME_GEN4,168.87,Pangoly_History
3/24/2024,2TB_NVME_GEN4,165.92,Pangoly_History
3/25/2024,2TB_NVME_GEN4,166.78,Pangoly_History
3/26/2024,2TB_NVME_GEN4,167.73,Pangoly_History
3/27/2024,2TB_NVME_GEN4,167.42,Pangoly_History
3/28/2024,2TB_NVME_GEN4,167.11,Pangoly_History
3/29/2024,2TB_NVME_GEN4,168.31,Pangoly_History
3/30/2024,2TB_NVME_GEN4,168.26,Pangoly_History
3/31/2024,2TB_NVME_GEN4,172.49,Pangoly_History
4/1/2024,2TB_NVME_GEN4,172.03,Pangoly_History
4/2/2024,2TB_NVME_GEN4,173.27,Pangoly_History
4/3/2024,2TB_NVME_GEN4,173.39,Pangoly_History
4/4/2024,2TB_NVME_GEN4,173.37,Pangoly_History
4/5/2024,2TB_NVME_GEN4,173.5,Pangoly_History
4/6/2024,2TB_NVME_GEN4,173.08,Pangoly_History
4/7/2024,2TB_NVME_GEN4,173.03,Pangoly_History
4/8/2024,2TB_NVME_GEN4,173.54,Pangoly_History
4/9/2024,2TB_NVME_GEN4,173.64,Pangoly_History
4/10/2024,2TB_NVME_GEN4,174.26,Pangoly_History
4/11/2024,2TB_NVME_GEN4,174.24,Pangoly_History
4/12/2024,2TB_NVME_GEN4,174.3,Pangoly_History
4/13/2024,2TB_NVME_GEN4,173.51,Pangoly_History
4/14/2024,2TB_NVME_GEN4,172.48,Pangoly_History
4/15/2024,2TB_NVME_GEN4,172.35,Pangoly_History
4/16/2024,2TB_NVME_GEN4,170.67,Pangoly_History
4/17/2024,2TB_NVME_GEN4,170.48,Pangoly_History
4/18/2024,2TB_NVME_GEN4,170.63,Pangoly_History
4/19/2024,2TB_NVME_GEN4,171.57,Pangoly_History
4/20/2024,2TB_NVME_GEN4,169.98,Pangoly_History
4/21/2024,2TB_NVME_GEN4,172.26,Pangoly_History
4/22/2024,2TB_NVME_GEN4,172.47,Pangoly_History
4/23/2024,2TB_NVME_GEN4,172.16,Pangoly_History
4/24/2024,2TB_NVME_GEN4,172,Pangoly_History
4/25/2024,2TB_NVME_GEN4,171.92,Pangoly_History
4/26/2024,2TB_NVME_GEN4,171.75,Pangoly_History
4/27/2024,2TB_NVME_GEN4,172.52,Pangoly_History
4/28/2024,2TB_NVME_GEN4,171.84,Pangoly_History
4/29/2024,2TB_NVME_GEN4,171.02,Pangoly_History
4/30/2024,2TB_NVME_GEN4,168.96,Pangoly_History
5/1/2024,2TB_NVME_GEN4,169.49,Pangoly_History
5/2/2024,2TB_NVME_GEN4,169.29,Pangoly_History
5/3/2024,2TB_NVME_GEN4,169.84,Pangoly_History
5/4/2024,2TB_NVME_GEN4,169.06,Pangoly_History
5/5/2024,2TB_NVME_GEN4,171.27,Pangoly_History
5/6/2024,2TB_NVME_GEN4,170.92,Pangoly_History
5/7/2024,2TB_NVME_GEN4,171.13,Pangoly_History
5/8/2024,2TB_NVME_GEN4,171.57,Pangoly_History
5/9/2024,2TB_NVME_GEN4,171.83,Pangoly_History
5/10/2024,2TB_NVME_GEN4,171.07,Pangoly_History
5/11/2024,2TB_NVME_GEN4,171.43,Pangoly_History
5/12/2024,2TB_NVME_GEN4,170.43,Pangoly_History
5/13/2024,2TB_NVME_GEN4,170.95,Pangoly_History
5/14/2024,2TB_NVME_GEN4,170.07,Pangoly_History
5/15/2024,2TB_NVME_GEN4,169.39,Pangoly_History
5/16/2024,2TB_NVME_GEN4,168.36,Pangoly_History
5/17/2024,2TB_NVME_GEN4,168.26,Pangoly_History
5/18/2024,2TB_NVME_GEN4,169.23,Pangoly_History
5/19/2024,2TB_NVME_GEN4,167.25,Pangoly_History
5/20/2024,2TB_NVME_GEN4,169.19,Pangoly_History
5/21/2024,2TB_NVME_GEN4,168,Pangoly_History
5/22/2024,2TB_NVME_GEN4,166.74,Pangoly_History
5/23/2024,2TB_NVME_GEN4,170.95,Pangoly_History
5/24/2024,2TB_NVME_GEN4,171.06,Pangoly_History
5/25/2024,2TB_NVME_GEN4,171.47,Pangoly_History
5/26/2024,2TB_NVME_GEN4,170.05,Pangoly_History
5/27/2024,2TB_NVME_GEN4,169.62,Pangoly_History
5/28/2024,2TB_NVME_GEN4,168.93,Pangoly_History
5/29/2024,2TB_NVME_GEN4,168.05,Pangoly_History
5/30/2024,2TB_NVME_GEN4,167.88,Pangoly_History
5/31/2024,2TB_NVME_GEN4,168.56,Pangoly_History
6/1/2024,2TB_NVME_GEN4,168.31,Pangoly_History
6/2/2024,2TB_NVME_GEN4,168.88,Pangoly_History
6/3/2024,2TB_NVME_GEN4,168.61,Pangoly_History
6/4/2024,2TB_NVME_GEN4,168.66,Pangoly_History
6/5/2024,2TB_NVME_GEN4,168.88,Pangoly_History
6/6/2024,2TB_NVME_GEN4,168.41,Pangoly_History
6/7/2024,2TB_NVME_GEN4,168.92,Pangoly_History
6/8/2024,2TB_NVME_GEN4,169.24,Pangoly_History
6/9/2024,2TB_NVME_GEN4,169.53,Pangoly_History
6/10/2024,2TB_NVME_GEN4,169.32,Pangoly_History
6/11/2024,2TB_NVME_GEN4,169.23,Pangoly_History
6/12/2024,2TB_NVME_GEN4,169.25,Pangoly_History
6/13/2024,2TB_NVME_GEN4,168.59,Pangoly_History
6/14/2024,2TB_NVME_GEN4,169.14,Pangoly_History
6/15/2024,2TB_NVME_GEN4,168.39,Pangoly_History
6/16/2024,2TB_NVME_GEN4,168.65,Pangoly_History
6/17/2024,2TB_NVME_GEN4,169.42,Pangoly_History
6/18/2024,2TB_NVME_GEN4,170.41,Pangoly_History
6/19/2024,2TB_NVME_GEN4,170.53,Pangoly_History
6/20/2024,2TB_NVME_GEN4,170.5,Pangoly_History
6/21/2024,2TB_NVME_GEN4,170.35,Pangoly_History
6/22/2024,2TB_NVME_GEN4,171.15,Pangoly_History
6/23/2024,2TB_NVME_GEN4,171.49,Pangoly_History
6/24/2024,2TB_NVME_GEN4,170.04,Pangoly_History
6/25/2024,2TB_NVME_GEN4,169.86,Pangoly_History
6/26/2024,2TB_NVME_GEN4,170.38,Pangoly_History
6/27/2024,2TB_NVME_GEN4,170.31,Pangoly_History
6/28/2024,2TB_NVME_GEN4,170.4,Pangoly_History
6/29/2024,2TB_NVME_GEN4,170.5,Pangoly_History
6/30/2024,2TB_NVME_GEN4,173.21,Pangoly_History
7/1/2024,2TB_NVME_GEN4,172.49,Pangoly_History
7/2/2024,2TB_NVME_GEN4,173.46,Pangoly_History
7/3/2024,2TB_NVME_GEN4,173.16,Pangoly_History
7/4/2024,2TB_NVME_GEN4,172.76,Pangoly_History
7/5/2024,2TB_NVME_GEN4,172.95,Pangoly_History
7/6/2024,2TB_NVME_GEN4,171.77,Pangoly_History
7/7/2024,2TB_NVME_GEN4,172.23,Pangoly_History
7/8/2024,2TB_NVME_GEN4,172.93,Pangoly_History
7/9/2024,2TB_NVME_GEN4,173.83,Pangoly_History
7/10/2024,2TB_NVME_GEN4,173.26,Pangoly_History
7/11/2024,2TB_NVME_GEN4,171.61,Pangoly_History
7/12/2024,2TB_NVME_GEN4,171.87,Pangoly_History
7/13/2024,2TB_NVME_GEN4,171.45,Pangoly_History
7/14/2024,2TB_NVME_GEN4,171.17,Pangoly_History
7/15/2024,2TB_NVME_GEN4,166.63,Pangoly_History
7/16/2024,2TB_NVME_GEN4,165.92,Pangoly_History
7/17/2024,2TB_NVME_GEN4,169.69,Pangoly_History
7/18/2024,2TB_NVME_GEN4,170.56,Pangoly_History
7/19/2024,2TB_NVME_GEN4,171.1,Pangoly_History
7/20/2024,2TB_NVME_GEN4,171.47,Pangoly_History
7/21/2024,2TB_NVME_GEN4,169.62,Pangoly_History
7/22/2024,2TB_NVME_GEN4,170.44,Pangoly_History
7/23/2024,2TB_NVME_GEN4,169.41,Pangoly_History
7/24/2024,2TB_NVME_GEN4,169.25,Pangoly_History
7/25/2024,2TB_NVME_GEN4,168.8,Pangoly_History
7/26/2024,2TB_NVME_GEN4,167.77,Pangoly_History
7/27/2024,2TB_NVME_GEN4,167.44,Pangoly_History
7/28/2024,2TB_NVME_GEN4,166.85,Pangoly_History
7/29/2024,2TB_NVME_GEN4,167.76,Pangoly_History
7/30/2024,2TB_NVME_GEN4,167.82,Pangoly_History
7/31/2024,2TB_NVME_GEN4,168.38,Pangoly_History
8/1/2024,2TB_NVME_GEN4,168.19,Pangoly_History
8/2/2024,2TB_NVME_GEN4,168.39,Pangoly_History
8/3/2024,2TB_NVME_GEN4,168.26,Pangoly_History
8/4/2024,2TB_NVME_GEN4,168.79,Pangoly_History
8/5/2024,2TB_NVME_GEN4,168.23,Pangoly_History
8/6/2024,2TB_NVME_GEN4,168.03,Pangoly_History
8/7/2024,2TB_NVME_GEN4,168.59,Pangoly_History
8/8/2024,2TB_NVME_GEN4,168.32,Pangoly_History
8/9/2024,2TB_NVME_GEN4,168.01,Pangoly_History
8/10/2024,2TB_NVME_GEN4,167.7,Pangoly_History
8/11/2024,2TB_NVME_GEN4,168.45,Pangoly_History
8/12/2024,2TB_NVME_GEN4,168.26,Pangoly_History
8/13/2024,2TB_NVME_GEN4,167.48,Pangoly_History
8/14/2024,2TB_NVME_GEN4,167.28,Pangoly_History
8/15/2024,2TB_NVME_GEN4,166.79,Pangoly_History
8/16/2024,2TB_NVME_GEN4,166.44,Pangoly_History
8/17/2024,2TB_NVME_GEN4,166.79,Pangoly_History
8/18/2024,2TB_NVME_GEN4,166.16,Pangoly_History
8/19/2024,2TB_NVME_GEN4,166.44,Pangoly_History
8/20/2024,2TB_NVME_GEN4,166.61,Pangoly_History
8/21/2024,2TB_NVME_GEN4,166.68,Pangoly_History
8/22/2024,2TB_NVME_GEN4,165.85,Pangoly_History
8/23/2024,2TB_NVME_GEN4,165.94,Pangoly_History
8/24/2024,2TB_NVME_GEN4,167.07,Pangoly_History
8/25/2024,2TB_NVME_GEN4,167.54,Pangoly_History
8/26/2024,2TB_NVME_GEN4,165.47,Pangoly_History
8/27/2024,2TB_NVME_GEN4,165.84,Pangoly_History
8/28/2024,2TB_NVME_GEN4,165.39,Pangoly_History
8/29/2024,2TB_NVME_GEN4,166.3,Pangoly_History
8/30/2024,2TB_NVME_GEN4,166.87,Pangoly_History
8/31/2024,2TB_NVME_GEN4,168.02,Pangoly_History
9/1/2024,2TB_NVME_GEN4,165.71,Pangoly_History
9/2/2024,2TB_NVME_GEN4,168.51,Pangoly_History
9/3/2024,2TB_NVME_GEN4,167.17,Pangoly_History
9/4/2024,2TB_NVME_GEN4,164.46,Pangoly_History
9/5/2024,2TB_NVME_GEN4,164.25,Pangoly_History
9/6/2024,2TB_NVME_GEN4,163.17,Pangoly_History
9/7/2024,2TB_NVME_GEN4,163.42,Pangoly_History
9/8/2024,2TB_NVME_GEN4,164.35,Pangoly_History
9/9/2024,2TB_NVME_GEN4,161.8,Pangoly_History
9/10/2024,2TB_NVME_GEN4,162.5,Pangoly_History
9/11/2024,2TB_NVME_GEN4,162.57,Pangoly_History
9/12/2024,2TB_NVME_GEN4,161.99,Pangoly_History
9/13/2024,2TB_NVME_GEN4,161.52,Pangoly_History
9/14/2024,2TB_NVME_GEN4,161.77,Pangoly_History
9/15/2024,2TB_NVME_GEN4,159.62,Pangoly_History
9/16/2024,2TB_NVME_GEN4,160.23,Pangoly_History
9/17/2024,2TB_NVME_GEN4,160.02,Pangoly_History
9/18/2024,2TB_NVME_GEN4,159.35,Pangoly_History
9/19/2024,2TB_NVME_GEN4,159.43,Pangoly_History
9/20/2024,2TB_NVME_GEN4,162.13,Pangoly_History
9/21/2024,2TB_NVME_GEN4,160.16,Pangoly_History
9/22/2024,2TB_NVME_GEN4,163.52,Pangoly_History
9/23/2024,2TB_NVME_GEN4,163.14,Pangoly_History
9/24/2024,2TB_NVME_GEN4,163.76,Pangoly_History
9/25/2024,2TB_NVME_GEN4,163.54,Pangoly_History
9/26/2024,2TB_NVME_GEN4,162.42,Pangoly_History
9/27/2024,2TB_NVME_GEN4,162.6,Pangoly_History
9/28/2024,2TB_NVME_GEN4,164.53,Pangoly_History
9/29/2024,2TB_NVME_GEN4,164.11,Pangoly_History
9/30/2024,2TB_NVME_GEN4,164.77,Pangoly_History
10/1/2024,2TB_NVME_GEN4,164.02,Pangoly_History
10/2/2024,2TB_NVME_GEN4,164.35,Pangoly_History
10/3/2024,2TB_NVME_GEN4,163.19,Pangoly_History
10/4/2024,2TB_NVME_GEN4,162.98,Pangoly_History
10/5/2024,2TB_NVME_GEN4,164.77,Pangoly_History
10/6/2024,2TB_NVME_GEN4,163.93,Pangoly_History
10/7/2024,2TB_NVME_GEN4,159.71,Pangoly_History
10/8/2024,2TB_NVME_GEN4,159.12,Pangoly_History
10/9/2024,2TB_NVME_GEN4,162.65,Pangoly_History
10/10/2024,2TB_NVME_GEN4,162.65,Pangoly_History
10/11/2024,2TB_NVME_GEN4,162.89,Pangoly_History
10/12/2024,2TB_NVME_GEN4,163.5,Pangoly_History
10/13/2024,2TB_NVME_GEN4,162.82,Pangoly_History
10/14/2024,2TB_NVME_GEN4,163.39,Pangoly_History
10/15/2024,2TB_NVME_GEN4,163.04,Pangoly_History
10/16/2024,2TB_NVME_GEN4,162.65,Pangoly_History
10/17/2024,2TB_NVME_GEN4,162.84,Pangoly_History
10/18/2024,2TB_NVME_GEN4,162.66,Pangoly_History
10/19/2024,2TB_NVME_GEN4,162.74,Pangoly_History
10/20/2024,2TB_NVME_GEN4,162.81,Pangoly_History
10/21/2024,2TB_NVME_GEN4,160.83,Pangoly_History
10/22/2024,2TB_NVME_GEN4,161.2,Pangoly_History
10/23/2024,2TB_NVME_GEN4,160.67,Pangoly_History
10/24/2024,2TB_NVME_GEN4,160.76,Pangoly_History
10/25/2024,2TB_NVME_GEN4,160.7,Pangoly_History
10/26/2024,2TB_NVME_GEN4,162.7,Pangoly_History
10/27/2024,2TB_NVME_GEN4,162.9,Pangoly_History
10/28/2024,2TB_NVME_GEN4,162.29,Pangoly_History
10/29/2024,2TB_NVME_GEN4,162.01,Pangoly_History
10/30/2024,2TB_NVME_GEN4,162.09,Pangoly_History
10/31/2024,2TB_NVME_GEN4,159.18,Pangoly_History
11/1/2024,2TB_NVME_GEN4,159.89,Pangoly_History
11/2/2024,2TB_NVME_GEN4,162.55,Pangoly_History
11/3/2024,2TB_NVME_GEN4,161.21,Pangoly_History
11/4/2024,2TB_NVME_GEN4,160.65,Pangoly_History
11/5/2024,2TB_NVME_GEN4,160.01,Pangoly_History
11/6/2024,2TB_NVME_GEN4,159.99,Pangoly_History
11/7/2024,2TB_NVME_GEN4,160.63,Pangoly_History
11/8/2024,2TB_NVME_GEN4,160.76,Pangoly_History
11/9/2024,2TB_NVME_GEN4,160.53,Pangoly_History
11/10/2024,2TB_NVME_GEN4,159.17,Pangoly_History
11/11/2024,2TB_NVME_GEN4,160.29,Pangoly_History
11/12/2024,2TB_NVME_GEN4,160.05,Pangoly_History
11/13/2024,2TB_NVME_GEN4,160.93,Pangoly_History
11/14/2024,2TB_NVME_GEN4,160.19,Pangoly_History
11/15/2024,2TB_NVME_GEN4,160.04,Pangoly_History
11/16/2024,2TB_NVME_GEN4,160.74,Pangoly_History
11/17/2024,2TB_NVME_GEN4,158.73,Pangoly_History
11/18/2024,2TB_NVME_GEN4,159.51,Pangoly_History
11/19/2024,2TB_NVME_GEN4,159.87,Pangoly_History
11/20/2024,2TB_NVME_GEN4,154.23,Pangoly_History
11/21/2024,2TB_NVME_GEN4,153.87,Pangoly_History
11/22/2024,2TB_NVME_GEN4,153.52,Pangoly_History
11/23/2024,2TB_NVME_GEN4,154.27,Pangoly_History
11/24/2024,2TB_NVME_GEN4,153.95,Pangoly_History
11/25/2024,2TB_NVME_GEN4,148.13,Pangoly_History
11/26/2024,2TB_NVME_GEN4,147.23,Pangoly_History
11/27/2024,2TB_NVME_GEN4,147.07,Pangoly_History
11/28/2024,2TB_NVME_GEN4,147.01,Pangoly_History
11/29/2024,2TB_NVME_GEN4,146.64,Pangoly_History
11/30/2024,2TB_NVME_GEN4,149.44,Pangoly_History
12/1/2024,2TB_NVME_GEN4,148.09,Pangoly_History
12/2/2024,2TB_NVME_GEN4,155.42,Pangoly_History
12/3/2024,2TB_NVME_GEN4,158.51,Pangoly_History
12/4/2024,2TB_NVME_GEN4,158.06,Pangoly_History
12/5/2024,2TB_NVME_GEN4,159.38,Pangoly_History
12/6/2024,2TB_NVME_GEN4,158.48,Pangoly_History
12/7/2024,2TB_NVME_GEN4,158.32,Pangoly_History
12/8/2024,2TB_NVME_GEN4,159.23,Pangoly_History
12/9/2024,2TB_NVME_GEN4,158.1,Pangoly_History
12/10/2024,2TB_NVME_GEN4,157.82,Pangoly_History
12/11/2024,2TB_NVME_GEN4,158.89,Pangoly_History
12/12/2024,2TB_NVME_GEN4,159.3,Pangoly_History
12/13/2024,2TB_NVME_GEN4,158.8,Pangoly_History
12/14/2024,2TB_NVME_GEN4,157.49,Pangoly_History
12/15/2024,2TB_NVME_GEN4,159.38,Pangoly_History
12/16/2024,2TB_NVME_GEN4,158.8,Pangoly_History
12/17/2024,2TB_NVME_GEN4,157.89,Pangoly_History
12/18/2024,2TB_NVME_GEN4,157.25,Pangoly_History
12/19/2024,2TB_NVME_GEN4,153.8,Pangoly_History
12/20/2024,2TB_NVME_GEN4,154.17,Pangoly_History
12/21/2024,2TB_NVME_GEN4,154.65,Pangoly_History
12/22/2024,2TB_NVME_GEN4,154.23,Pangoly_History
12/23/2024,2TB_NVME_GEN4,153.92,Pangoly_History
12/24/2024,2TB_NVME_GEN4,154.36,Pangoly_History
12/25/2024,2TB_NVME_GEN4,149.08,Pangoly_History
12/26/2024,2TB_NVME_GEN4,149.18,Pangoly_History
12/27/2024,2TB_NVME_GEN4,149.9,Pangoly_History
12/28/2024,2TB_NVME_GEN4,151.34,Pangoly_History
12/29/2024,2TB_NVME_GEN4,160.24,Pangoly_History
12/30/2024,2TB_NVME_GEN4,161.3,Pangoly_History
12/31/2024,2TB_NVME_GEN4,161.68,Pangoly_History
1/1/2025,2TB_NVME_GEN4,161.27,Pangoly_History
1/2/2025,2TB_NVME_GEN4,161.16,Pangoly_History
1/3/2025,2TB_NVME_GEN4,160.7,Pangoly_History
1/4/2025,2TB_NVME_GEN4,159.41,Pangoly_History
1/5/2025,2TB_NVME_GEN4,159.77,Pangoly_History
1/6/2025,2TB_NVME_GEN4,159.71,Pangoly_History
1/7/2025,2TB_NVME_GEN4,160.03,Pangoly_History
1/8/2025,2TB_NVME_GEN4,160.28,Pangoly_History
1/9/2025,2TB_NVME_GEN4,160,Pangoly_History
1/10/2025,2TB_NVME_GEN4,159.27,Pangoly_History
1/11/2025,2TB_NVME_GEN4,158.17,Pangoly_History
1/12/2025,2TB_NVME_GEN4,157.65,Pangoly_History
1/13/2025,2TB_NVME_GEN4,157.05,Pangoly_History
1/14/2025,2TB_NVME_GEN4,156.4,Pangoly_History
1/15/2025,2TB_NVME_GEN4,157.38,Pangoly_History
1/16/2025,2TB_NVME_GEN4,157.02,Pangoly_History
1/17/2025,2TB_NVME_GEN4,156.85,Pangoly_History
1/18/2025,2TB_NVME_GEN4,156.47,Pangoly_History
1/19/2025,2TB_NVME_GEN4,156.91,Pangoly_History
1/20/2025,2TB_NVME_GEN4,156.11,Pangoly_History
1/21/2025,2TB_NVME_GEN4,155.46,Pangoly_History
1/22/2025,2TB_NVME_GEN4,155.1,Pangoly_History
1/23/2025,2TB_NVME_GEN4,154.44,Pangoly_History
1/24/2025,2TB_NVME_GEN4,154.12,Pangoly_History
1/25/2025,2TB_NVME_GEN4,154.32,Pangoly_History
1/26/2025,2TB_NVME_GEN4,154.14,Pangoly_History
1/27/2025,2TB_NVME_GEN4,153.92,Pangoly_History
1/28/2025,2TB_NVME_GEN4,153.57,Pangoly_History
1/29/2025,2TB_NVME_GEN4,154.38,Pangoly_History
1/30/2025,2TB_NVME_GEN4,154.37,Pangoly_History
1/31/2025,2TB_NVME_GEN4,155.41,Pangoly_History
2/1/2025,2TB_NVME_GEN4,155.07,Pangoly_History
2/2/2025,2TB_NVME_GEN4,153.74,Pangoly_History
2/3/2025,2TB_NVME_GEN4,154.64,Pangoly_History
2/4/2025,2TB_NVME_GEN4,154.22,Pangoly_History
2/5/2025,2TB_NVME_GEN4,153.7,Pangoly_History
2/6/2025,2TB_NVME_GEN4,153.77,Pangoly_History
2/7/2025,2TB_NVME_GEN4,154.11,Pangoly_History
2/8/2025,2TB_NVME_GEN4,154.26,Pangoly_History
2/9/2025,2TB_NVME_GEN4,154.28,Pangoly_History
2/10/2025,2TB_NVME_GEN4,154.53,Pangoly_History
2/11/2025,2TB_NVME_GEN4,154.6,Pangoly_History
2/12/2025,2TB_NVME_GEN4,154.4,Pangoly_History
2/13/2025,2TB_NVME_GEN4,155.2,Pangoly_History
2/14/2025,2TB_NVME_GEN4,154.98,Pangoly_History
2/15/2025,2TB_NVME_GEN4,154.25,Pangoly_History
2/16/2025,2TB_NVME_GEN4,154.07,Pangoly_History
2/17/2025,2TB_NVME_GEN4,154.04,Pangoly_History
2/18/2025,2TB_NVME_GEN4,153.83,Pangoly_History
2/19/2025,2TB_NVME_GEN4,153.42,Pangoly_History
2/20/2025,2TB_NVME_GEN4,153.59,Pangoly_History
2/21/2025,2TB_NVME_GEN4,153.39,Pangoly_History
2/22/2025,2TB_NVME_GEN4,155.08,Pangoly_History
2/23/2025,2TB_NVME_GEN4,154.42,Pangoly_History
2/24/2025,2TB_NVME_GEN4,154.29,Pangoly_History
2/25/2025,2TB_NVME_GEN4,154.9,Pangoly_History
2/26/2025,2TB_NVME_GEN4,153.83,Pangoly_History
2/27/2025,2TB_NVME_GEN4,154.6,Pangoly_History
2/28/2025,2TB_NVME_GEN4,156.27,Pangoly_History
3/1/2025,2TB_NVME_GEN4,157.92,Pangoly_History
3/2/2025,2TB_NVME_GEN4,156.29,Pangoly_History
3/3/2025,2TB_NVME_GEN4,157.58,Pangoly_History
3/4/2025,2TB_NVME_GEN4,156.62,Pangoly_History
3/5/2025,2TB_NVME_GEN4,155.81,Pangoly_History
3/6/2025,2TB_NVME_GEN4,155.95,Pangoly_History
3/7/2025,2TB_NVME_GEN4,155.57,Pangoly_History
3/8/2025,2TB_NVME_GEN4,155.2,Pangoly_History
3/9/2025,2TB_NVME_GEN4,155.03,Pangoly_History
3/10/2025,2TB_NVME_GEN4,155.68,Pangoly_History
3/11/2025,2TB_NVME_GEN4,155.09,Pangoly_History
3/12/2025,2TB_NVME_GEN4,154.13,Pangoly_History
3/13/2025,2TB_NVME_GEN4,154.52,Pangoly_History
3/14/2025,2TB_NVME_GEN4,153.95,Pangoly_History
3/15/2025,2TB_NVME_GEN4,154.09,Pangoly_History
3/16/2025,2TB_NVME_GEN4,153.67,Pangoly_History
3/17/2025,2TB_NVME_GEN4,153.39,Pangoly_History
3/18/2025,2TB_NVME_GEN4,153.76,Pangoly_History
3/19/2025,2TB_NVME_GEN4,153.62,Pangoly_History
3/20/2025,2TB_NVME_GEN4,152.9,Pangoly_History
3/21/2025,2TB_NVME_GEN4,152.94,Pangoly_History
3/22/2025,2TB_NVME_GEN4,153.41,Pangoly_History
3/23/2025,2TB_NVME_GEN4,152.88,Pangoly_History
3/24/2025,2TB_NVME_GEN4,153.54,Pangoly_History
3/25/2025,2TB_NVME_GEN4,152.29,Pangoly_History
3/26/2025,2TB_NVME_GEN4,152.37,Pangoly_History
3/27/2025,2TB_NVME_GEN4,152.49,Pangoly_History
3/28/2025,2TB_NVME_GEN4,153.53,Pangoly_History
3/29/2025,2TB_NVME_GEN4,156.41,Pangoly_History
3/30/2025,2TB_NVME_GEN4,155.42,Pangoly_History
3/31/2025,2TB_NVME_GEN4,157.93,Pangoly_History
4/1/2025,2TB_NVME_GEN4,157,Pangoly_History
4/2/2025,2TB_NVME_GEN4,157.02,Pangoly_History
4/3/2025,2TB_NVME_GEN4,158.17,Pangoly_History
4/4/2025,2TB_NVME_GEN4,158.48,Pangoly_History
4/5/2025,2TB_NVME_GEN4,157.96,Pangoly_History
4/6/2025,2TB_NVME_GEN4,157.32,Pangoly_History
4/7/2025,2TB_NVME_GEN4,158.08,Pangoly_History
4/8/2025,2TB_NVME_GEN4,160.61,Pangoly_History
4/9/2025,2TB_NVME_GEN4,161.12,Pangoly_History
4/10/2025,2TB_NVME_GEN4,158.77,Pangoly_History
4/11/2025,2TB_NVME_GEN4,160.06,Pangoly_History
4/12/2025,2TB_NVME_GEN4,160.46,Pangoly_History
4/13/2025,2TB_NVME_GEN4,161.64,Pangoly_History
4/14/2025,2TB_NVME_GEN4,161.78,Pangoly_History
4/15/2025,2TB_NVME_GEN4,161.6,Pangoly_History
4/16/2025,2TB_NVME_GEN4,161.14,Pangoly_History
4/17/2025,2TB_NVME_GEN4,162.48,Pangoly_History
4/18/2025,2TB_NVME_GEN4,162.03,Pangoly_History
4/19/2025,2TB_NVME_GEN4,161.77,Pangoly_History
4/20/2025,2TB_NVME_GEN4,160.8,Pangoly_History
4/21/2025,2TB_NVME_GEN4,163.31,Pangoly_History
4/22/2025,2TB_NVME_GEN4,162.78,Pangoly_History
4/23/2025,2TB_NVME_GEN4,161.11,Pangoly_History
4/24/2025,2TB_NVME_GEN4,162.28,Pangoly_History
4/25/2025,2TB_NVME_GEN4,162.89,Pangoly_History
4/26/2025,2TB_NVME_GEN4,162.87,Pangoly_History
4/27/2025,2TB_NVME_GEN4,162.41,Pangoly_History
4/28/2025,2TB_NVME_GEN4,162.05,Pangoly_History
4/29/2025,2TB_NVME_GEN4,162.2,Pangoly_History
4/30/2025,2TB_NVME_GEN4,161.97,Pangoly_History
5/1/2025,2TB_NVME_GEN4,161.35,Pangoly_History
5/2/2025,2TB_NVME_GEN4,161.77,Pangoly_History
5/3/2025,2TB_NVME_GEN4,158.98,Pangoly_History
5/4/2025,2TB_NVME_GEN4,158.74,Pangoly_History
5/5/2025,2TB_NVME_GEN4,158.03,Pangoly_History
5/6/2025,2TB_NVME_GEN4,158.23,Pangoly_History
5/7/2025,2TB_NVME_GEN4,158.32,Pangoly_History
5/8/2025,2TB_NVME_GEN4,158.08,Pangoly_History
5/9/2025,2TB_NVME_GEN4,159.48,Pangoly_History
5/10/2025,2TB_NVME_GEN4,159.44,Pangoly_History
5/11/2025,2TB_NVME_GEN4,157.93,Pangoly_History
5/12/2025,2TB_NVME_GEN4,157.84,Pangoly_History
5/13/2025,2TB_NVME_GEN4,156.43,Pangoly_History
5/14/2025,2TB_NVME_GEN4,158.34,Pangoly_History
5/15/2025,2TB_NVME_GEN4,157.59,Pangoly_History
5/16/2025,2TB_NVME_GEN4,158.22,Pangoly_History
5/17/2025,2TB_NVME_GEN4,158.05,Pangoly_History
5/18/2025,2TB_NVME_GEN4,158.38,Pangoly_History
5/19/2025,2TB_NVME_GEN4,159.03,Pangoly_History
5/20/2025,2TB_NVME_GEN4,158.74,Pangoly_History
5/21/2025,2TB_NVME_GEN4,158.47,Pangoly_History
5/22/2025,2TB_NVME_GEN4,159.54,Pangoly_History
5/23/2025,2TB_NVME_GEN4,159.78,Pangoly_History
5/24/2025,2TB_NVME_GEN4,160.45,Pangoly_History
5/25/2025,2TB_NVME_GEN4,161.42,Pangoly_History
5/26/2025,2TB_NVME_GEN4,161.1,Pangoly_History
5/27/2025,2TB_NVME_GEN4,160.87,Pangoly_History
5/28/2025,2TB_NVME_GEN4,159.77,Pangoly_History
5/29/2025,2TB_NVME_GEN4,160.27,Pangoly_History
5/30/2025,2TB_NVME_GEN4,160.73,Pangoly_History
5/31/2025,2TB_NVME_GEN4,161.06,Pangoly_History
6/1/2025,2TB_NVME_GEN4,161.93,Pangoly_History
6/2/2025,2TB_NVME_GEN4,160.98,Pangoly_History
6/3/2025,2TB_NVME_GEN4,161.42,Pangoly_History
6/4/2025,2TB_NVME_GEN4,159.73,Pangoly_History
6/5/2025,2TB_NVME_GEN4,158.57,Pangoly_History
6/6/2025,2TB_NVME_GEN4,159.03,Pangoly_History
6/7/2025,2TB_NVME_GEN4,158.91,Pangoly_History
6/8/2025,2TB_NVME_GEN4,160.02,Pangoly_History
6/9/2025,2TB_NVME_GEN4,160.14,Pangoly_History
6/10/2025,2TB_NVME_GEN4,159.29,Pangoly_History
6/11/2025,2TB_NVME_GEN4,159.76,Pangoly_History
6/12/2025,2TB_NVME_GEN4,159.53,Pangoly_History
6/13/2025,2TB_NVME_GEN4,159.36,Pangoly_History
6/14/2025,2TB_NVME_GEN4,159.16,Pangoly_History
6/15/2025,2TB_NVME_GEN4,157.67,Pangoly_History
6/16/2025,2TB_NVME_GEN4,158.31,Pangoly_History
6/17/2025,2TB_NVME_GEN4,157.5,Pangoly_History
6/18/2025,2TB_NVME_GEN4,157.42,Pangoly_History
6/19/2025,2TB_NVME_GEN4,157.67,Pangoly_History
6/20/2025,2TB_NVME_GEN4,157.9,Pangoly_History
6/21/2025,2TB_NVME_GEN4,159.92,Pangoly_History
6/22/2025,2TB_NVME_GEN4,161.14,Pangoly_History
6/23/2025,2TB_NVME_GEN4,159.99,Pangoly_History
6/24/2025,2TB_NVME_GEN4,160.7,Pangoly_History
6/25/2025,2TB_NVME_GEN4,160.26,Pangoly_History
6/26/2025,2TB_NVME_GEN4,160.51,Pangoly_History
6/27/2025,2TB_NVME_GEN4,160.32,Pangoly_History
6/28/2025,2TB_NVME_GEN4,160.05,Pangoly_History
6/29/2025,2TB_NVME_GEN4,161.35,Pangoly_History
6/30/2025,2TB_NVME_GEN4,159.29,Pangoly_History
7/1/2025,2TB_NVME_GEN4,159.4,Pangoly_History
7/2/2025,2TB_NVME_GEN4,159.04,Pangoly_History
7/3/2025,2TB_NVME_GEN4,158.64,Pangoly_History
7/4/2025,2TB_NVME_GEN4,158.81,Pangoly_History
7/5/2025,2TB_NVME_GEN4,158.97,Pangoly_History
7/6/2025,2TB_NVME_GEN4,158.37,Pangoly_History
7/7/2025,2TB_NVME_GEN4,155.99,Pangoly_History
7/8/2025,2TB_NVME_GEN4,154.61,Pangoly_History
7/9/2025,2TB_NVME_GEN4,154.3,Pangoly_History
7/10/2025,2TB_NVME_GEN4,154.36,Pangoly_History
7/11/2025,2TB_NVME_GEN4,157.03,Pangoly_History
7/12/2025,2TB_NVME_GEN4,157.16,Pangoly_History
7/13/2025,2TB_NVME_GEN4,158.44,Pangoly_History
7/14/2025,2TB_NVME_GEN4,157.12,Pangoly_History
7/15/2025,2TB_NVME_GEN4,157.82,Pangoly_History
7/16/2025,2TB_NVME_GEN4,157.01,Pangoly_History
7/17/2025,2TB_NVME_GEN4,157.52,Pangoly_History
7/18/2025,2TB_NVME_GEN4,157.5,Pangoly_History
7/19/2025,2TB_NVME_GEN4,157.5,Pangoly_History
7/20/2025,2TB_NVME_GEN4,157.84,Pangoly_History
7/21/2025,2TB_NVME_GEN4,157.96,Pangoly_History
7/22/2025,2TB_NVME_GEN4,157.03,Pangoly_History
7/23/2025,2TB_NVME_GEN4,154.41,Pangoly_History
7/24/2025,2TB_NVME_GEN4,154.2,Pangoly_History
7/25/2025,2TB_NVME_GEN4,154.27,Pangoly_History
7/26/2025,2TB_NVME_GEN4,154.44,Pangoly_History
7/27/2025,2TB_NVME_GEN4,157.84,Pangoly_History
7/28/2025,2TB_NVME_GEN4,157.51,Pangoly_History
7/29/2025,2TB_NVME_GEN4,158.49,Pangoly_History
7/30/2025,2TB_NVME_GEN4,158.23,Pangoly_History
7/31/2025,2TB_NVME_GEN4,157.4,Pangoly_History
8/1/2025,2TB_NVME_GEN4,157.53,Pangoly_History
8/2/2025,2TB_NVME_GEN4,157.28,Pangoly_History
8/3/2025,2TB_NVME_GEN4,156.93,Pangoly_History
8/4/2025,2TB_NVME_GEN4,156.46,Pangoly_History
8/5/2025,2TB_NVME_GEN4,157.01,Pangoly_History
8/6/2025,2TB_NVME_GEN4,156.2,Pangoly_History
8/7/2025,2TB_NVME_GEN4,157.5,Pangoly_History
8/8/2025,2TB_NVME_GEN4,157.99,Pangoly_History
8/9/2025,2TB_NVME_GEN4,158.6,Pangoly_History
8/10/2025,2TB_NVME_GEN4,156.46,Pangoly_History
8/11/2025,2TB_NVME_GEN4,156.88,Pangoly_History
8/12/2025,2TB_NVME_GEN4,156.08,Pangoly_History
8/13/2025,2TB_NVME_GEN4,157.66,Pangoly_History
8/14/2025,2TB_NVME_GEN4,156.55,Pangoly_History
8/15/2025,2TB_NVME_GEN4,156.25,Pangoly_History
8/16/2025,2TB_NVME_GEN4,156.25,Pangoly_History
8/17/2025,2TB_NVME_GEN4,155.86,Pangoly_History
8/18/2025,2TB_NVME_GEN4,157.34,Pangoly_History
8/19/2025,2TB_NVME_GEN4,156.97,Pangoly_History
8/20/2025,2TB_NVME_GEN4,157.26,Pangoly_History
8/21/2025,2TB_NVME_GEN4,157.65,Pangoly_History
8/22/2025,2TB_NVME_GEN4,157.61,Pangoly_History
8/23/2025,2TB_NVME_GEN4,157.09,Pangoly_History
8/24/2025,2TB_NVME_GEN4,157.57,Pangoly_History
8/25/2025,2TB_NVME_GEN4,158.13,Pangoly_History
8/26/2025,2TB_NVME_GEN4,156.66,Pangoly_History
8/27/2025,2TB_NVME_GEN4,157.93,Pangoly_History
8/28/2025,2TB_NVME_GEN4,158.35,Pangoly_History
8/29/2025,2TB_NVME_GEN4,158.25,Pangoly_History
8/30/2025,2TB_NVME_GEN4,155.38,Pangoly_History
8/31/2025,2TB_NVME_GEN4,155.5,Pangoly_History
9/1/2025,2TB_NVME_GEN4,154.96,Pangoly_History
9/2/2025,2TB_NVME_GEN4,155.52,Pangoly_History
9/3/2025,2TB_NVME_GEN4,155.1,Pangoly_History
9/4/2025,2TB_NVME_GEN4,155.14,Pangoly_History
9/5/2025,2TB_NVME_GEN4,155.37,Pangoly_History
9/6/2025,2TB_NVME_GEN4,154.82,Pangoly_History
9/7/2025,2TB_NVME_GEN4,155.15,Pangoly_History
9/8/2025,2TB_NVME_GEN4,155.28,Pangoly_History
9/9/2025,2TB_NVME_GEN4,155.79,Pangoly_History
9/10/2025,2TB_NVME_GEN4,155.38,Pangoly_History
9/11/2025,2TB_NVME_GEN4,154.89,Pangoly_History
9/12/2025,2TB_NVME_GEN4,154.32,Pangoly_History
9/13/2025,2TB_NVME_GEN4,154.08,Pangoly_History
9/14/2025,2TB_NVME_GEN4,154.56,Pangoly_History
9/15/2025,2TB_NVME_GEN4,155.22,Pangoly_History
9/16/2025,2TB_NVME_GEN4,155.32,Pangoly_History
9/17/2025,2TB_NVME_GEN4,153.85,Pangoly_History
9/18/2025,2TB_NVME_GEN4,155.11,Pangoly_History
9/19/2025,2TB_NVME_GEN4,154.84,Pangoly_History
9/20/2025,2TB_NVME_GEN4,155.48,Pangoly_History
9/21/2025,2TB_NVME_GEN4,155.25,Pangoly_History
9/22/2025,2TB_NVME_GEN4,155.93,Pangoly_History
9/23/2025,2TB_NVME_GEN4,156.6,Pangoly_History
9/24/2025,2TB_NVME_GEN4,156.43,Pangoly_History
9/25/2025,2TB_NVME_GEN4,156.76,Pangoly_History
9/26/2025,2TB_NVME_GEN4,156.98,Pangoly_History
9/27/2025,2TB_NVME_GEN4,157.58,Pangoly_History
9/28/2025,2TB_NVME_GEN4,156.95,Pangoly_History
9/29/2025,2TB_NVME_GEN4,157.01,Pangoly_History
9/30/2025,2TB_NVME_GEN4,156.7,Pangoly_History
10/1/2025,2TB_NVME_GEN4,156.63,Pangoly_History
10/2/2025,2TB_NVME_GEN4,156.67,Pangoly_History
10/3/2025,2TB_NVME_GEN4,156.61,Pangoly_History
10/4/2025,2TB_NVME_GEN4,157.02,Pangoly_History
10/5/2025,2TB_NVME_GEN4,156.47,Pangoly_History
10/6/2025,2TB_NVME_GEN4,156.28,Pangoly_History
10/7/2025,2TB_NVME_GEN4,156.82,Pangoly_History
10/8/2025,2TB_NVME_GEN4,157.12,Pangoly_History
10/9/2025,2TB_NVME_GEN4,157.55,Pangoly_History
10/10/2025,2TB_NVME_GEN4,157.37,Pangoly_History
10/11/2025,2TB_NVME_GEN4,156.95,Pangoly_History
10/12/2025,2TB_NVME_GEN4,160.37,Pangoly_History
10/13/2025,2TB_NVME_GEN4,162.74,Pangoly_History
10/14/2025,2TB_NVME_GEN4,161.71,Pangoly_History
10/15/2025,2TB_NVME_GEN4,160.84,Pangoly_History
10/16/2025,2TB_NVME_GEN4,160.2,Pangoly_History
10/17/2025,2TB_NVME_GEN4,160.56,Pangoly_History
10/18/2025,2TB_NVME_GEN4,160.68,Pangoly_History
10/19/2025,2TB_NVME_GEN4,163.34,Pangoly_History
10/20/2025,2TB_NVME_GEN4,162.37,Pangoly_History
10/21/2025,2TB_NVME_GEN4,162.95,Pangoly_History
10/22/2025,2TB_NVME_GEN4,162.05,Pangoly_History
10/23/2025,2TB_NVME_GEN4,162.52,Pangoly_History
10/24/2025,2TB_NVME_GEN4,162.91,Pangoly_History
10/25/2025,2TB_NVME_GEN4,163.63,Pangoly_History
10/26/2025,2TB_NVME_GEN4,164.24,Pangoly_History
10/27/2025,2TB_NVME_GEN4,166.07,Pangoly_History
10/28/2025,2TB_NVME_GEN4,166.01,Pangoly_History
10/29/2025,2TB_NVME_GEN4,167.19,Pangoly_History
10/30/2025,2TB_NVME_GEN4,167.06,Pangoly_History
10/31/2025,2TB_NVME_GEN4,167.52,Pangoly_History
11/1/2025,2TB_NVME_GEN4,169.1,Pangoly_History
11/2/2025,2TB_NVME_GEN4,170.85,Pangoly_History
11/3/2025,2TB_NVME_GEN4,172.5,Pangoly_History
11/4/2025,2TB_NVME_GEN4,172.35,Pangoly_History
11/5/2025,2TB_NVME_GEN4,171.28,Pangoly_History
11/6/2025,2TB_NVME_GEN4,170.8,Pangoly_History
11/7/2025,2TB_NVME_GEN4,170.52,Pangoly_History
11/8/2025,2TB_NVME_GEN4,170.44,Pangoly_History
11/9/2025,2TB_NVME_GEN4,173.59,Pangoly_History
11/10/2025,2TB_NVME_GEN4,173.54,Pangoly_History
11/11/2025,2TB_NVME_GEN4,173.22,Pangoly_History
11/12/2025,2TB_NVME_GEN4,175.16,Pangoly_History
11/13/2025,2TB_NVME_GEN4,175.86,Pangoly_History
11/14/2025,2TB_NVME_GEN4,177.49,Pangoly_History
11/15/2025,2TB_NVME_GEN4,175.8,Pangoly_History
11/16/2025,2TB_NVME_GEN4,178.27,Pangoly_History
11/17/2025,2TB_NVME_GEN4,180.07,Pangoly_History
11/18/2025,2TB_NVME_GEN4,180.33,Pangoly_History
11/19/2025,2TB_NVME_GEN4,178.91,Pangoly_History
11/20/2025,2TB_NVME_GEN4,178.82,Pangoly_History
11/21/2025,2TB_NVME_GEN4,178.21,Pangoly_History
11/22/2025,2TB_NVME_GEN4,181.04,Pangoly_History
11/23/2025,2TB_NVME_GEN4,180.6,Pangoly_History
11/24/2025,2TB_NVME_GEN4,182.65,Pangoly_History
11/25/2025,2TB_NVME_GEN4,182.67,Pangoly_History
11/26/2025,2TB_NVME_GEN4,182.1,Pangoly_History
11/27/2025,2TB_NVME_GEN4,183.77,Pangoly_History
11/28/2025,2TB_NVME_GEN4,184.32,Pangoly_History
11/29/2025,2TB_NVME_GEN4,188.27,Pangoly_History
11/30/2025,2TB_NVME_GEN4,191.14,Pangoly_History
12/1/2025,2TB_NVME_GEN4,199.4,Pangoly_History
12/2/2025,2TB_NVME_GEN4,202.53,Pangoly_History
12/3/2025,2TB_NVME_GEN4,204.99,Pangoly_History
12/4/2025,2TB_NVME_GEN4,208.1,Pangoly_History
12/5/2025,2TB_NVME_GEN4,207.7,Pangoly_History
12/6/2025,2TB_NVME_GEN4,208.6,Pangoly_History
12/7/2025,2TB_NVME_GEN4,213.34,Pangoly_History
12/8/2025,2TB_NVME_GEN4,215.44,Pangoly_History
12/9/2025,2TB_NVME_GEN4,215.62,Pangoly_History
12/10/2025,2TB_NVME_GEN4,215.48,Pangoly_History
12/11/2025,2TB_NVME_GEN4,216.68,Pangoly_History
12/12/2025,2TB_NVME_GEN4,219.5,Pangoly_History
12/13/2025,2TB_NVME_GEN4,218.03,Pangoly_History
12/14/2025,2TB_NVME_GEN4,221.65,Pangoly_History
12/15/2025,2TB_NVME_GEN4,225.31,Pangoly_History
12/16/2025,2TB_NVME_GEN4,225.54,Pangoly_History
12/17/2025,2TB_NVME_GEN4,233.78,Pangoly_History
12/18/2025,2TB_NVME_GEN4,232.62,Pangoly_History
12/19/2025,2TB_NVME_GEN4,232.33,Pangoly_History
12/20/2025,2TB_NVME_GEN4,235.04,Pangoly_History
12/21/2025,2TB_NVME_GEN4,239.42,Pangoly_History
12/22/2025,2TB_NVME_GEN4,242.71,Pangoly_History
12/23/2025,2TB_NVME_GEN4,242.54,Pangoly_History
12/24/2025,2TB_NVME_GEN4,244.83,Pangoly_History
12/25/2025,2TB_NVME_GEN4,244.34,Pangoly_History
12/26/2025,2TB_NVME_GEN4,245,Pangoly_History
12/27/2025,2TB_NVME_GEN4,245.57,Pangoly_History
12/28/2025,2TB_NVME_GEN4,244.93,Pangoly_History
12/29/2025,2TB_NVME_GEN4,245.26,Pangoly_History
12/30/2025,2TB_NVME_GEN4,248.37,Pangoly_History
12/31/2025,2TB_NVME_GEN4,250.5,Pangoly_History
1/1/2026,2TB_NVME_GEN4,251.48,Pangoly_History
1/2/2026,2TB_NVME_GEN4,256.22,Pangoly_History
1/3/2026,2TB_NVME_GEN4,254.31,Pangoly_History
1/4/2026,2TB_NVME_GEN4,255.88,Pangoly_History
1/5/2026,2TB_NVME_GEN4,258.87,Pangoly_History
1/6/2026,2TB_NVME_GEN4,258.35,Pangoly_History
1/7/2026,2TB_NVME_GEN4,257.96,Pangoly_History
1/8/2026,2TB_NVME_GEN4,257.96,Pangoly_History
1/9/2026,2TB_NVME_GEN4,257.96,Pangoly_History
1/10/2026,2TB_NVME_GEN4,271.25,Pangoly_History
1/11/2026,2TB_NVME_GEN4,294.16,Pangoly_History
1/12/2026,2TB_NVME_GEN4,298.9,Pangoly_History
1/13/2026,2TB_NVME_GEN4,300.32,Pangoly_History
1/14/2026,2TB_NVME_GEN4,308.72,Pangoly_History
1/15/2026,2TB_NVME_GEN4,309.6,Pangoly_History
1/16/2026,2TB_NVME_GEN4,309.13,Pangoly_History
1/17/2026,2TB_NVME_GEN4,314.26,Pangoly_History
1/18/2026,2TB_NVME_GEN4,317.2,Pangoly_History
1/19/2026,2TB_NVME_GEN4,321.79,Pangoly_History
1/20/2026,2TB_NVME_GEN4,322.7,Pangoly_History
1/21/2026,2TB_NVME_GEN4,323.62,Pangoly_History
1/22/2026,2TB_NVME_GEN4,326.63,Pangoly_History
1/23/2026,2TB_NVME_GEN4,328.83,Pangoly_History
1/24/2026,2TB_NVME_GEN4,329.08,Pangoly_History
1/25/2026,2TB_NVME_GEN4,328.88,Pangoly_History
1/26/2026,2TB_NVME_GEN4,328.71,Pangoly_History
1/27/2026,2TB_NVME_GEN4,323.16,Pangoly_History
1/28/2026,2TB_NVME_GEN4,325.46,Pangoly_History
1/29/2026,2TB_NVME_GEN4,323.64,Pangoly_History
1/30/2026,2TB_NVME_GEN4,321.75,Pangoly_History
1/31/2026,2TB_NVME_GEN4,322.31,Pangoly_History
2/1/2026,2TB_NVME_GEN4,325.38,Pangoly_History
2/2/2026,2TB_NVME_GEN4,328.03,Pangoly_History
2/3/2026,2TB_NVME_GEN4,328.64,Pangoly_History
2/4/2026,2TB_NVME_GEN4,327.45,Pangoly_History
2/5/2026,2TB_NVME_GEN4,332.38,Pangoly_History
2/6/2026,2TB_NVME_GEN4,331.07,Pangoly_History
2/7/2026,2TB_NVME_GEN4,330.63,Pangoly_History
2/8/2026,2TB_NVME_GEN4,336.52,Pangoly_History
2/9/2026,2TB_NVME_GEN4,338.28,Pangoly_History
2/10/2026,2TB_NVME_GEN4,338.9,Pangoly_History
2/11/2026,2TB_NVME_GEN4,339.82,Pangoly_History
2/12/2026,2TB_NVME_GEN4,343.88,Pangoly_History
2/13/2026,2TB_NVME_GEN4,344.37,Pangoly_History
11/1/2021,DDR5_32GB_RAM,319.99,Pangoly_History
11/2/2021,DDR5_32GB_RAM,319.99,Pangoly_History
11/3/2021,DDR5_32GB_RAM,319.99,Pangoly_History
11/4/2021,DDR5_32GB_RAM,319.99,Pangoly_History
11/5/2021,DDR5_32GB_RAM,319.99,Pangoly_History
11/6/2021,DDR5_32GB_RAM,319.99,Pangoly_History
11/7/2021,DDR5_32GB_RAM,319.99,Pangoly_History
11/8/2021,DDR5_32GB_RAM,317.49,Pangoly_History
11/9/2021,DDR5_32GB_RAM,317.49,Pangoly_History
11/10/2021,DDR5_32GB_RAM,317.49,Pangoly_History
11/11/2021,DDR5_32GB_RAM,317.49,Pangoly_History
11/12/2021,DDR5_32GB_RAM,317.49,Pangoly_History
11/13/2021,DDR5_32GB_RAM,317.49,Pangoly_History
11/14/2021,DDR5_32GB_RAM,314.43,Pangoly_History
11/15/2021,DDR5_32GB_RAM,313.22,Pangoly_History
11/16/2021,DDR5_32GB_RAM,318.22,Pangoly_History
11/17/2021,DDR5_32GB_RAM,320.22,Pangoly_History
11/18/2021,DDR5_32GB_RAM,318.38,Pangoly_History
11/19/2021,DDR5_32GB_RAM,320.22,Pangoly_History
11/20/2021,DDR5_32GB_RAM,320.22,Pangoly_History
11/21/2021,DDR5_32GB_RAM,321.56,Pangoly_History
11/22/2021,DDR5_32GB_RAM,321.56,Pangoly_History
11/23/2021,DDR5_32GB_RAM,321.56,Pangoly_History
11/24/2021,DDR5_32GB_RAM,321.56,Pangoly_History
11/25/2021,DDR5_32GB_RAM,321.56,Pangoly_History
11/26/2021,DDR5_32GB_RAM,321.56,Pangoly_History
11/27/2021,DDR5_32GB_RAM,321.56,Pangoly_History
11/28/2021,DDR5_32GB_RAM,327.92,Pangoly_History
11/29/2021,DDR5_32GB_RAM,327.92,Pangoly_History
11/30/2021,DDR5_32GB_RAM,327.92,Pangoly_History
12/1/2021,DDR5_32GB_RAM,319.3,Pangoly_History
12/2/2021,DDR5_32GB_RAM,319.3,Pangoly_History
12/3/2021,DDR5_32GB_RAM,319.3,Pangoly_History
12/4/2021,DDR5_32GB_RAM,319.3,Pangoly_History
12/5/2021,DDR5_32GB_RAM,319.3,Pangoly_History
12/6/2021,DDR5_32GB_RAM,314.08,Pangoly_History
12/7/2021,DDR5_32GB_RAM,300.74,Pangoly_History
12/8/2021,DDR5_32GB_RAM,305.74,Pangoly_History
12/9/2021,DDR5_32GB_RAM,305.74,Pangoly_History
12/10/2021,DDR5_32GB_RAM,305.74,Pangoly_History
12/11/2021,DDR5_32GB_RAM,305.74,Pangoly_History
12/12/2021,DDR5_32GB_RAM,305.74,Pangoly_History
12/13/2021,DDR5_32GB_RAM,305.74,Pangoly_History
12/14/2021,DDR5_32GB_RAM,305.74,Pangoly_History
12/15/2021,DDR5_32GB_RAM,305.74,Pangoly_History
12/16/2021,DDR5_32GB_RAM,321.66,Pangoly_History
12/17/2021,DDR5_32GB_RAM,321.66,Pangoly_History
12/18/2021,DDR5_32GB_RAM,321.66,Pangoly_History
12/19/2021,DDR5_32GB_RAM,321.66,Pangoly_History
12/20/2021,DDR5_32GB_RAM,321.66,Pangoly_History
12/21/2021,DDR5_32GB_RAM,324.99,Pangoly_History
12/22/2021,DDR5_32GB_RAM,324.99,Pangoly_History
12/23/2021,DDR5_32GB_RAM,324.99,Pangoly_History
12/24/2021,DDR5_32GB_RAM,324.99,Pangoly_History
12/25/2021,DDR5_32GB_RAM,324.99,Pangoly_History
12/26/2021,DDR5_32GB_RAM,324.99,Pangoly_History
12/27/2021,DDR5_32GB_RAM,324.99,Pangoly_History
12/28/2021,DDR5_32GB_RAM,324.99,Pangoly_History
12/29/2021,DDR5_32GB_RAM,324.99,Pangoly_History
12/30/2021,DDR5_32GB_RAM,324.99,Pangoly_History
12/31/2021,DDR5_32GB_RAM,324.99,Pangoly_History
1/1/2022,DDR5_32GB_RAM,324.99,Pangoly_History
1/2/2022,DDR5_32GB_RAM,324.99,Pangoly_History
1/3/2022,DDR5_32GB_RAM,324.99,Pangoly_History
1/4/2022,DDR5_32GB_RAM,324.99,Pangoly_History
1/5/2022,DDR5_32GB_RAM,324.99,Pangoly_History
1/6/2022,DDR5_32GB_RAM,324.99,Pangoly_History
1/7/2022,DDR5_32GB_RAM,324.99,Pangoly_History
1/8/2022,DDR5_32GB_RAM,324.99,Pangoly_History
1/9/2022,DDR5_32GB_RAM,324.99,Pangoly_History
1/10/2022,DDR5_32GB_RAM,324.99,Pangoly_History
1/11/2022,DDR5_32GB_RAM,389.99,Pangoly_History
1/12/2022,DDR5_32GB_RAM,496.66,Pangoly_History
1/13/2022,DDR5_32GB_RAM,463.81,Pangoly_History
1/14/2022,DDR5_32GB_RAM,483.44,Pangoly_History
1/15/2022,DDR5_32GB_RAM,483.44,Pangoly_History
1/16/2022,DDR5_32GB_RAM,483.44,Pangoly_History
1/17/2022,DDR5_32GB_RAM,422.19,Pangoly_History
1/18/2022,DDR5_32GB_RAM,414.97,Pangoly_History
1/19/2022,DDR5_32GB_RAM,408.59,Pangoly_History
1/20/2022,DDR5_32GB_RAM,410.49,Pangoly_History
1/21/2022,DDR5_32GB_RAM,410.49,Pangoly_History
1/22/2022,DDR5_32GB_RAM,407.99,Pangoly_History
1/23/2022,DDR5_32GB_RAM,407.99,Pangoly_History
1/24/2022,DDR5_32GB_RAM,428.56,Pangoly_History
1/25/2022,DDR5_32GB_RAM,421.06,Pangoly_History
1/26/2022,DDR5_32GB_RAM,416.24,Pangoly_History
1/27/2022,DDR5_32GB_RAM,413.28,Pangoly_History
1/28/2022,DDR5_32GB_RAM,413.28,Pangoly_History
1/29/2022,DDR5_32GB_RAM,408.49,Pangoly_History
1/30/2022,DDR5_32GB_RAM,412.99,Pangoly_History
1/31/2022,DDR5_32GB_RAM,410.34,Pangoly_History
2/1/2022,DDR5_32GB_RAM,407.24,Pangoly_History
2/2/2022,DDR5_32GB_RAM,409.17,Pangoly_History
2/3/2022,DDR5_32GB_RAM,409.17,Pangoly_History
2/4/2022,DDR5_32GB_RAM,410.99,Pangoly_History
2/5/2022,DDR5_32GB_RAM,402.16,Pangoly_History
2/6/2022,DDR5_32GB_RAM,404.21,Pangoly_History
2/7/2022,DDR5_32GB_RAM,405.05,Pangoly_History
2/8/2022,DDR5_32GB_RAM,401.62,Pangoly_History
2/9/2022,DDR5_32GB_RAM,405.42,Pangoly_History
2/10/2022,DDR5_32GB_RAM,401.86,Pangoly_History
2/11/2022,DDR5_32GB_RAM,421.75,Pangoly_History
2/12/2022,DDR5_32GB_RAM,412.66,Pangoly_History
2/13/2022,DDR5_32GB_RAM,400.99,Pangoly_History
2/14/2022,DDR5_32GB_RAM,408.15,Pangoly_History
2/15/2022,DDR5_32GB_RAM,409.16,Pangoly_History
2/16/2022,DDR5_32GB_RAM,421.34,Pangoly_History
2/17/2022,DDR5_32GB_RAM,410.58,Pangoly_History
2/18/2022,DDR5_32GB_RAM,403.23,Pangoly_History
2/19/2022,DDR5_32GB_RAM,406.17,Pangoly_History
2/20/2022,DDR5_32GB_RAM,408.43,Pangoly_History
2/21/2022,DDR5_32GB_RAM,394.05,Pangoly_History
2/22/2022,DDR5_32GB_RAM,396.17,Pangoly_History
2/23/2022,DDR5_32GB_RAM,402.49,Pangoly_History
2/24/2022,DDR5_32GB_RAM,380.24,Pangoly_History
2/25/2022,DDR5_32GB_RAM,373.29,Pangoly_History
2/26/2022,DDR5_32GB_RAM,373.29,Pangoly_History
2/27/2022,DDR5_32GB_RAM,378.41,Pangoly_History
2/28/2022,DDR5_32GB_RAM,379.68,Pangoly_History
3/1/2022,DDR5_32GB_RAM,379.67,Pangoly_History
3/2/2022,DDR5_32GB_RAM,387.32,Pangoly_History
3/3/2022,DDR5_32GB_RAM,388.6,Pangoly_History
3/4/2022,DDR5_32GB_RAM,388.01,Pangoly_History
3/5/2022,DDR5_32GB_RAM,387.98,Pangoly_History
3/6/2022,DDR5_32GB_RAM,386.15,Pangoly_History
3/7/2022,DDR5_32GB_RAM,373.99,Pangoly_History
3/8/2022,DDR5_32GB_RAM,366.05,Pangoly_History
3/9/2022,DDR5_32GB_RAM,367.52,Pangoly_History
3/10/2022,DDR5_32GB_RAM,369.28,Pangoly_History
3/11/2022,DDR5_32GB_RAM,375.12,Pangoly_History
3/12/2022,DDR5_32GB_RAM,371.26,Pangoly_History
3/13/2022,DDR5_32GB_RAM,362.24,Pangoly_History
3/14/2022,DDR5_32GB_RAM,373.06,Pangoly_History
3/15/2022,DDR5_32GB_RAM,357.69,Pangoly_History
3/16/2022,DDR5_32GB_RAM,350.23,Pangoly_History
3/17/2022,DDR5_32GB_RAM,356.84,Pangoly_History
3/18/2022,DDR5_32GB_RAM,346.87,Pangoly_History
3/19/2022,DDR5_32GB_RAM,339.59,Pangoly_History
3/20/2022,DDR5_32GB_RAM,345.81,Pangoly_History
3/21/2022,DDR5_32GB_RAM,348.94,Pangoly_History
3/22/2022,DDR5_32GB_RAM,349.96,Pangoly_History
3/23/2022,DDR5_32GB_RAM,350.16,Pangoly_History
3/24/2022,DDR5_32GB_RAM,355.2,Pangoly_History
3/25/2022,DDR5_32GB_RAM,357.34,Pangoly_History
3/26/2022,DDR5_32GB_RAM,341.96,Pangoly_History
3/27/2022,DDR5_32GB_RAM,340.03,Pangoly_History
3/28/2022,DDR5_32GB_RAM,339.95,Pangoly_History
3/29/2022,DDR5_32GB_RAM,332.14,Pangoly_History
3/30/2022,DDR5_32GB_RAM,332.17,Pangoly_History
3/31/2022,DDR5_32GB_RAM,329.82,Pangoly_History
4/1/2022,DDR5_32GB_RAM,326.1,Pangoly_History
4/2/2022,DDR5_32GB_RAM,326.1,Pangoly_History
4/3/2022,DDR5_32GB_RAM,329.26,Pangoly_History
4/4/2022,DDR5_32GB_RAM,333.45,Pangoly_History
4/5/2022,DDR5_32GB_RAM,333.93,Pangoly_History
4/6/2022,DDR5_32GB_RAM,334.44,Pangoly_History
4/7/2022,DDR5_32GB_RAM,331.79,Pangoly_History
4/8/2022,DDR5_32GB_RAM,323.66,Pangoly_History
4/9/2022,DDR5_32GB_RAM,321.38,Pangoly_History
4/10/2022,DDR5_32GB_RAM,322.28,Pangoly_History
4/11/2022,DDR5_32GB_RAM,318.2,Pangoly_History
4/12/2022,DDR5_32GB_RAM,318.2,Pangoly_History
4/13/2022,DDR5_32GB_RAM,321.72,Pangoly_History
4/14/2022,DDR5_32GB_RAM,322.99,Pangoly_History
4/15/2022,DDR5_32GB_RAM,345.95,Pangoly_History
4/16/2022,DDR5_32GB_RAM,325.95,Pangoly_History
4/17/2022,DDR5_32GB_RAM,326.83,Pangoly_History
4/18/2022,DDR5_32GB_RAM,326.21,Pangoly_History
4/19/2022,DDR5_32GB_RAM,321.33,Pangoly_History
4/20/2022,DDR5_32GB_RAM,319.93,Pangoly_History
4/21/2022,DDR5_32GB_RAM,318.74,Pangoly_History
4/22/2022,DDR5_32GB_RAM,321.99,Pangoly_History
4/23/2022,DDR5_32GB_RAM,318.22,Pangoly_History
4/24/2022,DDR5_32GB_RAM,318.22,Pangoly_History
4/25/2022,DDR5_32GB_RAM,317.66,Pangoly_History
4/26/2022,DDR5_32GB_RAM,323.89,Pangoly_History
4/27/2022,DDR5_32GB_RAM,317.09,Pangoly_History
4/28/2022,DDR5_32GB_RAM,319.63,Pangoly_History
4/29/2022,DDR5_32GB_RAM,319.63,Pangoly_History
4/30/2022,DDR5_32GB_RAM,324.13,Pangoly_History
5/1/2022,DDR5_32GB_RAM,323.25,Pangoly_History
5/2/2022,DDR5_32GB_RAM,324.74,Pangoly_History
5/3/2022,DDR5_32GB_RAM,318.58,Pangoly_History
5/4/2022,DDR5_32GB_RAM,338.58,Pangoly_History
5/5/2022,DDR5_32GB_RAM,340.16,Pangoly_History
5/6/2022,DDR5_32GB_RAM,336.74,Pangoly_History
5/7/2022,DDR5_32GB_RAM,334.24,Pangoly_History
5/8/2022,DDR5_32GB_RAM,319.78,Pangoly_History
5/9/2022,DDR5_32GB_RAM,326.44,Pangoly_History
5/10/2022,DDR5_32GB_RAM,314.27,Pangoly_History
5/11/2022,DDR5_32GB_RAM,324.69,Pangoly_History
5/12/2022,DDR5_32GB_RAM,315.09,Pangoly_History
5/13/2022,DDR5_32GB_RAM,313.66,Pangoly_History
5/14/2022,DDR5_32GB_RAM,313.92,Pangoly_History
5/15/2022,DDR5_32GB_RAM,313.79,Pangoly_History
5/16/2022,DDR5_32GB_RAM,311.8,Pangoly_History
5/17/2022,DDR5_32GB_RAM,309.94,Pangoly_History
5/18/2022,DDR5_32GB_RAM,304.06,Pangoly_History
5/19/2022,DDR5_32GB_RAM,306.6,Pangoly_History
5/20/2022,DDR5_32GB_RAM,308.48,Pangoly_History
5/21/2022,DDR5_32GB_RAM,309.22,Pangoly_History
5/22/2022,DDR5_32GB_RAM,311.35,Pangoly_History
5/23/2022,DDR5_32GB_RAM,310.99,Pangoly_History
5/24/2022,DDR5_32GB_RAM,312.82,Pangoly_History
5/25/2022,DDR5_32GB_RAM,316.39,Pangoly_History
5/26/2022,DDR5_32GB_RAM,314.58,Pangoly_History
5/27/2022,DDR5_32GB_RAM,312.09,Pangoly_History
5/28/2022,DDR5_32GB_RAM,312,Pangoly_History
5/29/2022,DDR5_32GB_RAM,310.72,Pangoly_History
5/30/2022,DDR5_32GB_RAM,309.74,Pangoly_History
5/31/2022,DDR5_32GB_RAM,317.15,Pangoly_History
6/1/2022,DDR5_32GB_RAM,315.53,Pangoly_History
6/2/2022,DDR5_32GB_RAM,315.01,Pangoly_History
6/3/2022,DDR5_32GB_RAM,315.13,Pangoly_History
6/4/2022,DDR5_32GB_RAM,314.23,Pangoly_History
6/5/2022,DDR5_32GB_RAM,312.77,Pangoly_History
6/6/2022,DDR5_32GB_RAM,310.49,Pangoly_History
6/7/2022,DDR5_32GB_RAM,299.71,Pangoly_History
6/8/2022,DDR5_32GB_RAM,301.53,Pangoly_History
6/9/2022,DDR5_32GB_RAM,302.37,Pangoly_History
6/10/2022,DDR5_32GB_RAM,302.9,Pangoly_History
6/11/2022,DDR5_32GB_RAM,304.17,Pangoly_History
6/12/2022,DDR5_32GB_RAM,301.53,Pangoly_History
6/13/2022,DDR5_32GB_RAM,302.51,Pangoly_History
6/14/2022,DDR5_32GB_RAM,302.84,Pangoly_History
6/15/2022,DDR5_32GB_RAM,304.93,Pangoly_History
6/16/2022,DDR5_32GB_RAM,303.07,Pangoly_History
6/17/2022,DDR5_32GB_RAM,301.4,Pangoly_History
6/18/2022,DDR5_32GB_RAM,302.28,Pangoly_History
6/19/2022,DDR5_32GB_RAM,300.25,Pangoly_History
6/20/2022,DDR5_32GB_RAM,297.21,Pangoly_History
6/21/2022,DDR5_32GB_RAM,293.55,Pangoly_History
6/22/2022,DDR5_32GB_RAM,293.49,Pangoly_History
6/23/2022,DDR5_32GB_RAM,293.25,Pangoly_History
6/24/2022,DDR5_32GB_RAM,292.43,Pangoly_History
6/25/2022,DDR5_32GB_RAM,291.94,Pangoly_History
6/26/2022,DDR5_32GB_RAM,292.79,Pangoly_History
6/27/2022,DDR5_32GB_RAM,291.87,Pangoly_History
6/28/2022,DDR5_32GB_RAM,290.26,Pangoly_History
6/29/2022,DDR5_32GB_RAM,290.47,Pangoly_History
6/30/2022,DDR5_32GB_RAM,297.03,Pangoly_History
7/1/2022,DDR5_32GB_RAM,297.03,Pangoly_History
7/2/2022,DDR5_32GB_RAM,290.26,Pangoly_History
7/3/2022,DDR5_32GB_RAM,296.07,Pangoly_History
7/4/2022,DDR5_32GB_RAM,290.62,Pangoly_History
7/5/2022,DDR5_32GB_RAM,287.12,Pangoly_History
7/6/2022,DDR5_32GB_RAM,288.37,Pangoly_History
7/7/2022,DDR5_32GB_RAM,287.32,Pangoly_History
7/8/2022,DDR5_32GB_RAM,287.6,Pangoly_History
7/9/2022,DDR5_32GB_RAM,288.4,Pangoly_History
7/10/2022,DDR5_32GB_RAM,285.01,Pangoly_History
7/11/2022,DDR5_32GB_RAM,281.26,Pangoly_History
7/12/2022,DDR5_32GB_RAM,280,Pangoly_History
7/13/2022,DDR5_32GB_RAM,279.68,Pangoly_History
7/14/2022,DDR5_32GB_RAM,280.17,Pangoly_History
7/15/2022,DDR5_32GB_RAM,282.76,Pangoly_History
7/16/2022,DDR5_32GB_RAM,284.57,Pangoly_History
7/17/2022,DDR5_32GB_RAM,286.76,Pangoly_History
7/18/2022,DDR5_32GB_RAM,285.24,Pangoly_History
7/19/2022,DDR5_32GB_RAM,280.89,Pangoly_History
7/20/2022,DDR5_32GB_RAM,278.77,Pangoly_History
7/21/2022,DDR5_32GB_RAM,277.89,Pangoly_History
7/22/2022,DDR5_32GB_RAM,278.99,Pangoly_History
7/23/2022,DDR5_32GB_RAM,278.83,Pangoly_History
7/24/2022,DDR5_32GB_RAM,275.58,Pangoly_History
7/25/2022,DDR5_32GB_RAM,273.53,Pangoly_History
7/26/2022,DDR5_32GB_RAM,273.2,Pangoly_History
7/27/2022,DDR5_32GB_RAM,274.6,Pangoly_History
7/28/2022,DDR5_32GB_RAM,275.89,Pangoly_History
7/29/2022,DDR5_32GB_RAM,279.76,Pangoly_History
7/30/2022,DDR5_32GB_RAM,279.92,Pangoly_History
7/31/2022,DDR5_32GB_RAM,282.68,Pangoly_History
8/1/2022,DDR5_32GB_RAM,278.18,Pangoly_History
8/2/2022,DDR5_32GB_RAM,275.18,Pangoly_History
8/3/2022,DDR5_32GB_RAM,271.37,Pangoly_History
8/4/2022,DDR5_32GB_RAM,270.62,Pangoly_History
8/5/2022,DDR5_32GB_RAM,270.5,Pangoly_History
8/6/2022,DDR5_32GB_RAM,270.13,Pangoly_History
8/7/2022,DDR5_32GB_RAM,270.91,Pangoly_History
8/8/2022,DDR5_32GB_RAM,267.76,Pangoly_History
8/9/2022,DDR5_32GB_RAM,266.7,Pangoly_History
8/10/2022,DDR5_32GB_RAM,266.58,Pangoly_History
8/11/2022,DDR5_32GB_RAM,266.84,Pangoly_History
8/12/2022,DDR5_32GB_RAM,267.13,Pangoly_History
8/13/2022,DDR5_32GB_RAM,268.05,Pangoly_History
8/14/2022,DDR5_32GB_RAM,268.54,Pangoly_History
8/15/2022,DDR5_32GB_RAM,264.3,Pangoly_History
8/16/2022,DDR5_32GB_RAM,260.14,Pangoly_History
8/17/2022,DDR5_32GB_RAM,258.49,Pangoly_History
8/18/2022,DDR5_32GB_RAM,257.34,Pangoly_History
8/19/2022,DDR5_32GB_RAM,256.49,Pangoly_History
8/20/2022,DDR5_32GB_RAM,256.29,Pangoly_History
8/21/2022,DDR5_32GB_RAM,254.77,Pangoly_History
8/22/2022,DDR5_32GB_RAM,252.88,Pangoly_History
8/23/2022,DDR5_32GB_RAM,254.74,Pangoly_History
8/24/2022,DDR5_32GB_RAM,252.55,Pangoly_History
8/25/2022,DDR5_32GB_RAM,251.88,Pangoly_History
8/26/2022,DDR5_32GB_RAM,254.14,Pangoly_History
8/27/2022,DDR5_32GB_RAM,256.78,Pangoly_History
8/28/2022,DDR5_32GB_RAM,251.76,Pangoly_History
8/29/2022,DDR5_32GB_RAM,248.68,Pangoly_History
8/30/2022,DDR5_32GB_RAM,248.74,Pangoly_History
8/31/2022,DDR5_32GB_RAM,249.41,Pangoly_History
9/1/2022,DDR5_32GB_RAM,251.66,Pangoly_History
9/2/2022,DDR5_32GB_RAM,250.76,Pangoly_History
9/3/2022,DDR5_32GB_RAM,250.81,Pangoly_History
9/4/2022,DDR5_32GB_RAM,247.95,Pangoly_History
9/5/2022,DDR5_32GB_RAM,252.59,Pangoly_History
9/6/2022,DDR5_32GB_RAM,247.07,Pangoly_History
9/7/2022,DDR5_32GB_RAM,242.26,Pangoly_History
9/8/2022,DDR5_32GB_RAM,241.2,Pangoly_History
9/9/2022,DDR5_32GB_RAM,243.43,Pangoly_History
9/10/2022,DDR5_32GB_RAM,243.99,Pangoly_History
9/11/2022,DDR5_32GB_RAM,242.71,Pangoly_History
9/12/2022,DDR5_32GB_RAM,240.26,Pangoly_History
9/13/2022,DDR5_32GB_RAM,244.46,Pangoly_History
9/14/2022,DDR5_32GB_RAM,240.86,Pangoly_History
9/15/2022,DDR5_32GB_RAM,239.85,Pangoly_History
9/16/2022,DDR5_32GB_RAM,241.31,Pangoly_History
9/17/2022,DDR5_32GB_RAM,239.62,Pangoly_History
9/18/2022,DDR5_32GB_RAM,238.9,Pangoly_History
9/19/2022,DDR5_32GB_RAM,236.67,Pangoly_History
9/20/2022,DDR5_32GB_RAM,233.66,Pangoly_History
9/21/2022,DDR5_32GB_RAM,231.33,Pangoly_History
9/22/2022,DDR5_32GB_RAM,230.98,Pangoly_History
9/23/2022,DDR5_32GB_RAM,229.86,Pangoly_History
9/24/2022,DDR5_32GB_RAM,230.39,Pangoly_History
9/25/2022,DDR5_32GB_RAM,228.14,Pangoly_History
9/26/2022,DDR5_32GB_RAM,231.01,Pangoly_History
9/27/2022,DDR5_32GB_RAM,233.79,Pangoly_History
9/28/2022,DDR5_32GB_RAM,230.99,Pangoly_History
9/29/2022,DDR5_32GB_RAM,230.3,Pangoly_History
9/30/2022,DDR5_32GB_RAM,233.2,Pangoly_History
10/1/2022,DDR5_32GB_RAM,233.55,Pangoly_History
10/2/2022,DDR5_32GB_RAM,234.06,Pangoly_History
10/3/2022,DDR5_32GB_RAM,232.05,Pangoly_History
10/4/2022,DDR5_32GB_RAM,225.5,Pangoly_History
10/5/2022,DDR5_32GB_RAM,224.92,Pangoly_History
10/6/2022,DDR5_32GB_RAM,224.92,Pangoly_History
10/7/2022,DDR5_32GB_RAM,229.89,Pangoly_History
10/8/2022,DDR5_32GB_RAM,232.73,Pangoly_History
10/9/2022,DDR5_32GB_RAM,237.88,Pangoly_History
10/10/2022,DDR5_32GB_RAM,236.94,Pangoly_History
10/11/2022,DDR5_32GB_RAM,233.49,Pangoly_History
10/12/2022,DDR5_32GB_RAM,233.31,Pangoly_History
10/13/2022,DDR5_32GB_RAM,227.11,Pangoly_History
10/14/2022,DDR5_32GB_RAM,223.22,Pangoly_History
10/15/2022,DDR5_32GB_RAM,229.12,Pangoly_History
10/16/2022,DDR5_32GB_RAM,228.27,Pangoly_History
10/17/2022,DDR5_32GB_RAM,227.44,Pangoly_History
10/18/2022,DDR5_32GB_RAM,225.73,Pangoly_History
10/19/2022,DDR5_32GB_RAM,222.81,Pangoly_History
10/20/2022,DDR5_32GB_RAM,222.62,Pangoly_History
10/21/2022,DDR5_32GB_RAM,227.35,Pangoly_History
10/22/2022,DDR5_32GB_RAM,226.27,Pangoly_History
10/23/2022,DDR5_32GB_RAM,222.41,Pangoly_History
10/24/2022,DDR5_32GB_RAM,225.96,Pangoly_History
10/25/2022,DDR5_32GB_RAM,223.04,Pangoly_History
10/26/2022,DDR5_32GB_RAM,220.8,Pangoly_History
10/27/2022,DDR5_32GB_RAM,220.53,Pangoly_History
10/28/2022,DDR5_32GB_RAM,221.74,Pangoly_History
10/29/2022,DDR5_32GB_RAM,216.08,Pangoly_History
10/30/2022,DDR5_32GB_RAM,213.53,Pangoly_History
10/31/2022,DDR5_32GB_RAM,215.63,Pangoly_History
11/1/2022,DDR5_32GB_RAM,214.64,Pangoly_History
11/2/2022,DDR5_32GB_RAM,211.91,Pangoly_History
11/3/2022,DDR5_32GB_RAM,212.76,Pangoly_History
11/4/2022,DDR5_32GB_RAM,212.15,Pangoly_History
11/5/2022,DDR5_32GB_RAM,212.52,Pangoly_History
11/6/2022,DDR5_32GB_RAM,212.52,Pangoly_History
11/7/2022,DDR5_32GB_RAM,212.52,Pangoly_History
11/8/2022,DDR5_32GB_RAM,204.88,Pangoly_History
11/9/2022,DDR5_32GB_RAM,205.31,Pangoly_History
11/10/2022,DDR5_32GB_RAM,204.77,Pangoly_History
11/11/2022,DDR5_32GB_RAM,205.73,Pangoly_History
11/12/2022,DDR5_32GB_RAM,205.4,Pangoly_History
11/13/2022,DDR5_32GB_RAM,210.04,Pangoly_History
11/14/2022,DDR5_32GB_RAM,206.85,Pangoly_History
11/15/2022,DDR5_32GB_RAM,206.37,Pangoly_History
11/16/2022,DDR5_32GB_RAM,204.61,Pangoly_History
11/17/2022,DDR5_32GB_RAM,204.94,Pangoly_History
11/18/2022,DDR5_32GB_RAM,206.82,Pangoly_History
11/19/2022,DDR5_32GB_RAM,205.97,Pangoly_History
11/20/2022,DDR5_32GB_RAM,205.61,Pangoly_History
11/21/2022,DDR5_32GB_RAM,205.35,Pangoly_History
11/22/2022,DDR5_32GB_RAM,202.46,Pangoly_History
11/23/2022,DDR5_32GB_RAM,202.57,Pangoly_History
11/24/2022,DDR5_32GB_RAM,202.11,Pangoly_History
11/25/2022,DDR5_32GB_RAM,205.04,Pangoly_History
11/26/2022,DDR5_32GB_RAM,204.58,Pangoly_History
11/27/2022,DDR5_32GB_RAM,202.9,Pangoly_History
11/28/2022,DDR5_32GB_RAM,202.37,Pangoly_History
11/29/2022,DDR5_32GB_RAM,202.8,Pangoly_History
11/30/2022,DDR5_32GB_RAM,205.41,Pangoly_History
12/1/2022,DDR5_32GB_RAM,206.33,Pangoly_History
12/2/2022,DDR5_32GB_RAM,206.61,Pangoly_History
12/3/2022,DDR5_32GB_RAM,205.47,Pangoly_History
12/4/2022,DDR5_32GB_RAM,207.88,Pangoly_History
12/5/2022,DDR5_32GB_RAM,205.62,Pangoly_History
12/6/2022,DDR5_32GB_RAM,206.03,Pangoly_History
12/7/2022,DDR5_32GB_RAM,200.35,Pangoly_History
12/8/2022,DDR5_32GB_RAM,201.59,Pangoly_History
12/9/2022,DDR5_32GB_RAM,202.23,Pangoly_History
12/10/2022,DDR5_32GB_RAM,201.51,Pangoly_History
12/11/2022,DDR5_32GB_RAM,199.54,Pangoly_History
12/12/2022,DDR5_32GB_RAM,198.88,Pangoly_History
12/13/2022,DDR5_32GB_RAM,199.1,Pangoly_History
12/14/2022,DDR5_32GB_RAM,197.2,Pangoly_History
12/15/2022,DDR5_32GB_RAM,196.3,Pangoly_History
12/16/2022,DDR5_32GB_RAM,196.09,Pangoly_History
12/17/2022,DDR5_32GB_RAM,192.92,Pangoly_History
12/18/2022,DDR5_32GB_RAM,190.08,Pangoly_History
12/19/2022,DDR5_32GB_RAM,190.86,Pangoly_History
12/20/2022,DDR5_32GB_RAM,188.02,Pangoly_History
12/21/2022,DDR5_32GB_RAM,187.29,Pangoly_History
12/22/2022,DDR5_32GB_RAM,186.95,Pangoly_History
12/23/2022,DDR5_32GB_RAM,189.08,Pangoly_History
12/24/2022,DDR5_32GB_RAM,191.34,Pangoly_History
12/25/2022,DDR5_32GB_RAM,191.4,Pangoly_History
12/26/2022,DDR5_32GB_RAM,190.55,Pangoly_History
12/27/2022,DDR5_32GB_RAM,189.98,Pangoly_History
12/28/2022,DDR5_32GB_RAM,189.32,Pangoly_History
12/29/2022,DDR5_32GB_RAM,185.79,Pangoly_History
12/30/2022,DDR5_32GB_RAM,184.54,Pangoly_History
12/31/2022,DDR5_32GB_RAM,196.5,Pangoly_History
1/1/2023,DDR5_32GB_RAM,195.3,Pangoly_History
1/2/2023,DDR5_32GB_RAM,195.29,Pangoly_History
1/3/2023,DDR5_32GB_RAM,183.36,Pangoly_History
1/4/2023,DDR5_32GB_RAM,180.52,Pangoly_History
1/5/2023,DDR5_32GB_RAM,179.52,Pangoly_History
1/6/2023,DDR5_32GB_RAM,179.13,Pangoly_History
1/7/2023,DDR5_32GB_RAM,176.9,Pangoly_History
1/8/2023,DDR5_32GB_RAM,175.88,Pangoly_History
1/9/2023,DDR5_32GB_RAM,172.69,Pangoly_History
1/10/2023,DDR5_32GB_RAM,171.94,Pangoly_History
1/11/2023,DDR5_32GB_RAM,174.3,Pangoly_History
1/12/2023,DDR5_32GB_RAM,170.39,Pangoly_History
1/13/2023,DDR5_32GB_RAM,170.52,Pangoly_History
1/14/2023,DDR5_32GB_RAM,169.68,Pangoly_History
1/15/2023,DDR5_32GB_RAM,169.84,Pangoly_History
1/16/2023,DDR5_32GB_RAM,168.63,Pangoly_History
1/17/2023,DDR5_32GB_RAM,168.25,Pangoly_History
1/18/2023,DDR5_32GB_RAM,167.05,Pangoly_History
1/19/2023,DDR5_32GB_RAM,168.58,Pangoly_History
1/20/2023,DDR5_32GB_RAM,166.83,Pangoly_History
1/21/2023,DDR5_32GB_RAM,167.16,Pangoly_History
1/22/2023,DDR5_32GB_RAM,163.81,Pangoly_History
1/23/2023,DDR5_32GB_RAM,163.67,Pangoly_History
1/24/2023,DDR5_32GB_RAM,165.36,Pangoly_History
1/25/2023,DDR5_32GB_RAM,166.53,Pangoly_History
1/26/2023,DDR5_32GB_RAM,166.76,Pangoly_History
1/27/2023,DDR5_32GB_RAM,165.77,Pangoly_History
1/28/2023,DDR5_32GB_RAM,166.31,Pangoly_History
1/29/2023,DDR5_32GB_RAM,166.85,Pangoly_History
1/30/2023,DDR5_32GB_RAM,165.48,Pangoly_History
1/31/2023,DDR5_32GB_RAM,162.97,Pangoly_History
2/1/2023,DDR5_32GB_RAM,161.54,Pangoly_History
2/2/2023,DDR5_32GB_RAM,164.46,Pangoly_History
2/3/2023,DDR5_32GB_RAM,162.71,Pangoly_History
2/4/2023,DDR5_32GB_RAM,162.03,Pangoly_History
2/5/2023,DDR5_32GB_RAM,160.96,Pangoly_History
2/6/2023,DDR5_32GB_RAM,161.04,Pangoly_History
2/7/2023,DDR5_32GB_RAM,161.14,Pangoly_History
2/8/2023,DDR5_32GB_RAM,161,Pangoly_History
2/9/2023,DDR5_32GB_RAM,158.93,Pangoly_History
2/10/2023,DDR5_32GB_RAM,159.56,Pangoly_History
2/11/2023,DDR5_32GB_RAM,160.51,Pangoly_History
2/12/2023,DDR5_32GB_RAM,159.63,Pangoly_History
2/13/2023,DDR5_32GB_RAM,158.9,Pangoly_History
2/14/2023,DDR5_32GB_RAM,157.94,Pangoly_History
2/15/2023,DDR5_32GB_RAM,157.05,Pangoly_History
2/16/2023,DDR5_32GB_RAM,156.52,Pangoly_History
2/17/2023,DDR5_32GB_RAM,154.5,Pangoly_History
2/18/2023,DDR5_32GB_RAM,154.19,Pangoly_History
2/19/2023,DDR5_32GB_RAM,155.69,Pangoly_History
2/20/2023,DDR5_32GB_RAM,154.61,Pangoly_History
2/21/2023,DDR5_32GB_RAM,154.04,Pangoly_History
2/22/2023,DDR5_32GB_RAM,153.62,Pangoly_History
2/23/2023,DDR5_32GB_RAM,154.27,Pangoly_History
2/24/2023,DDR5_32GB_RAM,154.29,Pangoly_History
2/25/2023,DDR5_32GB_RAM,154.12,Pangoly_History
2/26/2023,DDR5_32GB_RAM,155.35,Pangoly_History
2/27/2023,DDR5_32GB_RAM,154.84,Pangoly_History
2/28/2023,DDR5_32GB_RAM,157.44,Pangoly_History
3/1/2023,DDR5_32GB_RAM,154.98,Pangoly_History
3/2/2023,DDR5_32GB_RAM,154.56,Pangoly_History
3/3/2023,DDR5_32GB_RAM,154.35,Pangoly_History
3/4/2023,DDR5_32GB_RAM,153.19,Pangoly_History
3/5/2023,DDR5_32GB_RAM,151.33,Pangoly_History
3/6/2023,DDR5_32GB_RAM,152.16,Pangoly_History
3/7/2023,DDR5_32GB_RAM,151.34,Pangoly_History
3/8/2023,DDR5_32GB_RAM,149.86,Pangoly_History
3/9/2023,DDR5_32GB_RAM,149.81,Pangoly_History
3/10/2023,DDR5_32GB_RAM,149.96,Pangoly_History
3/11/2023,DDR5_32GB_RAM,150.25,Pangoly_History
3/12/2023,DDR5_32GB_RAM,149.11,Pangoly_History
3/13/2023,DDR5_32GB_RAM,149.28,Pangoly_History
3/14/2023,DDR5_32GB_RAM,147.35,Pangoly_History
3/15/2023,DDR5_32GB_RAM,146.53,Pangoly_History
3/16/2023,DDR5_32GB_RAM,144.19,Pangoly_History
3/17/2023,DDR5_32GB_RAM,144.06,Pangoly_History
3/18/2023,DDR5_32GB_RAM,144.14,Pangoly_History
3/19/2023,DDR5_32GB_RAM,144.59,Pangoly_History
3/20/2023,DDR5_32GB_RAM,144.73,Pangoly_History
3/21/2023,DDR5_32GB_RAM,142.8,Pangoly_History
3/22/2023,DDR5_32GB_RAM,142.3,Pangoly_History
3/23/2023,DDR5_32GB_RAM,142.82,Pangoly_History
3/24/2023,DDR5_32GB_RAM,142.28,Pangoly_History
3/25/2023,DDR5_32GB_RAM,142.72,Pangoly_History
3/26/2023,DDR5_32GB_RAM,141.87,Pangoly_History
3/27/2023,DDR5_32GB_RAM,142.23,Pangoly_History
3/28/2023,DDR5_32GB_RAM,139.98,Pangoly_History
3/29/2023,DDR5_32GB_RAM,139.4,Pangoly_History
3/30/2023,DDR5_32GB_RAM,139.86,Pangoly_History
3/31/2023,DDR5_32GB_RAM,142.41,Pangoly_History
4/1/2023,DDR5_32GB_RAM,142.52,Pangoly_History
4/2/2023,DDR5_32GB_RAM,141.62,Pangoly_History
4/3/2023,DDR5_32GB_RAM,139.65,Pangoly_History
4/4/2023,DDR5_32GB_RAM,138.44,Pangoly_History
4/5/2023,DDR5_32GB_RAM,137.73,Pangoly_History
4/6/2023,DDR5_32GB_RAM,137.36,Pangoly_History
4/7/2023,DDR5_32GB_RAM,136.74,Pangoly_History
4/8/2023,DDR5_32GB_RAM,136.71,Pangoly_History
4/9/2023,DDR5_32GB_RAM,138.15,Pangoly_History
4/10/2023,DDR5_32GB_RAM,138,Pangoly_History
4/11/2023,DDR5_32GB_RAM,137.18,Pangoly_History
4/12/2023,DDR5_32GB_RAM,135.92,Pangoly_History
4/13/2023,DDR5_32GB_RAM,135.7,Pangoly_History
4/14/2023,DDR5_32GB_RAM,135.36,Pangoly_History
4/15/2023,DDR5_32GB_RAM,135.41,Pangoly_History
4/16/2023,DDR5_32GB_RAM,133.6,Pangoly_History
4/17/2023,DDR5_32GB_RAM,133.68,Pangoly_History
4/18/2023,DDR5_32GB_RAM,133.14,Pangoly_History
4/19/2023,DDR5_32GB_RAM,132.54,Pangoly_History
4/20/2023,DDR5_32GB_RAM,131.87,Pangoly_History
4/21/2023,DDR5_32GB_RAM,131.13,Pangoly_History
4/22/2023,DDR5_32GB_RAM,130.99,Pangoly_History
4/23/2023,DDR5_32GB_RAM,129.69,Pangoly_History
4/24/2023,DDR5_32GB_RAM,127.96,Pangoly_History
4/25/2023,DDR5_32GB_RAM,126.52,Pangoly_History
4/26/2023,DDR5_32GB_RAM,125,Pangoly_History
4/27/2023,DDR5_32GB_RAM,124.64,Pangoly_History
4/28/2023,DDR5_32GB_RAM,124.92,Pangoly_History
4/29/2023,DDR5_32GB_RAM,124.76,Pangoly_History
4/30/2023,DDR5_32GB_RAM,126.33,Pangoly_History
5/1/2023,DDR5_32GB_RAM,125.79,Pangoly_History
5/2/2023,DDR5_32GB_RAM,125.98,Pangoly_History
5/3/2023,DDR5_32GB_RAM,125.89,Pangoly_History
5/4/2023,DDR5_32GB_RAM,125.25,Pangoly_History
5/5/2023,DDR5_32GB_RAM,125.5,Pangoly_History
5/6/2023,DDR5_32GB_RAM,125.66,Pangoly_History
5/7/2023,DDR5_32GB_RAM,125.03,Pangoly_History
5/8/2023,DDR5_32GB_RAM,124.67,Pangoly_History
5/9/2023,DDR5_32GB_RAM,124.1,Pangoly_History
5/10/2023,DDR5_32GB_RAM,124.43,Pangoly_History
5/11/2023,DDR5_32GB_RAM,123.98,Pangoly_History
5/12/2023,DDR5_32GB_RAM,124.07,Pangoly_History
5/13/2023,DDR5_32GB_RAM,124.08,Pangoly_History
5/14/2023,DDR5_32GB_RAM,124.59,Pangoly_History
5/15/2023,DDR5_32GB_RAM,124.84,Pangoly_History
5/16/2023,DDR5_32GB_RAM,123.68,Pangoly_History
5/17/2023,DDR5_32GB_RAM,122.74,Pangoly_History
5/18/2023,DDR5_32GB_RAM,122.06,Pangoly_History
5/19/2023,DDR5_32GB_RAM,121.21,Pangoly_History
5/20/2023,DDR5_32GB_RAM,121.17,Pangoly_History
5/21/2023,DDR5_32GB_RAM,122.28,Pangoly_History
5/22/2023,DDR5_32GB_RAM,120.45,Pangoly_History
5/23/2023,DDR5_32GB_RAM,120.8,Pangoly_History
5/24/2023,DDR5_32GB_RAM,120.98,Pangoly_History
5/25/2023,DDR5_32GB_RAM,119.56,Pangoly_History
5/26/2023,DDR5_32GB_RAM,118.92,Pangoly_History
5/27/2023,DDR5_32GB_RAM,118.98,Pangoly_History
5/28/2023,DDR5_32GB_RAM,119.44,Pangoly_History
5/29/2023,DDR5_32GB_RAM,119.15,Pangoly_History
5/30/2023,DDR5_32GB_RAM,118.51,Pangoly_History
5/31/2023,DDR5_32GB_RAM,120.36,Pangoly_History
6/1/2023,DDR5_32GB_RAM,117.87,Pangoly_History
6/2/2023,DDR5_32GB_RAM,117.73,Pangoly_History
6/3/2023,DDR5_32GB_RAM,118.09,Pangoly_History
6/4/2023,DDR5_32GB_RAM,117.98,Pangoly_History
6/5/2023,DDR5_32GB_RAM,117.66,Pangoly_History
6/6/2023,DDR5_32GB_RAM,117.74,Pangoly_History
6/7/2023,DDR5_32GB_RAM,117.68,Pangoly_History
6/8/2023,DDR5_32GB_RAM,117.62,Pangoly_History
6/9/2023,DDR5_32GB_RAM,124.87,Pangoly_History
6/10/2023,DDR5_32GB_RAM,125.07,Pangoly_History
6/11/2023,DDR5_32GB_RAM,125.06,Pangoly_History
6/12/2023,DDR5_32GB_RAM,124.54,Pangoly_History
6/13/2023,DDR5_32GB_RAM,124.6,Pangoly_History
6/14/2023,DDR5_32GB_RAM,125.25,Pangoly_History
6/15/2023,DDR5_32GB_RAM,125.73,Pangoly_History
6/16/2023,DDR5_32GB_RAM,125.56,Pangoly_History
6/17/2023,DDR5_32GB_RAM,125.96,Pangoly_History
6/18/2023,DDR5_32GB_RAM,125.5,Pangoly_History
6/19/2023,DDR5_32GB_RAM,126.34,Pangoly_History
6/20/2023,DDR5_32GB_RAM,116.92,Pangoly_History
6/21/2023,DDR5_32GB_RAM,117.34,Pangoly_History
6/22/2023,DDR5_32GB_RAM,117.21,Pangoly_History
6/23/2023,DDR5_32GB_RAM,124.44,Pangoly_History
6/24/2023,DDR5_32GB_RAM,124.38,Pangoly_History
6/25/2023,DDR5_32GB_RAM,124.62,Pangoly_History
6/26/2023,DDR5_32GB_RAM,124.26,Pangoly_History
6/27/2023,DDR5_32GB_RAM,123.2,Pangoly_History
6/28/2023,DDR5_32GB_RAM,123.58,Pangoly_History
6/29/2023,DDR5_32GB_RAM,116.98,Pangoly_History
6/30/2023,DDR5_32GB_RAM,119.67,Pangoly_History
7/1/2023,DDR5_32GB_RAM,120.82,Pangoly_History
7/2/2023,DDR5_32GB_RAM,119.36,Pangoly_History
7/3/2023,DDR5_32GB_RAM,117.76,Pangoly_History
7/4/2023,DDR5_32GB_RAM,117.24,Pangoly_History
7/5/2023,DDR5_32GB_RAM,116.68,Pangoly_History
7/6/2023,DDR5_32GB_RAM,116.37,Pangoly_History
7/7/2023,DDR5_32GB_RAM,116.54,Pangoly_History
7/8/2023,DDR5_32GB_RAM,116.43,Pangoly_History
7/9/2023,DDR5_32GB_RAM,116.9,Pangoly_History
7/10/2023,DDR5_32GB_RAM,115.97,Pangoly_History
7/11/2023,DDR5_32GB_RAM,115.48,Pangoly_History
7/12/2023,DDR5_32GB_RAM,115.54,Pangoly_History
7/13/2023,DDR5_32GB_RAM,115.94,Pangoly_History
7/14/2023,DDR5_32GB_RAM,116.88,Pangoly_History
7/15/2023,DDR5_32GB_RAM,117,Pangoly_History
7/16/2023,DDR5_32GB_RAM,116.47,Pangoly_History
7/17/2023,DDR5_32GB_RAM,114.66,Pangoly_History
7/18/2023,DDR5_32GB_RAM,117.15,Pangoly_History
7/19/2023,DDR5_32GB_RAM,116.32,Pangoly_History
7/20/2023,DDR5_32GB_RAM,115.58,Pangoly_History
7/21/2023,DDR5_32GB_RAM,116.45,Pangoly_History
7/22/2023,DDR5_32GB_RAM,116.24,Pangoly_History
7/23/2023,DDR5_32GB_RAM,116.65,Pangoly_History
7/24/2023,DDR5_32GB_RAM,116.21,Pangoly_History
7/25/2023,DDR5_32GB_RAM,116.22,Pangoly_History
7/26/2023,DDR5_32GB_RAM,116.17,Pangoly_History
7/27/2023,DDR5_32GB_RAM,115.28,Pangoly_History
7/28/2023,DDR5_32GB_RAM,115.19,Pangoly_History
7/29/2023,DDR5_32GB_RAM,115.06,Pangoly_History
7/30/2023,DDR5_32GB_RAM,115.99,Pangoly_History
7/31/2023,DDR5_32GB_RAM,116.89,Pangoly_History
8/1/2023,DDR5_32GB_RAM,116.31,Pangoly_History
8/2/2023,DDR5_32GB_RAM,115.73,Pangoly_History
8/3/2023,DDR5_32GB_RAM,115.53,Pangoly_History
8/4/2023,DDR5_32GB_RAM,114.25,Pangoly_History
8/5/2023,DDR5_32GB_RAM,115.36,Pangoly_History
8/6/2023,DDR5_32GB_RAM,115.55,Pangoly_History
8/7/2023,DDR5_32GB_RAM,115.76,Pangoly_History
8/8/2023,DDR5_32GB_RAM,115.56,Pangoly_History
8/9/2023,DDR5_32GB_RAM,114.44,Pangoly_History
8/10/2023,DDR5_32GB_RAM,114.29,Pangoly_History
8/11/2023,DDR5_32GB_RAM,114.17,Pangoly_History
8/12/2023,DDR5_32GB_RAM,114.08,Pangoly_History
8/13/2023,DDR5_32GB_RAM,114.78,Pangoly_History
8/14/2023,DDR5_32GB_RAM,114.63,Pangoly_History
8/15/2023,DDR5_32GB_RAM,114.44,Pangoly_History
8/16/2023,DDR5_32GB_RAM,113.32,Pangoly_History
8/17/2023,DDR5_32GB_RAM,113.41,Pangoly_History
8/18/2023,DDR5_32GB_RAM,113.43,Pangoly_History
8/19/2023,DDR5_32GB_RAM,113.44,Pangoly_History
8/20/2023,DDR5_32GB_RAM,115.52,Pangoly_History
8/21/2023,DDR5_32GB_RAM,114.09,Pangoly_History
8/22/2023,DDR5_32GB_RAM,113.44,Pangoly_History
8/23/2023,DDR5_32GB_RAM,111.98,Pangoly_History
8/24/2023,DDR5_32GB_RAM,112.1,Pangoly_History
8/25/2023,DDR5_32GB_RAM,112,Pangoly_History
8/26/2023,DDR5_32GB_RAM,112.3,Pangoly_History
8/27/2023,DDR5_32GB_RAM,112.37,Pangoly_History
8/28/2023,DDR5_32GB_RAM,112.63,Pangoly_History
8/29/2023,DDR5_32GB_RAM,112.15,Pangoly_History
8/30/2023,DDR5_32GB_RAM,112.16,Pangoly_History
8/31/2023,DDR5_32GB_RAM,112.16,Pangoly_History
9/1/2023,DDR5_32GB_RAM,112.16,Pangoly_History
9/2/2023,DDR5_32GB_RAM,112.16,Pangoly_History
9/3/2023,DDR5_32GB_RAM,112.48,Pangoly_History
9/4/2023,DDR5_32GB_RAM,112.16,Pangoly_History
9/5/2023,DDR5_32GB_RAM,112,Pangoly_History
9/6/2023,DDR5_32GB_RAM,112.03,Pangoly_History
9/7/2023,DDR5_32GB_RAM,112.44,Pangoly_History
9/8/2023,DDR5_32GB_RAM,112.27,Pangoly_History
9/9/2023,DDR5_32GB_RAM,111.96,Pangoly_History
9/10/2023,DDR5_32GB_RAM,111.55,Pangoly_History
9/11/2023,DDR5_32GB_RAM,111.51,Pangoly_History
9/12/2023,DDR5_32GB_RAM,111.06,Pangoly_History
9/13/2023,DDR5_32GB_RAM,111.04,Pangoly_History
9/14/2023,DDR5_32GB_RAM,110.84,Pangoly_History
9/15/2023,DDR5_32GB_RAM,111.83,Pangoly_History
9/16/2023,DDR5_32GB_RAM,111.57,Pangoly_History
9/17/2023,DDR5_32GB_RAM,112.57,Pangoly_History
9/18/2023,DDR5_32GB_RAM,112.9,Pangoly_History
9/19/2023,DDR5_32GB_RAM,112.73,Pangoly_History
9/20/2023,DDR5_32GB_RAM,112.51,Pangoly_History
9/21/2023,DDR5_32GB_RAM,112.52,Pangoly_History
9/22/2023,DDR5_32GB_RAM,112.4,Pangoly_History
9/23/2023,DDR5_32GB_RAM,112.47,Pangoly_History
9/24/2023,DDR5_32GB_RAM,112.41,Pangoly_History
9/25/2023,DDR5_32GB_RAM,112.65,Pangoly_History
9/26/2023,DDR5_32GB_RAM,112.97,Pangoly_History
9/27/2023,DDR5_32GB_RAM,112.83,Pangoly_History
9/28/2023,DDR5_32GB_RAM,113.35,Pangoly_History
9/29/2023,DDR5_32GB_RAM,113.37,Pangoly_History
9/30/2023,DDR5_32GB_RAM,116.62,Pangoly_History
10/1/2023,DDR5_32GB_RAM,114.74,Pangoly_History
10/2/2023,DDR5_32GB_RAM,114.23,Pangoly_History
10/3/2023,DDR5_32GB_RAM,113.73,Pangoly_History
10/4/2023,DDR5_32GB_RAM,113.73,Pangoly_History
10/5/2023,DDR5_32GB_RAM,113.61,Pangoly_History
10/6/2023,DDR5_32GB_RAM,113.38,Pangoly_History
10/7/2023,DDR5_32GB_RAM,113.46,Pangoly_History
10/8/2023,DDR5_32GB_RAM,113.22,Pangoly_History
10/9/2023,DDR5_32GB_RAM,113.55,Pangoly_History
10/10/2023,DDR5_32GB_RAM,113.49,Pangoly_History
10/11/2023,DDR5_32GB_RAM,113.46,Pangoly_History
10/12/2023,DDR5_32GB_RAM,113.47,Pangoly_History
10/13/2023,DDR5_32GB_RAM,113.84,Pangoly_History
10/14/2023,DDR5_32GB_RAM,113.85,Pangoly_History
10/15/2023,DDR5_32GB_RAM,116.39,Pangoly_History
10/16/2023,DDR5_32GB_RAM,116.74,Pangoly_History
10/17/2023,DDR5_32GB_RAM,115.45,Pangoly_History
10/18/2023,DDR5_32GB_RAM,115.27,Pangoly_History
10/19/2023,DDR5_32GB_RAM,115.33,Pangoly_History
10/20/2023,DDR5_32GB_RAM,115.46,Pangoly_History
10/21/2023,DDR5_32GB_RAM,115.35,Pangoly_History
10/22/2023,DDR5_32GB_RAM,115.01,Pangoly_History
10/23/2023,DDR5_32GB_RAM,115.04,Pangoly_History
10/24/2023,DDR5_32GB_RAM,115.02,Pangoly_History
10/25/2023,DDR5_32GB_RAM,114.88,Pangoly_History
10/26/2023,DDR5_32GB_RAM,114.91,Pangoly_History
10/27/2023,DDR5_32GB_RAM,114.73,Pangoly_History
10/28/2023,DDR5_32GB_RAM,114.88,Pangoly_History
10/29/2023,DDR5_32GB_RAM,114.85,Pangoly_History
10/30/2023,DDR5_32GB_RAM,115.19,Pangoly_History
10/31/2023,DDR5_32GB_RAM,115.18,Pangoly_History
11/1/2023,DDR5_32GB_RAM,115.12,Pangoly_History
11/2/2023,DDR5_32GB_RAM,115.21,Pangoly_History
11/3/2023,DDR5_32GB_RAM,115.16,Pangoly_History
11/4/2023,DDR5_32GB_RAM,115.38,Pangoly_History
11/5/2023,DDR5_32GB_RAM,115.74,Pangoly_History
11/6/2023,DDR5_32GB_RAM,115.63,Pangoly_History
11/7/2023,DDR5_32GB_RAM,115.47,Pangoly_History
11/8/2023,DDR5_32GB_RAM,115.72,Pangoly_History
11/9/2023,DDR5_32GB_RAM,115.6,Pangoly_History
11/10/2023,DDR5_32GB_RAM,115.56,Pangoly_History
11/11/2023,DDR5_32GB_RAM,115.68,Pangoly_History
11/12/2023,DDR5_32GB_RAM,116.76,Pangoly_History
11/13/2023,DDR5_32GB_RAM,116.79,Pangoly_History
11/14/2023,DDR5_32GB_RAM,116.55,Pangoly_History
11/15/2023,DDR5_32GB_RAM,116.44,Pangoly_History
11/16/2023,DDR5_32GB_RAM,115.23,Pangoly_History
11/17/2023,DDR5_32GB_RAM,115.32,Pangoly_History
11/18/2023,DDR5_32GB_RAM,115.41,Pangoly_History
11/19/2023,DDR5_32GB_RAM,115.32,Pangoly_History
11/20/2023,DDR5_32GB_RAM,115.32,Pangoly_History
11/21/2023,DDR5_32GB_RAM,115.02,Pangoly_History
11/22/2023,DDR5_32GB_RAM,115.16,Pangoly_History
11/23/2023,DDR5_32GB_RAM,115.14,Pangoly_History
11/24/2023,DDR5_32GB_RAM,115.59,Pangoly_History
11/25/2023,DDR5_32GB_RAM,115.66,Pangoly_History
11/26/2023,DDR5_32GB_RAM,116.07,Pangoly_History
11/27/2023,DDR5_32GB_RAM,118.6,Pangoly_History
11/28/2023,DDR5_32GB_RAM,119.02,Pangoly_History
11/29/2023,DDR5_32GB_RAM,117.41,Pangoly_History
11/30/2023,DDR5_32GB_RAM,119.84,Pangoly_History
12/1/2023,DDR5_32GB_RAM,120.1,Pangoly_History
12/2/2023,DDR5_32GB_RAM,120.17,Pangoly_History
12/3/2023,DDR5_32GB_RAM,120.34,Pangoly_History
12/4/2023,DDR5_32GB_RAM,119.78,Pangoly_History
12/5/2023,DDR5_32GB_RAM,119.5,Pangoly_History
12/6/2023,DDR5_32GB_RAM,119.3,Pangoly_History
12/7/2023,DDR5_32GB_RAM,119.56,Pangoly_History
12/8/2023,DDR5_32GB_RAM,119.73,Pangoly_History
12/9/2023,DDR5_32GB_RAM,120.36,Pangoly_History
12/10/2023,DDR5_32GB_RAM,120.95,Pangoly_History
12/11/2023,DDR5_32GB_RAM,121.71,Pangoly_History
12/12/2023,DDR5_32GB_RAM,120.27,Pangoly_History
12/13/2023,DDR5_32GB_RAM,120.05,Pangoly_History
12/14/2023,DDR5_32GB_RAM,119.76,Pangoly_History
12/15/2023,DDR5_32GB_RAM,119.71,Pangoly_History
12/16/2023,DDR5_32GB_RAM,119.78,Pangoly_History
12/17/2023,DDR5_32GB_RAM,119.48,Pangoly_History
12/18/2023,DDR5_32GB_RAM,119.47,Pangoly_History
12/19/2023,DDR5_32GB_RAM,119.64,Pangoly_History
12/20/2023,DDR5_32GB_RAM,119.95,Pangoly_History
12/21/2023,DDR5_32GB_RAM,119.69,Pangoly_History
12/22/2023,DDR5_32GB_RAM,119.76,Pangoly_History
12/23/2023,DDR5_32GB_RAM,120.61,Pangoly_History
12/24/2023,DDR5_32GB_RAM,120.33,Pangoly_History
12/25/2023,DDR5_32GB_RAM,120.99,Pangoly_History
12/26/2023,DDR5_32GB_RAM,121.13,Pangoly_History
12/27/2023,DDR5_32GB_RAM,121.1,Pangoly_History
12/28/2023,DDR5_32GB_RAM,120.99,Pangoly_History
12/29/2023,DDR5_32GB_RAM,121.36,Pangoly_History
12/30/2023,DDR5_32GB_RAM,121.52,Pangoly_History
12/31/2023,DDR5_32GB_RAM,122.48,Pangoly_History
1/1/2024,DDR5_32GB_RAM,121.89,Pangoly_History
1/2/2024,DDR5_32GB_RAM,121.4,Pangoly_History
1/3/2024,DDR5_32GB_RAM,121.31,Pangoly_History
1/4/2024,DDR5_32GB_RAM,122.14,Pangoly_History
1/5/2024,DDR5_32GB_RAM,122.91,Pangoly_History
1/6/2024,DDR5_32GB_RAM,122.95,Pangoly_History
1/7/2024,DDR5_32GB_RAM,123.44,Pangoly_History
1/8/2024,DDR5_32GB_RAM,123.55,Pangoly_History
1/9/2024,DDR5_32GB_RAM,124,Pangoly_History
1/10/2024,DDR5_32GB_RAM,123.98,Pangoly_History
1/11/2024,DDR5_32GB_RAM,124.06,Pangoly_History
1/12/2024,DDR5_32GB_RAM,124.12,Pangoly_History
1/13/2024,DDR5_32GB_RAM,124.44,Pangoly_History
1/14/2024,DDR5_32GB_RAM,124.44,Pangoly_History
1/15/2024,DDR5_32GB_RAM,126.15,Pangoly_History
1/16/2024,DDR5_32GB_RAM,127.78,Pangoly_History
1/17/2024,DDR5_32GB_RAM,127.95,Pangoly_History
1/18/2024,DDR5_32GB_RAM,128.07,Pangoly_History
1/19/2024,DDR5_32GB_RAM,125.42,Pangoly_History
1/20/2024,DDR5_32GB_RAM,126.83,Pangoly_History
1/21/2024,DDR5_32GB_RAM,127.16,Pangoly_History
1/22/2024,DDR5_32GB_RAM,125.98,Pangoly_History
1/23/2024,DDR5_32GB_RAM,126.82,Pangoly_History
1/24/2024,DDR5_32GB_RAM,127.08,Pangoly_History
1/25/2024,DDR5_32GB_RAM,127.08,Pangoly_History
1/26/2024,DDR5_32GB_RAM,127.46,Pangoly_History
1/27/2024,DDR5_32GB_RAM,127.37,Pangoly_History
1/28/2024,DDR5_32GB_RAM,127.57,Pangoly_History
1/29/2024,DDR5_32GB_RAM,127.36,Pangoly_History
1/30/2024,DDR5_32GB_RAM,127.53,Pangoly_History
1/31/2024,DDR5_32GB_RAM,127.51,Pangoly_History
2/1/2024,DDR5_32GB_RAM,127.44,Pangoly_History
2/2/2024,DDR5_32GB_RAM,127.44,Pangoly_History
2/3/2024,DDR5_32GB_RAM,127.63,Pangoly_History
2/4/2024,DDR5_32GB_RAM,127.81,Pangoly_History
2/5/2024,DDR5_32GB_RAM,128.28,Pangoly_History
2/6/2024,DDR5_32GB_RAM,128.15,Pangoly_History
2/7/2024,DDR5_32GB_RAM,126.77,Pangoly_History
2/8/2024,DDR5_32GB_RAM,126.3,Pangoly_History
2/9/2024,DDR5_32GB_RAM,125.82,Pangoly_History
2/10/2024,DDR5_32GB_RAM,126.71,Pangoly_History
2/11/2024,DDR5_32GB_RAM,126.98,Pangoly_History
2/12/2024,DDR5_32GB_RAM,127.6,Pangoly_History
2/13/2024,DDR5_32GB_RAM,127.52,Pangoly_History
2/14/2024,DDR5_32GB_RAM,127.41,Pangoly_History
2/15/2024,DDR5_32GB_RAM,127.41,Pangoly_History
2/16/2024,DDR5_32GB_RAM,126.51,Pangoly_History
2/17/2024,DDR5_32GB_RAM,127.22,Pangoly_History
2/18/2024,DDR5_32GB_RAM,127.89,Pangoly_History
2/19/2024,DDR5_32GB_RAM,128.75,Pangoly_History
2/20/2024,DDR5_32GB_RAM,128.64,Pangoly_History
2/21/2024,DDR5_32GB_RAM,128.72,Pangoly_History
2/22/2024,DDR5_32GB_RAM,128.8,Pangoly_History
2/23/2024,DDR5_32GB_RAM,128.84,Pangoly_History
2/24/2024,DDR5_32GB_RAM,128.67,Pangoly_History
2/25/2024,DDR5_32GB_RAM,127.77,Pangoly_History
2/26/2024,DDR5_32GB_RAM,125.89,Pangoly_History
2/27/2024,DDR5_32GB_RAM,125.7,Pangoly_History
2/28/2024,DDR5_32GB_RAM,125.87,Pangoly_History
2/29/2024,DDR5_32GB_RAM,127.36,Pangoly_History
3/1/2024,DDR5_32GB_RAM,127.63,Pangoly_History
3/2/2024,DDR5_32GB_RAM,127.41,Pangoly_History
3/3/2024,DDR5_32GB_RAM,127.9,Pangoly_History
3/4/2024,DDR5_32GB_RAM,126.18,Pangoly_History
3/5/2024,DDR5_32GB_RAM,127.49,Pangoly_History
3/6/2024,DDR5_32GB_RAM,127.19,Pangoly_History
3/7/2024,DDR5_32GB_RAM,125.83,Pangoly_History
3/8/2024,DDR5_32GB_RAM,125.74,Pangoly_History
3/9/2024,DDR5_32GB_RAM,127.5,Pangoly_History
3/10/2024,DDR5_32GB_RAM,127.57,Pangoly_History
3/11/2024,DDR5_32GB_RAM,127.43,Pangoly_History
3/12/2024,DDR5_32GB_RAM,127.82,Pangoly_History
3/13/2024,DDR5_32GB_RAM,127.6,Pangoly_History
3/14/2024,DDR5_32GB_RAM,125.69,Pangoly_History
3/15/2024,DDR5_32GB_RAM,127.26,Pangoly_History
3/16/2024,DDR5_32GB_RAM,127.67,Pangoly_History
3/17/2024,DDR5_32GB_RAM,127.21,Pangoly_History
3/18/2024,DDR5_32GB_RAM,125.34,Pangoly_History
3/19/2024,DDR5_32GB_RAM,125.37,Pangoly_History
3/20/2024,DDR5_32GB_RAM,126.49,Pangoly_History
3/21/2024,DDR5_32GB_RAM,127.1,Pangoly_History
3/22/2024,DDR5_32GB_RAM,127,Pangoly_History
3/23/2024,DDR5_32GB_RAM,127.05,Pangoly_History
3/24/2024,DDR5_32GB_RAM,127.06,Pangoly_History
3/25/2024,DDR5_32GB_RAM,127.94,Pangoly_History
3/26/2024,DDR5_32GB_RAM,128,Pangoly_History
3/27/2024,DDR5_32GB_RAM,126.93,Pangoly_History
3/28/2024,DDR5_32GB_RAM,126.56,Pangoly_History
3/29/2024,DDR5_32GB_RAM,126.37,Pangoly_History
3/30/2024,DDR5_32GB_RAM,126.7,Pangoly_History
3/31/2024,DDR5_32GB_RAM,127.63,Pangoly_History
4/1/2024,DDR5_32GB_RAM,127.27,Pangoly_History
4/2/2024,DDR5_32GB_RAM,127.64,Pangoly_History
4/3/2024,DDR5_32GB_RAM,128.09,Pangoly_History
4/4/2024,DDR5_32GB_RAM,128.63,Pangoly_History
4/5/2024,DDR5_32GB_RAM,128.08,Pangoly_History
4/6/2024,DDR5_32GB_RAM,127.98,Pangoly_History
4/7/2024,DDR5_32GB_RAM,128.79,Pangoly_History
4/8/2024,DDR5_32GB_RAM,128.69,Pangoly_History
4/9/2024,DDR5_32GB_RAM,127.62,Pangoly_History
4/10/2024,DDR5_32GB_RAM,128.71,Pangoly_History
4/11/2024,DDR5_32GB_RAM,128.52,Pangoly_History
4/12/2024,DDR5_32GB_RAM,128.43,Pangoly_History
4/13/2024,DDR5_32GB_RAM,128.64,Pangoly_History
4/14/2024,DDR5_32GB_RAM,128.29,Pangoly_History
4/15/2024,DDR5_32GB_RAM,128.49,Pangoly_History
4/16/2024,DDR5_32GB_RAM,128.45,Pangoly_History
4/17/2024,DDR5_32GB_RAM,130.18,Pangoly_History
4/18/2024,DDR5_32GB_RAM,129.27,Pangoly_History
4/19/2024,DDR5_32GB_RAM,128.98,Pangoly_History
4/20/2024,DDR5_32GB_RAM,128.43,Pangoly_History
4/21/2024,DDR5_32GB_RAM,128.52,Pangoly_History
4/22/2024,DDR5_32GB_RAM,130,Pangoly_History
4/23/2024,DDR5_32GB_RAM,129.86,Pangoly_History
4/24/2024,DDR5_32GB_RAM,128.39,Pangoly_History
4/25/2024,DDR5_32GB_RAM,128.58,Pangoly_History
4/26/2024,DDR5_32GB_RAM,128.43,Pangoly_History
4/27/2024,DDR5_32GB_RAM,128.41,Pangoly_History
4/28/2024,DDR5_32GB_RAM,127.59,Pangoly_History
4/29/2024,DDR5_32GB_RAM,127.57,Pangoly_History
4/30/2024,DDR5_32GB_RAM,127.44,Pangoly_History
5/1/2024,DDR5_32GB_RAM,127.54,Pangoly_History
5/2/2024,DDR5_32GB_RAM,127.16,Pangoly_History
5/3/2024,DDR5_32GB_RAM,127.01,Pangoly_History
5/4/2024,DDR5_32GB_RAM,127.31,Pangoly_History
5/5/2024,DDR5_32GB_RAM,128.11,Pangoly_History
5/6/2024,DDR5_32GB_RAM,128,Pangoly_History
5/7/2024,DDR5_32GB_RAM,127.54,Pangoly_History
5/8/2024,DDR5_32GB_RAM,127.7,Pangoly_History
5/9/2024,DDR5_32GB_RAM,127.81,Pangoly_History
5/10/2024,DDR5_32GB_RAM,127.79,Pangoly_History
5/11/2024,DDR5_32GB_RAM,127.66,Pangoly_History
5/12/2024,DDR5_32GB_RAM,127.74,Pangoly_History
5/13/2024,DDR5_32GB_RAM,126.79,Pangoly_History
5/14/2024,DDR5_32GB_RAM,126.96,Pangoly_History
5/15/2024,DDR5_32GB_RAM,127.66,Pangoly_History
5/16/2024,DDR5_32GB_RAM,126.95,Pangoly_History
5/17/2024,DDR5_32GB_RAM,126.77,Pangoly_History
5/18/2024,DDR5_32GB_RAM,126.93,Pangoly_History
5/19/2024,DDR5_32GB_RAM,126.98,Pangoly_History
5/20/2024,DDR5_32GB_RAM,127.61,Pangoly_History
5/21/2024,DDR5_32GB_RAM,127.54,Pangoly_History
5/22/2024,DDR5_32GB_RAM,126.67,Pangoly_History
5/23/2024,DDR5_32GB_RAM,126.41,Pangoly_History
5/24/2024,DDR5_32GB_RAM,126.32,Pangoly_History
5/25/2024,DDR5_32GB_RAM,126.47,Pangoly_History
5/26/2024,DDR5_32GB_RAM,126.64,Pangoly_History
5/27/2024,DDR5_32GB_RAM,126.18,Pangoly_History
5/28/2024,DDR5_32GB_RAM,126.3,Pangoly_History
5/29/2024,DDR5_32GB_RAM,126.62,Pangoly_History
5/30/2024,DDR5_32GB_RAM,126.39,Pangoly_History
5/31/2024,DDR5_32GB_RAM,126.22,Pangoly_History
6/1/2024,DDR5_32GB_RAM,126.64,Pangoly_History
6/2/2024,DDR5_32GB_RAM,126.38,Pangoly_History
6/3/2024,DDR5_32GB_RAM,127.45,Pangoly_History
6/4/2024,DDR5_32GB_RAM,127.42,Pangoly_History
6/5/2024,DDR5_32GB_RAM,127.38,Pangoly_History
6/6/2024,DDR5_32GB_RAM,127.36,Pangoly_History
6/7/2024,DDR5_32GB_RAM,127.44,Pangoly_History
6/8/2024,DDR5_32GB_RAM,127.24,Pangoly_History
6/9/2024,DDR5_32GB_RAM,127.09,Pangoly_History
6/10/2024,DDR5_32GB_RAM,127.02,Pangoly_History
6/11/2024,DDR5_32GB_RAM,127.03,Pangoly_History
6/12/2024,DDR5_32GB_RAM,127.54,Pangoly_History
6/13/2024,DDR5_32GB_RAM,127.76,Pangoly_History
6/14/2024,DDR5_32GB_RAM,127.75,Pangoly_History
6/15/2024,DDR5_32GB_RAM,129.61,Pangoly_History
6/16/2024,DDR5_32GB_RAM,129.18,Pangoly_History
6/17/2024,DDR5_32GB_RAM,129.48,Pangoly_History
6/18/2024,DDR5_32GB_RAM,129.14,Pangoly_History
6/19/2024,DDR5_32GB_RAM,128.32,Pangoly_History
6/20/2024,DDR5_32GB_RAM,129.28,Pangoly_History
6/21/2024,DDR5_32GB_RAM,129.17,Pangoly_History
6/22/2024,DDR5_32GB_RAM,129.15,Pangoly_History
6/23/2024,DDR5_32GB_RAM,129.03,Pangoly_History
6/24/2024,DDR5_32GB_RAM,128.05,Pangoly_History
6/25/2024,DDR5_32GB_RAM,127.37,Pangoly_History
6/26/2024,DDR5_32GB_RAM,126.93,Pangoly_History
6/27/2024,DDR5_32GB_RAM,126.93,Pangoly_History
6/28/2024,DDR5_32GB_RAM,127.28,Pangoly_History
6/29/2024,DDR5_32GB_RAM,127.28,Pangoly_History
6/30/2024,DDR5_32GB_RAM,127.46,Pangoly_History
7/1/2024,DDR5_32GB_RAM,127.24,Pangoly_History
7/2/2024,DDR5_32GB_RAM,127.45,Pangoly_History
7/3/2024,DDR5_32GB_RAM,127.26,Pangoly_History
7/4/2024,DDR5_32GB_RAM,127.28,Pangoly_History
7/5/2024,DDR5_32GB_RAM,126.82,Pangoly_History
7/6/2024,DDR5_32GB_RAM,126.66,Pangoly_History
7/7/2024,DDR5_32GB_RAM,126.84,Pangoly_History
7/8/2024,DDR5_32GB_RAM,126.61,Pangoly_History
7/9/2024,DDR5_32GB_RAM,126.65,Pangoly_History
7/10/2024,DDR5_32GB_RAM,126.95,Pangoly_History
7/11/2024,DDR5_32GB_RAM,127.11,Pangoly_History
7/12/2024,DDR5_32GB_RAM,126.33,Pangoly_History
7/13/2024,DDR5_32GB_RAM,126.63,Pangoly_History
7/14/2024,DDR5_32GB_RAM,126.36,Pangoly_History
7/15/2024,DDR5_32GB_RAM,125.81,Pangoly_History
7/16/2024,DDR5_32GB_RAM,126.07,Pangoly_History
7/17/2024,DDR5_32GB_RAM,125.96,Pangoly_History
7/18/2024,DDR5_32GB_RAM,126.13,Pangoly_History
7/19/2024,DDR5_32GB_RAM,126.44,Pangoly_History
7/20/2024,DDR5_32GB_RAM,126.41,Pangoly_History
7/21/2024,DDR5_32GB_RAM,126.38,Pangoly_History
7/22/2024,DDR5_32GB_RAM,126.63,Pangoly_History
7/23/2024,DDR5_32GB_RAM,126.48,Pangoly_History
7/24/2024,DDR5_32GB_RAM,126.42,Pangoly_History
7/25/2024,DDR5_32GB_RAM,126.5,Pangoly_History
7/26/2024,DDR5_32GB_RAM,126.45,Pangoly_History
7/27/2024,DDR5_32GB_RAM,126.74,Pangoly_History
7/28/2024,DDR5_32GB_RAM,125.87,Pangoly_History
7/29/2024,DDR5_32GB_RAM,126.15,Pangoly_History
7/30/2024,DDR5_32GB_RAM,125.89,Pangoly_History
7/31/2024,DDR5_32GB_RAM,125.94,Pangoly_History
8/1/2024,DDR5_32GB_RAM,125.81,Pangoly_History
8/2/2024,DDR5_32GB_RAM,125.72,Pangoly_History
8/3/2024,DDR5_32GB_RAM,126.05,Pangoly_History
8/4/2024,DDR5_32GB_RAM,124.15,Pangoly_History
8/5/2024,DDR5_32GB_RAM,125.22,Pangoly_History
8/6/2024,DDR5_32GB_RAM,123.6,Pangoly_History
8/7/2024,DDR5_32GB_RAM,123.45,Pangoly_History
8/8/2024,DDR5_32GB_RAM,123.62,Pangoly_History
8/9/2024,DDR5_32GB_RAM,123.43,Pangoly_History
8/10/2024,DDR5_32GB_RAM,124.28,Pangoly_History
8/11/2024,DDR5_32GB_RAM,123.35,Pangoly_History
8/12/2024,DDR5_32GB_RAM,123.43,Pangoly_History
8/13/2024,DDR5_32GB_RAM,123.63,Pangoly_History
8/14/2024,DDR5_32GB_RAM,123.56,Pangoly_History
8/15/2024,DDR5_32GB_RAM,123.44,Pangoly_History
8/16/2024,DDR5_32GB_RAM,123.51,Pangoly_History
8/17/2024,DDR5_32GB_RAM,123.29,Pangoly_History
8/18/2024,DDR5_32GB_RAM,124.06,Pangoly_History
8/19/2024,DDR5_32GB_RAM,123.07,Pangoly_History
8/20/2024,DDR5_32GB_RAM,122.77,Pangoly_History
8/21/2024,DDR5_32GB_RAM,122.85,Pangoly_History
8/22/2024,DDR5_32GB_RAM,122.89,Pangoly_History
8/23/2024,DDR5_32GB_RAM,123.83,Pangoly_History
8/24/2024,DDR5_32GB_RAM,123.78,Pangoly_History
8/25/2024,DDR5_32GB_RAM,123.58,Pangoly_History
8/26/2024,DDR5_32GB_RAM,120.34,Pangoly_History
8/27/2024,DDR5_32GB_RAM,122.94,Pangoly_History
8/28/2024,DDR5_32GB_RAM,120.12,Pangoly_History
8/29/2024,DDR5_32GB_RAM,122.82,Pangoly_History
8/30/2024,DDR5_32GB_RAM,123.81,Pangoly_History
8/31/2024,DDR5_32GB_RAM,123.96,Pangoly_History
9/1/2024,DDR5_32GB_RAM,123.28,Pangoly_History
9/2/2024,DDR5_32GB_RAM,123.55,Pangoly_History
9/3/2024,DDR5_32GB_RAM,124.1,Pangoly_History
9/4/2024,DDR5_32GB_RAM,123.11,Pangoly_History
9/5/2024,DDR5_32GB_RAM,124.06,Pangoly_History
9/6/2024,DDR5_32GB_RAM,123.94,Pangoly_History
9/7/2024,DDR5_32GB_RAM,124.55,Pangoly_History
9/8/2024,DDR5_32GB_RAM,124.34,Pangoly_History
9/9/2024,DDR5_32GB_RAM,123.83,Pangoly_History
9/10/2024,DDR5_32GB_RAM,123.72,Pangoly_History
9/11/2024,DDR5_32GB_RAM,123.63,Pangoly_History
9/12/2024,DDR5_32GB_RAM,123.45,Pangoly_History
9/13/2024,DDR5_32GB_RAM,123.54,Pangoly_History
9/14/2024,DDR5_32GB_RAM,123.46,Pangoly_History
9/15/2024,DDR5_32GB_RAM,123.73,Pangoly_History
9/16/2024,DDR5_32GB_RAM,123.35,Pangoly_History
9/17/2024,DDR5_32GB_RAM,123.11,Pangoly_History
9/18/2024,DDR5_32GB_RAM,123.09,Pangoly_History
9/19/2024,DDR5_32GB_RAM,123.45,Pangoly_History
9/20/2024,DDR5_32GB_RAM,124.05,Pangoly_History
9/21/2024,DDR5_32GB_RAM,123.49,Pangoly_History
9/22/2024,DDR5_32GB_RAM,123.44,Pangoly_History
9/23/2024,DDR5_32GB_RAM,123.38,Pangoly_History
9/24/2024,DDR5_32GB_RAM,123.35,Pangoly_History
9/25/2024,DDR5_32GB_RAM,123.43,Pangoly_History
9/26/2024,DDR5_32GB_RAM,123.44,Pangoly_History
9/27/2024,DDR5_32GB_RAM,123.39,Pangoly_History
9/28/2024,DDR5_32GB_RAM,123.41,Pangoly_History
9/29/2024,DDR5_32GB_RAM,123.02,Pangoly_History
9/30/2024,DDR5_32GB_RAM,123.41,Pangoly_History
10/1/2024,DDR5_32GB_RAM,123.15,Pangoly_History
10/2/2024,DDR5_32GB_RAM,123.26,Pangoly_History
10/3/2024,DDR5_32GB_RAM,123.2,Pangoly_History
10/4/2024,DDR5_32GB_RAM,123.26,Pangoly_History
10/5/2024,DDR5_32GB_RAM,123.71,Pangoly_History
10/6/2024,DDR5_32GB_RAM,123.32,Pangoly_History
10/7/2024,DDR5_32GB_RAM,122.6,Pangoly_History
10/8/2024,DDR5_32GB_RAM,122.03,Pangoly_History
10/9/2024,DDR5_32GB_RAM,122.12,Pangoly_History
10/10/2024,DDR5_32GB_RAM,122.39,Pangoly_History
10/11/2024,DDR5_32GB_RAM,122.43,Pangoly_History
10/12/2024,DDR5_32GB_RAM,122.51,Pangoly_History
10/13/2024,DDR5_32GB_RAM,122.85,Pangoly_History
10/14/2024,DDR5_32GB_RAM,122.78,Pangoly_History
10/15/2024,DDR5_32GB_RAM,123.03,Pangoly_History
10/16/2024,DDR5_32GB_RAM,122.84,Pangoly_History
10/17/2024,DDR5_32GB_RAM,122.6,Pangoly_History
10/18/2024,DDR5_32GB_RAM,122.26,Pangoly_History
10/19/2024,DDR5_32GB_RAM,122.4,Pangoly_History
10/20/2024,DDR5_32GB_RAM,121.74,Pangoly_History
10/21/2024,DDR5_32GB_RAM,121.41,Pangoly_History
10/22/2024,DDR5_32GB_RAM,121.91,Pangoly_History
10/23/2024,DDR5_32GB_RAM,122.1,Pangoly_History
10/24/2024,DDR5_32GB_RAM,122.93,Pangoly_History
10/25/2024,DDR5_32GB_RAM,122.97,Pangoly_History
10/26/2024,DDR5_32GB_RAM,122.85,Pangoly_History
10/27/2024,DDR5_32GB_RAM,121.79,Pangoly_History
10/28/2024,DDR5_32GB_RAM,122.75,Pangoly_History
10/29/2024,DDR5_32GB_RAM,122.57,Pangoly_History
10/30/2024,DDR5_32GB_RAM,122.63,Pangoly_History
10/31/2024,DDR5_32GB_RAM,122.74,Pangoly_History
11/1/2024,DDR5_32GB_RAM,122.59,Pangoly_History
11/2/2024,DDR5_32GB_RAM,121.8,Pangoly_History
11/3/2024,DDR5_32GB_RAM,122.68,Pangoly_History
11/4/2024,DDR5_32GB_RAM,121.91,Pangoly_History
11/5/2024,DDR5_32GB_RAM,122.08,Pangoly_History
11/6/2024,DDR5_32GB_RAM,122.07,Pangoly_History
11/7/2024,DDR5_32GB_RAM,121.45,Pangoly_History
11/8/2024,DDR5_32GB_RAM,122.74,Pangoly_History
11/9/2024,DDR5_32GB_RAM,122.07,Pangoly_History
11/10/2024,DDR5_32GB_RAM,123.06,Pangoly_History
11/11/2024,DDR5_32GB_RAM,122.72,Pangoly_History
11/12/2024,DDR5_32GB_RAM,121.76,Pangoly_History
11/13/2024,DDR5_32GB_RAM,121.6,Pangoly_History
11/14/2024,DDR5_32GB_RAM,121.33,Pangoly_History
11/15/2024,DDR5_32GB_RAM,121.72,Pangoly_History
11/16/2024,DDR5_32GB_RAM,121.16,Pangoly_History
11/17/2024,DDR5_32GB_RAM,121.9,Pangoly_History
11/18/2024,DDR5_32GB_RAM,122.16,Pangoly_History
11/19/2024,DDR5_32GB_RAM,122.03,Pangoly_History
11/20/2024,DDR5_32GB_RAM,121.08,Pangoly_History
11/21/2024,DDR5_32GB_RAM,122.1,Pangoly_History
11/22/2024,DDR5_32GB_RAM,121.92,Pangoly_History
11/23/2024,DDR5_32GB_RAM,121.32,Pangoly_History
11/24/2024,DDR5_32GB_RAM,121.35,Pangoly_History
11/25/2024,DDR5_32GB_RAM,119.82,Pangoly_History
11/26/2024,DDR5_32GB_RAM,119.31,Pangoly_History
11/27/2024,DDR5_32GB_RAM,119.34,Pangoly_History
11/28/2024,DDR5_32GB_RAM,119.39,Pangoly_History
11/29/2024,DDR5_32GB_RAM,119.64,Pangoly_History
11/30/2024,DDR5_32GB_RAM,121.07,Pangoly_History
12/1/2024,DDR5_32GB_RAM,121.9,Pangoly_History
12/2/2024,DDR5_32GB_RAM,122.47,Pangoly_History
12/3/2024,DDR5_32GB_RAM,124,Pangoly_History
12/4/2024,DDR5_32GB_RAM,123.81,Pangoly_History
12/5/2024,DDR5_32GB_RAM,124.11,Pangoly_History
12/6/2024,DDR5_32GB_RAM,123.59,Pangoly_History
12/7/2024,DDR5_32GB_RAM,124.42,Pangoly_History
12/8/2024,DDR5_32GB_RAM,123.67,Pangoly_History
12/9/2024,DDR5_32GB_RAM,123.7,Pangoly_History
12/10/2024,DDR5_32GB_RAM,123.77,Pangoly_History
12/11/2024,DDR5_32GB_RAM,122.07,Pangoly_History
12/12/2024,DDR5_32GB_RAM,121.89,Pangoly_History
12/13/2024,DDR5_32GB_RAM,122.13,Pangoly_History
12/14/2024,DDR5_32GB_RAM,122.3,Pangoly_History
12/15/2024,DDR5_32GB_RAM,121.9,Pangoly_History
12/16/2024,DDR5_32GB_RAM,122.05,Pangoly_History
12/17/2024,DDR5_32GB_RAM,120.85,Pangoly_History
12/18/2024,DDR5_32GB_RAM,121.11,Pangoly_History
12/19/2024,DDR5_32GB_RAM,120.34,Pangoly_History
12/20/2024,DDR5_32GB_RAM,119.91,Pangoly_History
12/21/2024,DDR5_32GB_RAM,119.67,Pangoly_History
12/22/2024,DDR5_32GB_RAM,120.53,Pangoly_History
12/23/2024,DDR5_32GB_RAM,119.9,Pangoly_History
12/24/2024,DDR5_32GB_RAM,120.15,Pangoly_History
12/25/2024,DDR5_32GB_RAM,120.29,Pangoly_History
12/26/2024,DDR5_32GB_RAM,119.87,Pangoly_History
12/27/2024,DDR5_32GB_RAM,119.66,Pangoly_History
12/28/2024,DDR5_32GB_RAM,120.08,Pangoly_History
12/29/2024,DDR5_32GB_RAM,120.96,Pangoly_History
12/30/2024,DDR5_32GB_RAM,120.8,Pangoly_History
12/31/2024,DDR5_32GB_RAM,121.02,Pangoly_History
1/1/2025,DDR5_32GB_RAM,121.09,Pangoly_History
1/2/2025,DDR5_32GB_RAM,121.1,Pangoly_History
1/3/2025,DDR5_32GB_RAM,121.15,Pangoly_History
1/4/2025,DDR5_32GB_RAM,121.56,Pangoly_History
1/5/2025,DDR5_32GB_RAM,121.83,Pangoly_History
1/6/2025,DDR5_32GB_RAM,121.33,Pangoly_History
1/7/2025,DDR5_32GB_RAM,121.11,Pangoly_History
1/8/2025,DDR5_32GB_RAM,121.85,Pangoly_History
1/9/2025,DDR5_32GB_RAM,120.31,Pangoly_History
1/10/2025,DDR5_32GB_RAM,120.51,Pangoly_History
1/11/2025,DDR5_32GB_RAM,122.59,Pangoly_History
1/12/2025,DDR5_32GB_RAM,120.29,Pangoly_History
1/13/2025,DDR5_32GB_RAM,120.41,Pangoly_History
1/14/2025,DDR5_32GB_RAM,119.89,Pangoly_History
1/15/2025,DDR5_32GB_RAM,120.03,Pangoly_History
1/16/2025,DDR5_32GB_RAM,120.17,Pangoly_History
1/17/2025,DDR5_32GB_RAM,120.04,Pangoly_History
1/18/2025,DDR5_32GB_RAM,119.7,Pangoly_History
1/19/2025,DDR5_32GB_RAM,118.96,Pangoly_History
1/20/2025,DDR5_32GB_RAM,119.42,Pangoly_History
1/21/2025,DDR5_32GB_RAM,119.24,Pangoly_History
1/22/2025,DDR5_32GB_RAM,119.41,Pangoly_History
1/23/2025,DDR5_32GB_RAM,119.5,Pangoly_History
1/24/2025,DDR5_32GB_RAM,119.57,Pangoly_History
1/25/2025,DDR5_32GB_RAM,120.07,Pangoly_History
1/26/2025,DDR5_32GB_RAM,119.66,Pangoly_History
1/27/2025,DDR5_32GB_RAM,119.24,Pangoly_History
1/28/2025,DDR5_32GB_RAM,119.5,Pangoly_History
1/29/2025,DDR5_32GB_RAM,119.88,Pangoly_History
1/30/2025,DDR5_32GB_RAM,119.88,Pangoly_History
1/31/2025,DDR5_32GB_RAM,118.8,Pangoly_History
2/1/2025,DDR5_32GB_RAM,117.89,Pangoly_History
2/2/2025,DDR5_32GB_RAM,119.79,Pangoly_History
2/3/2025,DDR5_32GB_RAM,119.58,Pangoly_History
2/4/2025,DDR5_32GB_RAM,119.04,Pangoly_History
2/5/2025,DDR5_32GB_RAM,118.86,Pangoly_History
2/6/2025,DDR5_32GB_RAM,118.86,Pangoly_History
2/7/2025,DDR5_32GB_RAM,119.07,Pangoly_History
2/8/2025,DDR5_32GB_RAM,119.19,Pangoly_History
2/9/2025,DDR5_32GB_RAM,119.21,Pangoly_History
2/10/2025,DDR5_32GB_RAM,119.11,Pangoly_History
2/11/2025,DDR5_32GB_RAM,118.75,Pangoly_History
2/12/2025,DDR5_32GB_RAM,119.56,Pangoly_History
2/13/2025,DDR5_32GB_RAM,118.5,Pangoly_History
2/14/2025,DDR5_32GB_RAM,119.48,Pangoly_History
2/15/2025,DDR5_32GB_RAM,118.97,Pangoly_History
2/16/2025,DDR5_32GB_RAM,118.64,Pangoly_History
2/17/2025,DDR5_32GB_RAM,118.04,Pangoly_History
2/18/2025,DDR5_32GB_RAM,117.85,Pangoly_History
2/19/2025,DDR5_32GB_RAM,118.11,Pangoly_History
2/20/2025,DDR5_32GB_RAM,117.96,Pangoly_History
2/21/2025,DDR5_32GB_RAM,118,Pangoly_History
2/22/2025,DDR5_32GB_RAM,116.88,Pangoly_History
2/23/2025,DDR5_32GB_RAM,116.88,Pangoly_History
2/24/2025,DDR5_32GB_RAM,116.36,Pangoly_History
2/25/2025,DDR5_32GB_RAM,117.19,Pangoly_History
2/26/2025,DDR5_32GB_RAM,117.15,Pangoly_History
2/27/2025,DDR5_32GB_RAM,117.91,Pangoly_History
2/28/2025,DDR5_32GB_RAM,119.05,Pangoly_History
3/1/2025,DDR5_32GB_RAM,119.38,Pangoly_History
3/2/2025,DDR5_32GB_RAM,120.03,Pangoly_History
3/3/2025,DDR5_32GB_RAM,119.99,Pangoly_History
3/4/2025,DDR5_32GB_RAM,118.91,Pangoly_History
3/5/2025,DDR5_32GB_RAM,118.82,Pangoly_History
3/6/2025,DDR5_32GB_RAM,119.06,Pangoly_History
3/7/2025,DDR5_32GB_RAM,118.99,Pangoly_History
3/8/2025,DDR5_32GB_RAM,118.68,Pangoly_History
3/9/2025,DDR5_32GB_RAM,118.22,Pangoly_History
3/10/2025,DDR5_32GB_RAM,119.77,Pangoly_History
3/11/2025,DDR5_32GB_RAM,119.87,Pangoly_History
3/12/2025,DDR5_32GB_RAM,119.54,Pangoly_History
3/13/2025,DDR5_32GB_RAM,118.44,Pangoly_History
3/14/2025,DDR5_32GB_RAM,117.7,Pangoly_History
3/15/2025,DDR5_32GB_RAM,117.53,Pangoly_History
3/16/2025,DDR5_32GB_RAM,117.46,Pangoly_History
3/17/2025,DDR5_32GB_RAM,117.81,Pangoly_History
3/18/2025,DDR5_32GB_RAM,117.58,Pangoly_History
3/19/2025,DDR5_32GB_RAM,117.63,Pangoly_History
3/20/2025,DDR5_32GB_RAM,117.93,Pangoly_History
3/21/2025,DDR5_32GB_RAM,117.62,Pangoly_History
3/22/2025,DDR5_32GB_RAM,117.74,Pangoly_History
3/23/2025,DDR5_32GB_RAM,117.57,Pangoly_History
3/24/2025,DDR5_32GB_RAM,117.82,Pangoly_History
3/25/2025,DDR5_32GB_RAM,117.81,Pangoly_History
3/26/2025,DDR5_32GB_RAM,117.68,Pangoly_History
3/27/2025,DDR5_32GB_RAM,117.77,Pangoly_History
3/28/2025,DDR5_32GB_RAM,117.84,Pangoly_History
3/29/2025,DDR5_32GB_RAM,117.84,Pangoly_History
3/30/2025,DDR5_32GB_RAM,117.92,Pangoly_History
3/31/2025,DDR5_32GB_RAM,118.61,Pangoly_History
4/1/2025,DDR5_32GB_RAM,117.98,Pangoly_History
4/2/2025,DDR5_32GB_RAM,120.02,Pangoly_History
4/3/2025,DDR5_32GB_RAM,118.17,Pangoly_History
4/4/2025,DDR5_32GB_RAM,118.32,Pangoly_History
4/5/2025,DDR5_32GB_RAM,118.19,Pangoly_History
4/6/2025,DDR5_32GB_RAM,118.4,Pangoly_History
4/7/2025,DDR5_32GB_RAM,119.47,Pangoly_History
4/8/2025,DDR5_32GB_RAM,124.98,Pangoly_History
4/9/2025,DDR5_32GB_RAM,125.28,Pangoly_History
4/10/2025,DDR5_32GB_RAM,125.46,Pangoly_History
4/11/2025,DDR5_32GB_RAM,126.07,Pangoly_History
4/12/2025,DDR5_32GB_RAM,126.01,Pangoly_History
4/13/2025,DDR5_32GB_RAM,125.88,Pangoly_History
4/14/2025,DDR5_32GB_RAM,125.31,Pangoly_History
4/15/2025,DDR5_32GB_RAM,124.47,Pangoly_History
4/16/2025,DDR5_32GB_RAM,125.36,Pangoly_History
4/17/2025,DDR5_32GB_RAM,124.54,Pangoly_History
4/18/2025,DDR5_32GB_RAM,124.57,Pangoly_History
4/19/2025,DDR5_32GB_RAM,124.47,Pangoly_History
4/20/2025,DDR5_32GB_RAM,124.48,Pangoly_History
4/21/2025,DDR5_32GB_RAM,126.73,Pangoly_History
4/22/2025,DDR5_32GB_RAM,124.16,Pangoly_History
4/23/2025,DDR5_32GB_RAM,124.6,Pangoly_History
4/24/2025,DDR5_32GB_RAM,123.61,Pangoly_History
4/25/2025,DDR5_32GB_RAM,125.07,Pangoly_History
4/26/2025,DDR5_32GB_RAM,123.95,Pangoly_History
4/27/2025,DDR5_32GB_RAM,124.77,Pangoly_History
4/28/2025,DDR5_32GB_RAM,122.8,Pangoly_History
4/29/2025,DDR5_32GB_RAM,123.22,Pangoly_History
4/30/2025,DDR5_32GB_RAM,123.17,Pangoly_History
5/1/2025,DDR5_32GB_RAM,121.22,Pangoly_History
5/2/2025,DDR5_32GB_RAM,122.4,Pangoly_History
5/3/2025,DDR5_32GB_RAM,121.23,Pangoly_History
5/4/2025,DDR5_32GB_RAM,121.39,Pangoly_History
5/5/2025,DDR5_32GB_RAM,121.23,Pangoly_History
5/6/2025,DDR5_32GB_RAM,121.63,Pangoly_History
5/7/2025,DDR5_32GB_RAM,121.55,Pangoly_History
5/8/2025,DDR5_32GB_RAM,122.15,Pangoly_History
5/9/2025,DDR5_32GB_RAM,122.13,Pangoly_History
5/10/2025,DDR5_32GB_RAM,122.23,Pangoly_History
5/11/2025,DDR5_32GB_RAM,121.55,Pangoly_History
5/12/2025,DDR5_32GB_RAM,121.21,Pangoly_History
5/13/2025,DDR5_32GB_RAM,121.26,Pangoly_History
5/14/2025,DDR5_32GB_RAM,122.15,Pangoly_History
5/15/2025,DDR5_32GB_RAM,121.9,Pangoly_History
5/16/2025,DDR5_32GB_RAM,122.19,Pangoly_History
5/17/2025,DDR5_32GB_RAM,122.69,Pangoly_History
5/18/2025,DDR5_32GB_RAM,122.19,Pangoly_History
5/19/2025,DDR5_32GB_RAM,122.44,Pangoly_History
5/20/2025,DDR5_32GB_RAM,122.25,Pangoly_History
5/21/2025,DDR5_32GB_RAM,122.78,Pangoly_History
5/22/2025,DDR5_32GB_RAM,123.67,Pangoly_History
5/23/2025,DDR5_32GB_RAM,123.69,Pangoly_History
5/24/2025,DDR5_32GB_RAM,122.86,Pangoly_History
5/25/2025,DDR5_32GB_RAM,123.65,Pangoly_History
5/26/2025,DDR5_32GB_RAM,123.47,Pangoly_History
5/27/2025,DDR5_32GB_RAM,123.29,Pangoly_History
5/28/2025,DDR5_32GB_RAM,122.94,Pangoly_History
5/29/2025,DDR5_32GB_RAM,123.46,Pangoly_History
5/30/2025,DDR5_32GB_RAM,123.32,Pangoly_History
5/31/2025,DDR5_32GB_RAM,122.27,Pangoly_History
6/1/2025,DDR5_32GB_RAM,125.1,Pangoly_History
6/2/2025,DDR5_32GB_RAM,125.15,Pangoly_History
6/3/2025,DDR5_32GB_RAM,124.57,Pangoly_History
6/4/2025,DDR5_32GB_RAM,123.76,Pangoly_History
6/5/2025,DDR5_32GB_RAM,123.79,Pangoly_History
6/6/2025,DDR5_32GB_RAM,123.99,Pangoly_History
6/7/2025,DDR5_32GB_RAM,124.06,Pangoly_History
6/8/2025,DDR5_32GB_RAM,124.35,Pangoly_History
6/9/2025,DDR5_32GB_RAM,124.52,Pangoly_History
6/10/2025,DDR5_32GB_RAM,124.77,Pangoly_History
6/11/2025,DDR5_32GB_RAM,124.88,Pangoly_History
6/12/2025,DDR5_32GB_RAM,124.32,Pangoly_History
6/13/2025,DDR5_32GB_RAM,124.86,Pangoly_History
6/14/2025,DDR5_32GB_RAM,124.33,Pangoly_History
6/15/2025,DDR5_32GB_RAM,124.96,Pangoly_History
6/16/2025,DDR5_32GB_RAM,125.46,Pangoly_History
6/17/2025,DDR5_32GB_RAM,125.41,Pangoly_History
6/18/2025,DDR5_32GB_RAM,125.7,Pangoly_History
6/19/2025,DDR5_32GB_RAM,125.33,Pangoly_History
6/20/2025,DDR5_32GB_RAM,125.25,Pangoly_History
6/21/2025,DDR5_32GB_RAM,126,Pangoly_History
6/22/2025,DDR5_32GB_RAM,126.35,Pangoly_History
6/23/2025,DDR5_32GB_RAM,126.28,Pangoly_History
6/24/2025,DDR5_32GB_RAM,125.53,Pangoly_History
6/25/2025,DDR5_32GB_RAM,125.68,Pangoly_History
6/26/2025,DDR5_32GB_RAM,126.08,Pangoly_History
6/27/2025,DDR5_32GB_RAM,126.26,Pangoly_History
6/28/2025,DDR5_32GB_RAM,126.29,Pangoly_History
6/29/2025,DDR5_32GB_RAM,126.39,Pangoly_History
6/30/2025,DDR5_32GB_RAM,125.85,Pangoly_History
7/1/2025,DDR5_32GB_RAM,125.22,Pangoly_History
7/2/2025,DDR5_32GB_RAM,125.25,Pangoly_History
7/3/2025,DDR5_32GB_RAM,125.96,Pangoly_History
7/4/2025,DDR5_32GB_RAM,126.56,Pangoly_History
7/5/2025,DDR5_32GB_RAM,126.73,Pangoly_History
7/6/2025,DDR5_32GB_RAM,127.19,Pangoly_History
7/7/2025,DDR5_32GB_RAM,127.69,Pangoly_History
7/8/2025,DDR5_32GB_RAM,127.14,Pangoly_History
7/9/2025,DDR5_32GB_RAM,125.81,Pangoly_History
7/10/2025,DDR5_32GB_RAM,126.14,Pangoly_History
7/11/2025,DDR5_32GB_RAM,127.59,Pangoly_History
7/12/2025,DDR5_32GB_RAM,127.6,Pangoly_History
7/13/2025,DDR5_32GB_RAM,128.82,Pangoly_History
7/14/2025,DDR5_32GB_RAM,128.98,Pangoly_History
7/15/2025,DDR5_32GB_RAM,128,Pangoly_History
7/16/2025,DDR5_32GB_RAM,127.83,Pangoly_History
7/17/2025,DDR5_32GB_RAM,127.67,Pangoly_History
7/18/2025,DDR5_32GB_RAM,128.6,Pangoly_History
7/19/2025,DDR5_32GB_RAM,128.94,Pangoly_History
7/20/2025,DDR5_32GB_RAM,129.25,Pangoly_History
7/21/2025,DDR5_32GB_RAM,128.96,Pangoly_History
7/22/2025,DDR5_32GB_RAM,128.54,Pangoly_History
7/23/2025,DDR5_32GB_RAM,127.19,Pangoly_History
7/24/2025,DDR5_32GB_RAM,127.66,Pangoly_History
7/25/2025,DDR5_32GB_RAM,128.45,Pangoly_History
7/26/2025,DDR5_32GB_RAM,128.53,Pangoly_History
7/27/2025,DDR5_32GB_RAM,128.8,Pangoly_History
7/28/2025,DDR5_32GB_RAM,129.72,Pangoly_History
7/29/2025,DDR5_32GB_RAM,130.98,Pangoly_History
7/30/2025,DDR5_32GB_RAM,130.18,Pangoly_History
7/31/2025,DDR5_32GB_RAM,131.34,Pangoly_History
8/1/2025,DDR5_32GB_RAM,129.85,Pangoly_History
8/2/2025,DDR5_32GB_RAM,129.84,Pangoly_History
8/3/2025,DDR5_32GB_RAM,129.78,Pangoly_History
8/4/2025,DDR5_32GB_RAM,130.52,Pangoly_History
8/5/2025,DDR5_32GB_RAM,130.76,Pangoly_History
8/6/2025,DDR5_32GB_RAM,130.06,Pangoly_History
8/7/2025,DDR5_32GB_RAM,128.75,Pangoly_History
8/8/2025,DDR5_32GB_RAM,129.95,Pangoly_History
8/9/2025,DDR5_32GB_RAM,130.01,Pangoly_History
8/10/2025,DDR5_32GB_RAM,130.21,Pangoly_History
8/11/2025,DDR5_32GB_RAM,130.85,Pangoly_History
8/12/2025,DDR5_32GB_RAM,131.21,Pangoly_History
8/13/2025,DDR5_32GB_RAM,131.01,Pangoly_History
8/14/2025,DDR5_32GB_RAM,130.66,Pangoly_History
8/15/2025,DDR5_32GB_RAM,130.89,Pangoly_History
8/16/2025,DDR5_32GB_RAM,130.92,Pangoly_History
8/17/2025,DDR5_32GB_RAM,131.62,Pangoly_History
8/18/2025,DDR5_32GB_RAM,133.76,Pangoly_History
8/19/2025,DDR5_32GB_RAM,133.74,Pangoly_History
8/20/2025,DDR5_32GB_RAM,134.38,Pangoly_History
8/21/2025,DDR5_32GB_RAM,133.85,Pangoly_History
8/22/2025,DDR5_32GB_RAM,133.88,Pangoly_History
8/23/2025,DDR5_32GB_RAM,133.87,Pangoly_History
8/24/2025,DDR5_32GB_RAM,134.48,Pangoly_History
8/25/2025,DDR5_32GB_RAM,135.05,Pangoly_History
8/26/2025,DDR5_32GB_RAM,134.28,Pangoly_History
8/27/2025,DDR5_32GB_RAM,135.82,Pangoly_History
8/28/2025,DDR5_32GB_RAM,135.96,Pangoly_History
8/29/2025,DDR5_32GB_RAM,136.52,Pangoly_History
8/30/2025,DDR5_32GB_RAM,134.86,Pangoly_History
8/31/2025,DDR5_32GB_RAM,135.98,Pangoly_History
9/1/2025,DDR5_32GB_RAM,135.39,Pangoly_History
9/2/2025,DDR5_32GB_RAM,135.51,Pangoly_History
9/3/2025,DDR5_32GB_RAM,135.29,Pangoly_History
9/4/2025,DDR5_32GB_RAM,135.46,Pangoly_History
9/5/2025,DDR5_32GB_RAM,135.64,Pangoly_History
9/6/2025,DDR5_32GB_RAM,135.46,Pangoly_History
9/7/2025,DDR5_32GB_RAM,134.99,Pangoly_History
9/8/2025,DDR5_32GB_RAM,135.84,Pangoly_History
9/9/2025,DDR5_32GB_RAM,135.7,Pangoly_History
9/10/2025,DDR5_32GB_RAM,135.83,Pangoly_History
9/11/2025,DDR5_32GB_RAM,135.52,Pangoly_History
9/12/2025,DDR5_32GB_RAM,135.63,Pangoly_History
9/13/2025,DDR5_32GB_RAM,135.78,Pangoly_History
9/14/2025,DDR5_32GB_RAM,136.31,Pangoly_History
9/15/2025,DDR5_32GB_RAM,135.91,Pangoly_History
9/16/2025,DDR5_32GB_RAM,138.54,Pangoly_History
9/17/2025,DDR5_32GB_RAM,138.56,Pangoly_History
9/18/2025,DDR5_32GB_RAM,139.06,Pangoly_History
9/19/2025,DDR5_32GB_RAM,138.76,Pangoly_History
9/20/2025,DDR5_32GB_RAM,139.45,Pangoly_History
9/21/2025,DDR5_32GB_RAM,140.64,Pangoly_History
9/22/2025,DDR5_32GB_RAM,143.61,Pangoly_History
9/23/2025,DDR5_32GB_RAM,144.22,Pangoly_History
9/24/2025,DDR5_32GB_RAM,143.89,Pangoly_History
9/25/2025,DDR5_32GB_RAM,144.66,Pangoly_History
9/26/2025,DDR5_32GB_RAM,144.78,Pangoly_History
9/27/2025,DDR5_32GB_RAM,145.37,Pangoly_History
9/28/2025,DDR5_32GB_RAM,145.89,Pangoly_History
9/29/2025,DDR5_32GB_RAM,147.04,Pangoly_History
9/30/2025,DDR5_32GB_RAM,150.41,Pangoly_History
10/1/2025,DDR5_32GB_RAM,151.44,Pangoly_History
10/2/2025,DDR5_32GB_RAM,157.89,Pangoly_History
10/3/2025,DDR5_32GB_RAM,158.27,Pangoly_History
10/4/2025,DDR5_32GB_RAM,158.64,Pangoly_History
10/5/2025,DDR5_32GB_RAM,159.95,Pangoly_History
10/6/2025,DDR5_32GB_RAM,160.93,Pangoly_History
10/7/2025,DDR5_32GB_RAM,162.66,Pangoly_History
10/8/2025,DDR5_32GB_RAM,164.32,Pangoly_History
10/9/2025,DDR5_32GB_RAM,164.44,Pangoly_History
10/10/2025,DDR5_32GB_RAM,165.25,Pangoly_History
10/11/2025,DDR5_32GB_RAM,165.49,Pangoly_History
10/12/2025,DDR5_32GB_RAM,166.73,Pangoly_History
10/13/2025,DDR5_32GB_RAM,166.76,Pangoly_History
10/14/2025,DDR5_32GB_RAM,172.11,Pangoly_History
10/15/2025,DDR5_32GB_RAM,176,Pangoly_History
10/16/2025,DDR5_32GB_RAM,178.27,Pangoly_History
10/17/2025,DDR5_32GB_RAM,179.6,Pangoly_History
10/18/2025,DDR5_32GB_RAM,180.25,Pangoly_History
10/19/2025,DDR5_32GB_RAM,185.14,Pangoly_History
10/20/2025,DDR5_32GB_RAM,190.99,Pangoly_History
10/21/2025,DDR5_32GB_RAM,193.23,Pangoly_History
10/22/2025,DDR5_32GB_RAM,201.64,Pangoly_History
10/23/2025,DDR5_32GB_RAM,203.51,Pangoly_History
10/24/2025,DDR5_32GB_RAM,204.57,Pangoly_History
10/25/2025,DDR5_32GB_RAM,203.98,Pangoly_History
10/26/2025,DDR5_32GB_RAM,205.47,Pangoly_History
10/27/2025,DDR5_32GB_RAM,208.61,Pangoly_History
10/28/2025,DDR5_32GB_RAM,210.97,Pangoly_History
10/29/2025,DDR5_32GB_RAM,213.94,Pangoly_History
10/30/2025,DDR5_32GB_RAM,214.83,Pangoly_History
10/31/2025,DDR5_32GB_RAM,216.02,Pangoly_History
11/1/2025,DDR5_32GB_RAM,216.96,Pangoly_History
11/2/2025,DDR5_32GB_RAM,220.04,Pangoly_History
11/3/2025,DDR5_32GB_RAM,229.62,Pangoly_History
11/4/2025,DDR5_32GB_RAM,232.83,Pangoly_History
11/5/2025,DDR5_32GB_RAM,239.69,Pangoly_History
11/6/2025,DDR5_32GB_RAM,243.1,Pangoly_History
11/7/2025,DDR5_32GB_RAM,244,Pangoly_History
11/8/2025,DDR5_32GB_RAM,244.85,Pangoly_History
11/9/2025,DDR5_32GB_RAM,247.66,Pangoly_History
11/10/2025,DDR5_32GB_RAM,250.37,Pangoly_History
11/11/2025,DDR5_32GB_RAM,251.13,Pangoly_History
11/12/2025,DDR5_32GB_RAM,254.57,Pangoly_History
11/13/2025,DDR5_32GB_RAM,265.29,Pangoly_History
11/14/2025,DDR5_32GB_RAM,265.99,Pangoly_History
11/15/2025,DDR5_32GB_RAM,265.43,Pangoly_History
11/16/2025,DDR5_32GB_RAM,271.35,Pangoly_History
11/17/2025,DDR5_32GB_RAM,294.95,Pangoly_History
11/18/2025,DDR5_32GB_RAM,304.28,Pangoly_History
11/19/2025,DDR5_32GB_RAM,320.38,Pangoly_History
11/20/2025,DDR5_32GB_RAM,322.82,Pangoly_History
11/21/2025,DDR5_32GB_RAM,324.69,Pangoly_History
11/22/2025,DDR5_32GB_RAM,325.67,Pangoly_History
11/23/2025,DDR5_32GB_RAM,326.16,Pangoly_History
11/24/2025,DDR5_32GB_RAM,333.44,Pangoly_History
11/25/2025,DDR5_32GB_RAM,343.37,Pangoly_History
11/26/2025,DDR5_32GB_RAM,344.26,Pangoly_History
11/27/2025,DDR5_32GB_RAM,346.08,Pangoly_History
11/28/2025,DDR5_32GB_RAM,348.48,Pangoly_History
11/29/2025,DDR5_32GB_RAM,348.59,Pangoly_History
11/30/2025,DDR5_32GB_RAM,352.13,Pangoly_History
12/1/2025,DDR5_32GB_RAM,353.73,Pangoly_History
12/2/2025,DDR5_32GB_RAM,356.25,Pangoly_History
12/3/2025,DDR5_32GB_RAM,361.54,Pangoly_History
12/4/2025,DDR5_32GB_RAM,364.08,Pangoly_History
12/5/2025,DDR5_32GB_RAM,364.43,Pangoly_History
12/6/2025,DDR5_32GB_RAM,365.91,Pangoly_History
12/7/2025,DDR5_32GB_RAM,367.34,Pangoly_History
12/8/2025,DDR5_32GB_RAM,371.73,Pangoly_History
12/9/2025,DDR5_32GB_RAM,375.26,Pangoly_History
12/10/2025,DDR5_32GB_RAM,377.87,Pangoly_History
12/11/2025,DDR5_32GB_RAM,378.77,Pangoly_History
12/12/2025,DDR5_32GB_RAM,379.62,Pangoly_History
12/13/2025,DDR5_32GB_RAM,378.99,Pangoly_History
12/14/2025,DDR5_32GB_RAM,385.01,Pangoly_History
12/15/2025,DDR5_32GB_RAM,385.8,Pangoly_History
12/16/2025,DDR5_32GB_RAM,386.48,Pangoly_History
12/17/2025,DDR5_32GB_RAM,386.66,Pangoly_History
12/18/2025,DDR5_32GB_RAM,387.53,Pangoly_History
12/19/2025,DDR5_32GB_RAM,388.79,Pangoly_History
12/20/2025,DDR5_32GB_RAM,390.35,Pangoly_History
12/21/2025,DDR5_32GB_RAM,388.77,Pangoly_History
12/22/2025,DDR5_32GB_RAM,391.59,Pangoly_History
12/23/2025,DDR5_32GB_RAM,390.74,Pangoly_History
12/24/2025,DDR5_32GB_RAM,391.92,Pangoly_History
12/25/2025,DDR5_32GB_RAM,394.78,Pangoly_History
12/26/2025,DDR5_32GB_RAM,394.5,Pangoly_History
12/27/2025,DDR5_32GB_RAM,395.61,Pangoly_History
12/28/2025,DDR5_32GB_RAM,397.78,Pangoly_History
12/29/2025,DDR5_32GB_RAM,399.4,Pangoly_History
12/30/2025,DDR5_32GB_RAM,400.55,Pangoly_History
12/31/2025,DDR5_32GB_RAM,401.97,Pangoly_History
1/1/2026,DDR5_32GB_RAM,401.41,Pangoly_History
1/2/2026,DDR5_32GB_RAM,401.56,Pangoly_History
1/3/2026,DDR5_32GB_RAM,401.49,Pangoly_History
1/4/2026,DDR5_32GB_RAM,403.9,Pangoly_History
1/5/2026,DDR5_32GB_RAM,418.34,Pangoly_History
1/6/2026,DDR5_32GB_RAM,417.55,Pangoly_History
1/7/2026,DDR5_32GB_RAM,418.01,Pangoly_History
1/8/2026,DDR5_32GB_RAM,418.01,Pangoly_History
1/9/2026,DDR5_32GB_RAM,418.01,Pangoly_History
1/10/2026,DDR5_32GB_RAM,423.54,Pangoly_History
1/11/2026,DDR5_32GB_RAM,422.48,Pangoly_History
1/12/2026,DDR5_32GB_RAM,427.22,Pangoly_History
1/13/2026,DDR5_32GB_RAM,428.68,Pangoly_History
1/14/2026,DDR5_32GB_RAM,428.44,Pangoly_History
1/15/2026,DDR5_32GB_RAM,454.23,Pangoly_History
1/16/2026,DDR5_32GB_RAM,457.95,Pangoly_History
1/17/2026,DDR5_32GB_RAM,459.03,Pangoly_History
1/18/2026,DDR5_32GB_RAM,458.9,Pangoly_History
1/19/2026,DDR5_32GB_RAM,463.27,Pangoly_History
1/20/2026,DDR5_32GB_RAM,467.33,Pangoly_History
1/21/2026,DDR5_32GB_RAM,469.84,Pangoly_History
1/22/2026,DDR5_32GB_RAM,470.28,Pangoly_History
1/23/2026,DDR5_32GB_RAM,469.49,Pangoly_History
1/24/2026,DDR5_32GB_RAM,470.06,Pangoly_History
1/25/2026,DDR5_32GB_RAM,470.56,Pangoly_History
1/26/2026,DDR5_32GB_RAM,474,Pangoly_History
1/27/2026,DDR5_32GB_RAM,479.26,Pangoly_History
1/28/2026,DDR5_32GB_RAM,480.28,Pangoly_History
1/29/2026,DDR5_32GB_RAM,479.31,Pangoly_History
1/30/2026,DDR5_32GB_RAM,477.3,Pangoly_History
1/31/2026,DDR5_32GB_RAM,477.28,Pangoly_History
2/1/2026,DDR5_32GB_RAM,477.89,Pangoly_History
2/2/2026,DDR5_32GB_RAM,480.19,Pangoly_History
2/3/2026,DDR5_32GB_RAM,480.59,Pangoly_History
2/4/2026,DDR5_32GB_RAM,482.96,Pangoly_History
2/5/2026,DDR5_32GB_RAM,482.49,Pangoly_History
2/6/2026,DDR5_32GB_RAM,483.42,Pangoly_History
2/7/2026,DDR5_32GB_RAM,482.37,Pangoly_History
2/8/2026,DDR5_32GB_RAM,483.21,Pangoly_History
2/9/2026,DDR5_32GB_RAM,482.01,Pangoly_History
2/10/2026,DDR5_32GB_RAM,484.38,Pangoly_History
2/11/2026,DDR5_32GB_RAM,485.97,Pangoly_History
2/12/2026,DDR5_32GB_RAM,485.35,Pangoly_History
2/13/2026,DDR5_32GB_RAM,485.71,Pangoly_History
,,,
,,,
