Date,Component,Avg_Price
2021-02-13,2TB_NVME_GEN4,349.99
2021-02-14,2TB_NVME_GEN4,356.99
2021-02-15,2TB_NVME_GEN4,349.99
2021-02-16,2TB_NVME_GEN4,359.49
2021-02-17,2TB_NVME_GEN4,350.44
2021-02-18,2TB_NVME_GEN4,350.44
2021-02-19,2TB_NVME_GEN4,350.44
2021-02-20,2TB_NVME_GEN4,350.44
2021-02-21,2TB_NVME_GEN4,352.49
2021-02-22,2TB_NVME_GEN4,349.22
2021-02-23,2TB_NVME_GEN4,349.6
2021-02-24,2TB_NVME_GEN4,349.22
2021-02-25,2TB_NVME_GEN4,349.22
2021-02-26,2TB_NVME_GEN4,349.22
2021-02-27,2TB_NVME_GEN4,349.22
2021-02-28,2TB_NVME_GEN4,349.22
2021-03-01,2TB_NVME_GEN4,356.35
2021-03-02,2TB_NVME_GEN4,355.44
2021-03-03,2TB_NVME_GEN4,355.44
2021-03-04,2TB_NVME_GEN4,355.44
2021-03-05,2TB_NVME_GEN4,355.44
2021-03-06,2TB_NVME_GEN4,355.44
2021-03-07,2TB_NVME_GEN4,355.44
2021-03-08,2TB_NVME_GEN4,353.63
2021-03-09,2TB_NVME_GEN4,353.63
2021-03-10,2TB_NVME_GEN4,353.63
2021-03-11,2TB_NVME_GEN4,353.63
2021-03-12,2TB_NVME_GEN4,353.63
2021-03-13,2TB_NVME_GEN4,336.65
2021-03-14,2TB_NVME_GEN4,336.65
2021-03-15,2TB_NVME_GEN4,336.65
2021-03-16,2TB_NVME_GEN4,336.65
2021-03-17,2TB_NVME_GEN4,336.65
2021-03-18,2TB_NVME_GEN4,336.65
2021-03-19,2TB_NVME_GEN4,336.65
2021-03-20,2TB_NVME_GEN4,336.65
2021-03-21,2TB_NVME_GEN4,336.65
2021-03-22,2TB_NVME_GEN4,336.65
2021-03-23,2TB_NVME_GEN4,336.65
2021-03-24,2TB_NVME_GEN4,336.65
2021-03-25,2TB_NVME_GEN4,336.65
2021-03-26,2TB_NVME_GEN4,340.61
2021-03-27,2TB_NVME_GEN4,340.61
2021-03-28,2TB_NVME_GEN4,340.61
2021-03-29,2TB_NVME_GEN4,340.61
2021-03-30,2TB_NVME_GEN4,347.93
2021-03-31,2TB_NVME_GEN4,347.34
2021-04-01,2TB_NVME_GEN4,354.43
2021-04-02,2TB_NVME_GEN4,336.55
2021-04-03,2TB_NVME_GEN4,334.05
2021-04-04,2TB_NVME_GEN4,334.05
2021-04-05,2TB_NVME_GEN4,338.99
2021-04-06,2TB_NVME_GEN4,338.99
2021-04-07,2TB_NVME_GEN4,338.99
2021-04-08,2TB_NVME_GEN4,338.99
2021-04-09,2TB_NVME_GEN4,338.99
2021-04-10,2TB_NVME_GEN4,331.14
2021-04-11,2TB_NVME_GEN4,329.6
2021-04-12,2TB_NVME_GEN4,332.68
2021-04-13,2TB_NVME_GEN4,325.76
2021-04-14,2TB_NVME_GEN4,327.65
2021-04-15,2TB_NVME_GEN4,330.87
2021-04-16,2TB_NVME_GEN4,324.63
2021-04-17,2TB_NVME_GEN4,330.28
2021-04-18,2TB_NVME_GEN4,340.82
2021-04-19,2TB_NVME_GEN4,343.6
2021-04-20,2TB_NVME_GEN4,343.04
2021-04-21,2TB_NVME_GEN4,341.46
2021-04-22,2TB_NVME_GEN4,359.37
2021-04-23,2TB_NVME_GEN4,353.88
2021-04-24,2TB_NVME_GEN4,352.21
2021-04-25,2TB_NVME_GEN4,352.09
2021-04-26,2TB_NVME_GEN4,361.66
2021-04-27,2TB_NVME_GEN4,347.99
2021-04-28,2TB_NVME_GEN4,361.0
2021-04-29,2TB_NVME_GEN4,369.52
2021-04-30,2TB_NVME_GEN4,362.9
2021-05-01,2TB_NVME_GEN4,362.61
2021-05-02,2TB_NVME_GEN4,353.88
2021-05-03,2TB_NVME_GEN4,348.32
2021-05-04,2TB_NVME_GEN4,359.06
2021-05-05,2TB_NVME_GEN4,361.46
2021-05-06,2TB_NVME_GEN4,368.7
2021-05-07,2TB_NVME_GEN4,369.82
2021-05-08,2TB_NVME_GEN4,371.2
2021-05-09,2TB_NVME_GEN4,370.66
2021-05-10,2TB_NVME_GEN4,364.66
2021-05-11,2TB_NVME_GEN4,363.13
2021-05-12,2TB_NVME_GEN4,368.78
2021-05-13,2TB_NVME_GEN4,367.67
2021-05-14,2TB_NVME_GEN4,356.79
2021-05-15,2TB_NVME_GEN4,371.04
2021-05-16,2TB_NVME_GEN4,365.24
2021-05-17,2TB_NVME_GEN4,363.13
2021-05-18,2TB_NVME_GEN4,370.26
2021-05-19,2TB_NVME_GEN4,375.86
2021-05-20,2TB_NVME_GEN4,369.74
2021-05-21,2TB_NVME_GEN4,373.06
2021-05-22,2TB_NVME_GEN4,368.71
2021-05-23,2TB_NVME_GEN4,358.5
2021-05-24,2TB_NVME_GEN4,358.42
2021-05-25,2TB_NVME_GEN4,360.06
2021-05-26,2TB_NVME_GEN4,363.91
2021-05-27,2TB_NVME_GEN4,377.2
2021-05-28,2TB_NVME_GEN4,372.8
2021-05-29,2TB_NVME_GEN4,353.0
2021-05-30,2TB_NVME_GEN4,353.0
2021-05-31,2TB_NVME_GEN4,358.61
2021-06-01,2TB_NVME_GEN4,366.23
2021-06-02,2TB_NVME_GEN4,383.55
2021-06-03,2TB_NVME_GEN4,382.55
2021-06-04,2TB_NVME_GEN4,390.8
2021-06-05,2TB_NVME_GEN4,392.94
2021-06-06,2TB_NVME_GEN4,400.79
2021-06-07,2TB_NVME_GEN4,400.04
2021-06-08,2TB_NVME_GEN4,394.7
2021-06-09,2TB_NVME_GEN4,411.62
2021-06-10,2TB_NVME_GEN4,411.62
2021-06-11,2TB_NVME_GEN4,396.82
2021-06-12,2TB_NVME_GEN4,409.88
2021-06-13,2TB_NVME_GEN4,400.38
2021-06-14,2TB_NVME_GEN4,392.79
2021-06-15,2TB_NVME_GEN4,392.82
2021-06-16,2TB_NVME_GEN4,393.1
2021-06-17,2TB_NVME_GEN4,392.73
2021-06-18,2TB_NVME_GEN4,392.65
2021-06-19,2TB_NVME_GEN4,391.89
2021-06-20,2TB_NVME_GEN4,394.53
2021-06-21,2TB_NVME_GEN4,390.99
2021-06-22,2TB_NVME_GEN4,396.4
2021-06-23,2TB_NVME_GEN4,399.59
2021-06-24,2TB_NVME_GEN4,409.63
2021-06-25,2TB_NVME_GEN4,408.27
2021-06-26,2TB_NVME_GEN4,408.27
2021-06-27,2TB_NVME_GEN4,403.07
2021-06-28,2TB_NVME_GEN4,403.08
2021-06-29,2TB_NVME_GEN4,401.86
2021-06-30,2TB_NVME_GEN4,408.46
2021-07-01,2TB_NVME_GEN4,413.1
2021-07-02,2TB_NVME_GEN4,406.18
2021-07-03,2TB_NVME_GEN4,408.84
2021-07-04,2TB_NVME_GEN4,409.67
2021-07-05,2TB_NVME_GEN4,409.37
2021-07-06,2TB_NVME_GEN4,410.32
2021-07-07,2TB_NVME_GEN4,404.48
2021-07-08,2TB_NVME_GEN4,400.1
2021-07-09,2TB_NVME_GEN4,392.84
2021-07-10,2TB_NVME_GEN4,387.43
2021-07-11,2TB_NVME_GEN4,388.23
2021-07-12,2TB_NVME_GEN4,388.27
2021-07-13,2TB_NVME_GEN4,388.27
2021-07-14,2TB_NVME_GEN4,388.27
2021-07-15,2TB_NVME_GEN4,387.47
2021-07-16,2TB_NVME_GEN4,384.23
2021-07-17,2TB_NVME_GEN4,388.26
2021-07-18,2TB_NVME_GEN4,384.02
2021-07-19,2TB_NVME_GEN4,386.25
2021-07-20,2TB_NVME_GEN4,384.43
2021-07-21,2TB_NVME_GEN4,384.43
2021-07-22,2TB_NVME_GEN4,384.43
2021-07-23,2TB_NVME_GEN4,384.69
2021-07-24,2TB_NVME_GEN4,378.6
2021-07-25,2TB_NVME_GEN4,378.99
2021-07-26,2TB_NVME_GEN4,378.34
2021-07-27,2TB_NVME_GEN4,380.53
2021-07-28,2TB_NVME_GEN4,380.45
2021-07-29,2TB_NVME_GEN4,380.53
2021-07-30,2TB_NVME_GEN4,380.53
2021-07-31,2TB_NVME_GEN4,375.72
2021-08-01,2TB_NVME_GEN4,373.04
2021-08-02,2TB_NVME_GEN4,366.76
2021-08-03,2TB_NVME_GEN4,366.41
2021-08-04,2TB_NVME_GEN4,363.95
2021-08-05,2TB_NVME_GEN4,363.92
2021-08-06,2TB_NVME_GEN4,361.88
2021-08-07,2TB_NVME_GEN4,361.51
2021-08-08,2TB_NVME_GEN4,356.33
2021-08-09,2TB_NVME_GEN4,355.77
2021-08-10,2TB_NVME_GEN4,359.47
2021-08-11,2TB_NVME_GEN4,357.73
2021-08-12,2TB_NVME_GEN4,357.73
2021-08-13,2TB_NVME_GEN4,356.25
2021-08-14,2TB_NVME_GEN4,356.25
2021-08-15,2TB_NVME_GEN4,352.62
2021-08-16,2TB_NVME_GEN4,352.25
2021-08-17,2TB_NVME_GEN4,350.25
2021-08-18,2TB_NVME_GEN4,346.02
2021-08-19,2TB_NVME_GEN4,346.02
2021-08-20,2TB_NVME_GEN4,345.99
2021-08-21,2TB_NVME_GEN4,345.96
2021-08-22,2TB_NVME_GEN4,340.22
2021-08-23,2TB_NVME_GEN4,336.86
2021-08-24,2TB_NVME_GEN4,336.86
2021-08-25,2TB_NVME_GEN4,336.86
2021-08-26,2TB_NVME_GEN4,336.86
2021-08-27,2TB_NVME_GEN4,335.49
2021-08-28,2TB_NVME_GEN4,336.83
2021-08-29,2TB_NVME_GEN4,338.16
2021-08-30,2TB_NVME_GEN4,337.49
2021-08-31,2TB_NVME_GEN4,341.76
2021-09-01,2TB_NVME_GEN4,338.36
2021-09-02,2TB_NVME_GEN4,338.36
2021-09-03,2TB_NVME_GEN4,338.69
2021-09-04,2TB_NVME_GEN4,338.66
2021-09-05,2TB_NVME_GEN4,338.66
2021-09-06,2TB_NVME_GEN4,337.66
2021-09-07,2TB_NVME_GEN4,337.66
2021-09-08,2TB_NVME_GEN4,337.66
2021-09-09,2TB_NVME_GEN4,337.73
2021-09-10,2TB_NVME_GEN4,333.41
2021-09-11,2TB_NVME_GEN4,331.96
2021-09-12,2TB_NVME_GEN4,331.96
2021-09-13,2TB_NVME_GEN4,330.3
2021-09-14,2TB_NVME_GEN4,329.58
2021-09-15,2TB_NVME_GEN4,330.1
2021-09-16,2TB_NVME_GEN4,332.69
2021-09-17,2TB_NVME_GEN4,332.69
2021-09-18,2TB_NVME_GEN4,332.69
2021-09-19,2TB_NVME_GEN4,336.48
2021-09-20,2TB_NVME_GEN4,336.51
2021-09-21,2TB_NVME_GEN4,336.51
2021-09-22,2TB_NVME_GEN4,335.25
2021-09-23,2TB_NVME_GEN4,335.25
2021-09-24,2TB_NVME_GEN4,335.25
2021-09-25,2TB_NVME_GEN4,338.65
2021-09-26,2TB_NVME_GEN4,340.91
2021-09-27,2TB_NVME_GEN4,340.91
2021-09-28,2TB_NVME_GEN4,340.91
2021-09-29,2TB_NVME_GEN4,337.42
2021-09-30,2TB_NVME_GEN4,346.83
2021-10-01,2TB_NVME_GEN4,341.66
2021-10-02,2TB_NVME_GEN4,342.24
2021-10-03,2TB_NVME_GEN4,339.78
2021-10-04,2TB_NVME_GEN4,339.86
2021-10-05,2TB_NVME_GEN4,339.86
2021-10-06,2TB_NVME_GEN4,341.75
2021-10-07,2TB_NVME_GEN4,338.85
2021-10-08,2TB_NVME_GEN4,341.88
2021-10-09,2TB_NVME_GEN4,342.69
2021-10-10,2TB_NVME_GEN4,342.69
2021-10-11,2TB_NVME_GEN4,342.69
2021-10-12,2TB_NVME_GEN4,341.34
2021-10-13,2TB_NVME_GEN4,337.96
2021-10-14,2TB_NVME_GEN4,337.63
2021-10-15,2TB_NVME_GEN4,342.24
2021-10-16,2TB_NVME_GEN4,342.19
2021-10-17,2TB_NVME_GEN4,342.19
2021-10-18,2TB_NVME_GEN4,341.74
2021-10-19,2TB_NVME_GEN4,338.19
2021-10-20,2TB_NVME_GEN4,337.11
2021-10-21,2TB_NVME_GEN4,337.46
2021-10-22,2TB_NVME_GEN4,335.79
2021-10-23,2TB_NVME_GEN4,348.57
2021-10-24,2TB_NVME_GEN4,346.16
2021-10-25,2TB_NVME_GEN4,344.89
2021-10-26,2TB_NVME_GEN4,345.08
2021-10-27,2TB_NVME_GEN4,342.52
2021-10-28,2TB_NVME_GEN4,341.23
2021-10-29,2TB_NVME_GEN4,341.23
2021-10-30,2TB_NVME_GEN4,348.0
2021-10-31,2TB_NVME_GEN4,353.51
2021-11-01,2TB_NVME_GEN4,354.34
2021-11-02,2TB_NVME_GEN4,345.85
2021-11-03,2TB_NVME_GEN4,343.87
2021-11-04,2TB_NVME_GEN4,349.42
2021-11-05,2TB_NVME_GEN4,345.15
2021-11-06,2TB_NVME_GEN4,346.96
2021-11-07,2TB_NVME_GEN4,344.43
2021-11-08,2TB_NVME_GEN4,340.93
2021-11-09,2TB_NVME_GEN4,345.22
2021-11-10,2TB_NVME_GEN4,347.44
2021-11-11,2TB_NVME_GEN4,342.05
2021-11-12,2TB_NVME_GEN4,341.3
2021-11-13,2TB_NVME_GEN4,349.44
2021-11-14,2TB_NVME_GEN4,336.27
2021-11-15,2TB_NVME_GEN4,345.55
2021-11-16,2TB_NVME_GEN4,352.32
2021-11-17,2TB_NVME_GEN4,340.45
2021-11-18,2TB_NVME_GEN4,341.15
2021-11-19,2TB_NVME_GEN4,337.18
2021-11-20,2TB_NVME_GEN4,335.29
2021-11-21,2TB_NVME_GEN4,350.41
2021-11-22,2TB_NVME_GEN4,328.26
2021-11-23,2TB_NVME_GEN4,334.41
2021-11-24,2TB_NVME_GEN4,332.21
2021-11-25,2TB_NVME_GEN4,340.4
2021-11-26,2TB_NVME_GEN4,340.31
2021-11-27,2TB_NVME_GEN4,339.84
2021-11-28,2TB_NVME_GEN4,335.18
2021-11-29,2TB_NVME_GEN4,326.25
2021-11-30,2TB_NVME_GEN4,327.85
2021-12-01,2TB_NVME_GEN4,338.85
2021-12-02,2TB_NVME_GEN4,333.34
2021-12-03,2TB_NVME_GEN4,328.6
2021-12-04,2TB_NVME_GEN4,337.89
2021-12-05,2TB_NVME_GEN4,340.18
2021-12-06,2TB_NVME_GEN4,340.49
2021-12-07,2TB_NVME_GEN4,324.09
2021-12-08,2TB_NVME_GEN4,329.21
2021-12-09,2TB_NVME_GEN4,321.32
2021-12-10,2TB_NVME_GEN4,323.5
2021-12-11,2TB_NVME_GEN4,327.12
2021-12-12,2TB_NVME_GEN4,326.36
2021-12-13,2TB_NVME_GEN4,327.11
2021-12-14,2TB_NVME_GEN4,325.63
2021-12-15,2TB_NVME_GEN4,321.08
2021-12-16,2TB_NVME_GEN4,322.62
2021-12-17,2TB_NVME_GEN4,312.03
2021-12-18,2TB_NVME_GEN4,307.34
2021-12-19,2TB_NVME_GEN4,325.19
2021-12-20,2TB_NVME_GEN4,302.9
2021-12-21,2TB_NVME_GEN4,316.45
2021-12-22,2TB_NVME_GEN4,315.5
2021-12-23,2TB_NVME_GEN4,315.6
2021-12-24,2TB_NVME_GEN4,315.6
2021-12-25,2TB_NVME_GEN4,329.09
2021-12-26,2TB_NVME_GEN4,332.14
2021-12-27,2TB_NVME_GEN4,332.63
2021-12-28,2TB_NVME_GEN4,330.56
2021-12-29,2TB_NVME_GEN4,328.99
2021-12-30,2TB_NVME_GEN4,328.5
2021-12-31,2TB_NVME_GEN4,329.86
2022-01-01,2TB_NVME_GEN4,334.06
2022-01-02,2TB_NVME_GEN4,336.16
2022-01-03,2TB_NVME_GEN4,329.32
2022-01-04,2TB_NVME_GEN4,330.88
2022-01-05,2TB_NVME_GEN4,335.3
2022-01-06,2TB_NVME_GEN4,334.39
2022-01-07,2TB_NVME_GEN4,335.35
2022-01-08,2TB_NVME_GEN4,334.44
2022-01-09,2TB_NVME_GEN4,343.28
2022-01-10,2TB_NVME_GEN4,342.03
2022-01-11,2TB_NVME_GEN4,337.4
2022-01-12,2TB_NVME_GEN4,337.64
2022-01-13,2TB_NVME_GEN4,335.48
2022-01-14,2TB_NVME_GEN4,330.4
2022-01-15,2TB_NVME_GEN4,329.15
2022-01-16,2TB_NVME_GEN4,330.71
2022-01-17,2TB_NVME_GEN4,330.41
2022-01-18,2TB_NVME_GEN4,319.59
2022-01-19,2TB_NVME_GEN4,319.09
2022-01-20,2TB_NVME_GEN4,321.91
2022-01-21,2TB_NVME_GEN4,321.91
2022-01-22,2TB_NVME_GEN4,324.48
2022-01-23,2TB_NVME_GEN4,320.7
2022-01-24,2TB_NVME_GEN4,325.21
2022-01-25,2TB_NVME_GEN4,319.75
2022-01-26,2TB_NVME_GEN4,320.46
2022-01-27,2TB_NVME_GEN4,316.42
2022-01-28,2TB_NVME_GEN4,316.44
2022-01-29,2TB_NVME_GEN4,324.37
2022-01-30,2TB_NVME_GEN4,321.02
2022-01-31,2TB_NVME_GEN4,320.11
2022-02-01,2TB_NVME_GEN4,318.58
2022-02-02,2TB_NVME_GEN4,320.85
2022-02-03,2TB_NVME_GEN4,321.61
2022-02-04,2TB_NVME_GEN4,320.64
2022-02-05,2TB_NVME_GEN4,312.9
2022-02-06,2TB_NVME_GEN4,321.0
2022-02-07,2TB_NVME_GEN4,312.77
2022-02-08,2TB_NVME_GEN4,312.34
2022-02-09,2TB_NVME_GEN4,303.09
2022-02-10,2TB_NVME_GEN4,301.53
2022-02-11,2TB_NVME_GEN4,309.8
2022-02-12,2TB_NVME_GEN4,322.57
2022-02-13,2TB_NVME_GEN4,319.21
2022-02-14,2TB_NVME_GEN4,307.91
2022-02-15,2TB_NVME_GEN4,315.2
2022-02-16,2TB_NVME_GEN4,306.68
2022-02-17,2TB_NVME_GEN4,305.39
2022-02-18,2TB_NVME_GEN4,305.37
2022-02-19,2TB_NVME_GEN4,302.89
2022-02-20,2TB_NVME_GEN4,303.67
2022-02-21,2TB_NVME_GEN4,318.1
2022-02-22,2TB_NVME_GEN4,307.28
2022-02-23,2TB_NVME_GEN4,317.02
2022-02-24,2TB_NVME_GEN4,307.39
2022-02-25,2TB_NVME_GEN4,304.4
2022-02-26,2TB_NVME_GEN4,316.05
2022-02-27,2TB_NVME_GEN4,313.74
2022-02-28,2TB_NVME_GEN4,321.48
2022-03-01,2TB_NVME_GEN4,318.61
2022-03-02,2TB_NVME_GEN4,314.66
2022-03-03,2TB_NVME_GEN4,314.28
2022-03-04,2TB_NVME_GEN4,311.35
2022-03-05,2TB_NVME_GEN4,308.74
2022-03-06,2TB_NVME_GEN4,311.89
2022-03-07,2TB_NVME_GEN4,305.07
2022-03-08,2TB_NVME_GEN4,304.85
2022-03-09,2TB_NVME_GEN4,308.06
2022-03-10,2TB_NVME_GEN4,311.19
2022-03-11,2TB_NVME_GEN4,310.09
2022-03-12,2TB_NVME_GEN4,309.55
2022-03-13,2TB_NVME_GEN4,316.36
2022-03-14,2TB_NVME_GEN4,309.07
2022-03-15,2TB_NVME_GEN4,313.96
2022-03-16,2TB_NVME_GEN4,308.08
2022-03-17,2TB_NVME_GEN4,309.56
2022-03-18,2TB_NVME_GEN4,309.21
2022-03-19,2TB_NVME_GEN4,309.31
2022-03-20,2TB_NVME_GEN4,311.59
2022-03-21,2TB_NVME_GEN4,308.71
2022-03-22,2TB_NVME_GEN4,306.28
2022-03-23,2TB_NVME_GEN4,307.71
2022-03-24,2TB_NVME_GEN4,307.4
2022-03-25,2TB_NVME_GEN4,304.09
2022-03-26,2TB_NVME_GEN4,310.84
2022-03-27,2TB_NVME_GEN4,308.13
2022-03-28,2TB_NVME_GEN4,307.69
2022-03-29,2TB_NVME_GEN4,307.86
2022-03-30,2TB_NVME_GEN4,304.7
2022-03-31,2TB_NVME_GEN4,300.24
2022-04-01,2TB_NVME_GEN4,302.25
2022-04-02,2TB_NVME_GEN4,313.65
2022-04-03,2TB_NVME_GEN4,304.46
2022-04-04,2TB_NVME_GEN4,301.07
2022-04-05,2TB_NVME_GEN4,300.86
2022-04-06,2TB_NVME_GEN4,300.71
2022-04-07,2TB_NVME_GEN4,299.66
2022-04-08,2TB_NVME_GEN4,300.62
2022-04-09,2TB_NVME_GEN4,302.56
2022-04-10,2TB_NVME_GEN4,300.13
2022-04-11,2TB_NVME_GEN4,300.33
2022-04-12,2TB_NVME_GEN4,299.96
2022-04-13,2TB_NVME_GEN4,299.91
2022-04-14,2TB_NVME_GEN4,301.74
2022-04-15,2TB_NVME_GEN4,302.47
2022-04-16,2TB_NVME_GEN4,308.21
2022-04-17,2TB_NVME_GEN4,303.56
2022-04-18,2TB_NVME_GEN4,303.21
2022-04-19,2TB_NVME_GEN4,298.96
2022-04-20,2TB_NVME_GEN4,298.59
2022-04-21,2TB_NVME_GEN4,298.12
2022-04-22,2TB_NVME_GEN4,298.33
2022-04-23,2TB_NVME_GEN4,290.38
2022-04-24,2TB_NVME_GEN4,289.77
2022-04-25,2TB_NVME_GEN4,287.91
2022-04-26,2TB_NVME_GEN4,290.47
2022-04-27,2TB_NVME_GEN4,292.35
2022-04-28,2TB_NVME_GEN4,288.95
2022-04-29,2TB_NVME_GEN4,287.6
2022-04-30,2TB_NVME_GEN4,307.88
2022-05-01,2TB_NVME_GEN4,302.3
2022-05-02,2TB_NVME_GEN4,306.56
2022-05-03,2TB_NVME_GEN4,286.72
2022-05-04,2TB_NVME_GEN4,289.01
2022-05-05,2TB_NVME_GEN4,290.98
2022-05-06,2TB_NVME_GEN4,290.95
2022-05-07,2TB_NVME_GEN4,287.56
2022-05-08,2TB_NVME_GEN4,286.65
2022-05-09,2TB_NVME_GEN4,288.38
2022-05-10,2TB_NVME_GEN4,288.66
2022-05-11,2TB_NVME_GEN4,287.37
2022-05-12,2TB_NVME_GEN4,287.91
2022-05-13,2TB_NVME_GEN4,288.13
2022-05-14,2TB_NVME_GEN4,288.55
2022-05-15,2TB_NVME_GEN4,285.02
2022-05-16,2TB_NVME_GEN4,285.79
2022-05-17,2TB_NVME_GEN4,283.21
2022-05-18,2TB_NVME_GEN4,281.23
2022-05-19,2TB_NVME_GEN4,280.47
2022-05-20,2TB_NVME_GEN4,269.39
2022-05-21,2TB_NVME_GEN4,269.49
2022-05-22,2TB_NVME_GEN4,271.09
2022-05-23,2TB_NVME_GEN4,274.41
2022-05-24,2TB_NVME_GEN4,274.41
2022-05-25,2TB_NVME_GEN4,274.86
2022-05-26,2TB_NVME_GEN4,274.91
2022-05-27,2TB_NVME_GEN4,273.2
2022-05-28,2TB_NVME_GEN4,274.11
2022-05-29,2TB_NVME_GEN4,273.38
2022-05-30,2TB_NVME_GEN4,272.3
2022-05-31,2TB_NVME_GEN4,277.02
2022-06-01,2TB_NVME_GEN4,276.45
2022-06-02,2TB_NVME_GEN4,276.95
2022-06-03,2TB_NVME_GEN4,277.82
2022-06-04,2TB_NVME_GEN4,282.35
2022-06-05,2TB_NVME_GEN4,277.77
2022-06-06,2TB_NVME_GEN4,276.92
2022-06-07,2TB_NVME_GEN4,274.02
2022-06-08,2TB_NVME_GEN4,271.5
2022-06-09,2TB_NVME_GEN4,269.91
2022-06-10,2TB_NVME_GEN4,270.3
2022-06-11,2TB_NVME_GEN4,270.2
2022-06-12,2TB_NVME_GEN4,267.12
2022-06-13,2TB_NVME_GEN4,268.78
2022-06-14,2TB_NVME_GEN4,269.1
2022-06-15,2TB_NVME_GEN4,268.75
2022-06-16,2TB_NVME_GEN4,265.45
2022-06-17,2TB_NVME_GEN4,265.13
2022-06-18,2TB_NVME_GEN4,264.37
2022-06-19,2TB_NVME_GEN4,264.08
2022-06-20,2TB_NVME_GEN4,265.88
2022-06-21,2TB_NVME_GEN4,263.38
2022-06-22,2TB_NVME_GEN4,263.59
2022-06-23,2TB_NVME_GEN4,263.46
2022-06-24,2TB_NVME_GEN4,265.18
2022-06-25,2TB_NVME_GEN4,264.22
2022-06-26,2TB_NVME_GEN4,264.73
2022-06-27,2TB_NVME_GEN4,263.96
2022-06-28,2TB_NVME_GEN4,264.22
2022-06-29,2TB_NVME_GEN4,264.02
2022-06-30,2TB_NVME_GEN4,265.36
2022-07-01,2TB_NVME_GEN4,266.55
2022-07-02,2TB_NVME_GEN4,266.72
2022-07-03,2TB_NVME_GEN4,266.27
2022-07-04,2TB_NVME_GEN4,266.11
2022-07-05,2TB_NVME_GEN4,264.53
2022-07-06,2TB_NVME_GEN4,264.24
2022-07-07,2TB_NVME_GEN4,264.8
2022-07-08,2TB_NVME_GEN4,263.86
2022-07-09,2TB_NVME_GEN4,265.32
2022-07-10,2TB_NVME_GEN4,260.77
2022-07-11,2TB_NVME_GEN4,255.49
2022-07-12,2TB_NVME_GEN4,253.17
2022-07-13,2TB_NVME_GEN4,259.12
2022-07-14,2TB_NVME_GEN4,257.93
2022-07-15,2TB_NVME_GEN4,258.4
2022-07-16,2TB_NVME_GEN4,257.27
2022-07-17,2TB_NVME_GEN4,258.42
2022-07-18,2TB_NVME_GEN4,256.54
2022-07-19,2TB_NVME_GEN4,256.98
2022-07-20,2TB_NVME_GEN4,252.56
2022-07-21,2TB_NVME_GEN4,252.35
2022-07-22,2TB_NVME_GEN4,252.54
2022-07-23,2TB_NVME_GEN4,245.51
2022-07-24,2TB_NVME_GEN4,247.4
2022-07-25,2TB_NVME_GEN4,246.48
2022-07-26,2TB_NVME_GEN4,244.0
2022-07-27,2TB_NVME_GEN4,246.43
2022-07-28,2TB_NVME_GEN4,249.38
2022-07-29,2TB_NVME_GEN4,248.3
2022-07-30,2TB_NVME_GEN4,246.81
2022-07-31,2TB_NVME_GEN4,250.09
2022-08-01,2TB_NVME_GEN4,254.4
2022-08-02,2TB_NVME_GEN4,253.15
2022-08-03,2TB_NVME_GEN4,254.69
2022-08-04,2TB_NVME_GEN4,246.92
2022-08-05,2TB_NVME_GEN4,238.96
2022-08-06,2TB_NVME_GEN4,238.73
2022-08-07,2TB_NVME_GEN4,238.28
2022-08-08,2TB_NVME_GEN4,237.79
2022-08-09,2TB_NVME_GEN4,235.75
2022-08-10,2TB_NVME_GEN4,233.03
2022-08-11,2TB_NVME_GEN4,236.36
2022-08-12,2TB_NVME_GEN4,238.93
2022-08-13,2TB_NVME_GEN4,242.07
2022-08-14,2TB_NVME_GEN4,247.59
2022-08-15,2TB_NVME_GEN4,251.54
2022-08-16,2TB_NVME_GEN4,241.89
2022-08-17,2TB_NVME_GEN4,241.77
2022-08-18,2TB_NVME_GEN4,241.51
2022-08-19,2TB_NVME_GEN4,242.95
2022-08-20,2TB_NVME_GEN4,243.19
2022-08-21,2TB_NVME_GEN4,240.9
2022-08-22,2TB_NVME_GEN4,246.43
2022-08-23,2TB_NVME_GEN4,241.56
2022-08-24,2TB_NVME_GEN4,246.79
2022-08-25,2TB_NVME_GEN4,243.94
2022-08-26,2TB_NVME_GEN4,240.16
2022-08-27,2TB_NVME_GEN4,245.95
2022-08-28,2TB_NVME_GEN4,246.76
2022-08-29,2TB_NVME_GEN4,248.39
2022-08-30,2TB_NVME_GEN4,242.56
2022-08-31,2TB_NVME_GEN4,240.01
2022-09-01,2TB_NVME_GEN4,239.37
2022-09-02,2TB_NVME_GEN4,241.68
2022-09-03,2TB_NVME_GEN4,245.66
2022-09-04,2TB_NVME_GEN4,242.11
2022-09-05,2TB_NVME_GEN4,245.76
2022-09-06,2TB_NVME_GEN4,245.95
2022-09-07,2TB_NVME_GEN4,243.48
2022-09-08,2TB_NVME_GEN4,244.22
2022-09-09,2TB_NVME_GEN4,245.52
2022-09-10,2TB_NVME_GEN4,245.02
2022-09-11,2TB_NVME_GEN4,242.92
2022-09-12,2TB_NVME_GEN4,237.52
2022-09-13,2TB_NVME_GEN4,238.65
2022-09-14,2TB_NVME_GEN4,235.4
2022-09-15,2TB_NVME_GEN4,236.01
2022-09-16,2TB_NVME_GEN4,238.31
2022-09-17,2TB_NVME_GEN4,241.4
2022-09-18,2TB_NVME_GEN4,246.34
2022-09-19,2TB_NVME_GEN4,238.09
2022-09-20,2TB_NVME_GEN4,243.26
2022-09-21,2TB_NVME_GEN4,238.11
2022-09-22,2TB_NVME_GEN4,238.18
2022-09-23,2TB_NVME_GEN4,245.34
2022-09-24,2TB_NVME_GEN4,243.42
2022-09-25,2TB_NVME_GEN4,238.89
2022-09-26,2TB_NVME_GEN4,237.63
2022-09-27,2TB_NVME_GEN4,241.52
2022-09-28,2TB_NVME_GEN4,242.59
2022-09-29,2TB_NVME_GEN4,242.51
2022-09-30,2TB_NVME_GEN4,248.65
2022-10-01,2TB_NVME_GEN4,250.54
2022-10-02,2TB_NVME_GEN4,244.76
2022-10-03,2TB_NVME_GEN4,252.95
2022-10-04,2TB_NVME_GEN4,248.81
2022-10-05,2TB_NVME_GEN4,245.48
2022-10-06,2TB_NVME_GEN4,245.01
2022-10-07,2TB_NVME_GEN4,247.72
2022-10-08,2TB_NVME_GEN4,242.18
2022-10-09,2TB_NVME_GEN4,245.54
2022-10-10,2TB_NVME_GEN4,244.77
2022-10-11,2TB_NVME_GEN4,243.57
2022-10-12,2TB_NVME_GEN4,239.1
2022-10-13,2TB_NVME_GEN4,241.39
2022-10-14,2TB_NVME_GEN4,243.55
2022-10-15,2TB_NVME_GEN4,241.05
2022-10-16,2TB_NVME_GEN4,239.79
2022-10-17,2TB_NVME_GEN4,243.93
2022-10-18,2TB_NVME_GEN4,247.41
2022-10-19,2TB_NVME_GEN4,244.0
2022-10-20,2TB_NVME_GEN4,237.96
2022-10-21,2TB_NVME_GEN4,247.3
2022-10-22,2TB_NVME_GEN4,249.06
2022-10-23,2TB_NVME_GEN4,244.1
2022-10-24,2TB_NVME_GEN4,246.31
2022-10-25,2TB_NVME_GEN4,245.96
2022-10-26,2TB_NVME_GEN4,247.08
2022-10-27,2TB_NVME_GEN4,245.33
2022-10-28,2TB_NVME_GEN4,245.57
2022-10-29,2TB_NVME_GEN4,254.08
2022-10-30,2TB_NVME_GEN4,245.37
2022-10-31,2TB_NVME_GEN4,248.01
2022-11-01,2TB_NVME_GEN4,246.09
2022-11-02,2TB_NVME_GEN4,245.6
2022-11-03,2TB_NVME_GEN4,245.69
2022-11-04,2TB_NVME_GEN4,243.72
2022-11-05,2TB_NVME_GEN4,244.75
2022-11-06,2TB_NVME_GEN4,244.75
2022-11-07,2TB_NVME_GEN4,244.75
2022-11-08,2TB_NVME_GEN4,232.67
2022-11-09,2TB_NVME_GEN4,241.3
2022-11-10,2TB_NVME_GEN4,243.68
2022-11-11,2TB_NVME_GEN4,243.72
2022-11-12,2TB_NVME_GEN4,239.02
2022-11-13,2TB_NVME_GEN4,236.85
2022-11-14,2TB_NVME_GEN4,232.35
2022-11-15,2TB_NVME_GEN4,235.99
2022-11-16,2TB_NVME_GEN4,229.98
2022-11-17,2TB_NVME_GEN4,227.8
2022-11-18,2TB_NVME_GEN4,229.29
2022-11-19,2TB_NVME_GEN4,230.25
2022-11-20,2TB_NVME_GEN4,226.48
2022-11-21,2TB_NVME_GEN4,223.95
2022-11-22,2TB_NVME_GEN4,224.35
2022-11-23,2TB_NVME_GEN4,227.2
2022-11-24,2TB_NVME_GEN4,225.7
2022-11-25,2TB_NVME_GEN4,233.58
2022-11-26,2TB_NVME_GEN4,233.46
2022-11-27,2TB_NVME_GEN4,227.85
2022-11-28,2TB_NVME_GEN4,232.58
2022-11-29,2TB_NVME_GEN4,234.0
2022-11-30,2TB_NVME_GEN4,239.81
2022-12-01,2TB_NVME_GEN4,238.2
2022-12-02,2TB_NVME_GEN4,242.74
2022-12-03,2TB_NVME_GEN4,243.72
2022-12-04,2TB_NVME_GEN4,238.57
2022-12-05,2TB_NVME_GEN4,240.22
2022-12-06,2TB_NVME_GEN4,239.08
2022-12-07,2TB_NVME_GEN4,240.37
2022-12-08,2TB_NVME_GEN4,239.61
2022-12-09,2TB_NVME_GEN4,239.24
2022-12-10,2TB_NVME_GEN4,238.23
2022-12-11,2TB_NVME_GEN4,235.84
2022-12-12,2TB_NVME_GEN4,237.37
2022-12-13,2TB_NVME_GEN4,232.13
2022-12-14,2TB_NVME_GEN4,231.65
2022-12-15,2TB_NVME_GEN4,226.2
2022-12-16,2TB_NVME_GEN4,233.48
2022-12-17,2TB_NVME_GEN4,233.41
2022-12-18,2TB_NVME_GEN4,228.15
2022-12-19,2TB_NVME_GEN4,231.21
2022-12-20,2TB_NVME_GEN4,233.87
2022-12-21,2TB_NVME_GEN4,230.53
2022-12-22,2TB_NVME_GEN4,230.95
2022-12-23,2TB_NVME_GEN4,235.02
2022-12-24,2TB_NVME_GEN4,233.58
2022-12-25,2TB_NVME_GEN4,231.67
2022-12-26,2TB_NVME_GEN4,232.12
2022-12-27,2TB_NVME_GEN4,229.12
2022-12-28,2TB_NVME_GEN4,231.06
2022-12-29,2TB_NVME_GEN4,228.96
2022-12-30,2TB_NVME_GEN4,230.32
2022-12-31,2TB_NVME_GEN4,238.07
2023-01-01,2TB_NVME_GEN4,240.86
2023-01-02,2TB_NVME_GEN4,241.56
2023-01-03,2TB_NVME_GEN4,240.38
2023-01-04,2TB_NVME_GEN4,238.39
2023-01-05,2TB_NVME_GEN4,235.13
2023-01-06,2TB_NVME_GEN4,238.98
2023-01-07,2TB_NVME_GEN4,238.69
2023-01-08,2TB_NVME_GEN4,240.24
2023-01-09,2TB_NVME_GEN4,238.59
2023-01-10,2TB_NVME_GEN4,235.12
2023-01-11,2TB_NVME_GEN4,235.08
2023-01-12,2TB_NVME_GEN4,234.96
2023-01-13,2TB_NVME_GEN4,238.81
2023-01-14,2TB_NVME_GEN4,238.39
2023-01-15,2TB_NVME_GEN4,231.61
2023-01-16,2TB_NVME_GEN4,233.72
2023-01-17,2TB_NVME_GEN4,235.14
2023-01-18,2TB_NVME_GEN4,231.46
2023-01-19,2TB_NVME_GEN4,230.49
2023-01-20,2TB_NVME_GEN4,231.16
2023-01-21,2TB_NVME_GEN4,232.34
2023-01-22,2TB_NVME_GEN4,229.22
2023-01-23,2TB_NVME_GEN4,222.27
2023-01-24,2TB_NVME_GEN4,219.45
2023-01-25,2TB_NVME_GEN4,218.42
2023-01-26,2TB_NVME_GEN4,219.22
2023-01-27,2TB_NVME_GEN4,226.56
2023-01-28,2TB_NVME_GEN4,226.91
2023-01-29,2TB_NVME_GEN4,221.18
2023-01-30,2TB_NVME_GEN4,222.55
2023-01-31,2TB_NVME_GEN4,218.68
2023-02-01,2TB_NVME_GEN4,222.66
2023-02-02,2TB_NVME_GEN4,224.71
2023-02-03,2TB_NVME_GEN4,219.43
2023-02-04,2TB_NVME_GEN4,220.82
2023-02-05,2TB_NVME_GEN4,220.4
2023-02-06,2TB_NVME_GEN4,222.08
2023-02-07,2TB_NVME_GEN4,219.22
2023-02-08,2TB_NVME_GEN4,216.23
2023-02-09,2TB_NVME_GEN4,213.86
2023-02-10,2TB_NVME_GEN4,218.47
2023-02-11,2TB_NVME_GEN4,216.34
2023-02-12,2TB_NVME_GEN4,208.79
2023-02-13,2TB_NVME_GEN4,211.56
2023-02-14,2TB_NVME_GEN4,212.43
2023-02-15,2TB_NVME_GEN4,210.47
2023-02-16,2TB_NVME_GEN4,213.24
2023-02-17,2TB_NVME_GEN4,212.82
2023-02-18,2TB_NVME_GEN4,211.86
2023-02-19,2TB_NVME_GEN4,209.75
2023-02-20,2TB_NVME_GEN4,210.25
2023-02-21,2TB_NVME_GEN4,210.13
2023-02-22,2TB_NVME_GEN4,210.44
2023-02-23,2TB_NVME_GEN4,212.18
2023-02-24,2TB_NVME_GEN4,213.17
2023-02-25,2TB_NVME_GEN4,212.17
2023-02-26,2TB_NVME_GEN4,213.68
2023-02-27,2TB_NVME_GEN4,210.65
2023-02-28,2TB_NVME_GEN4,210.07
2023-03-01,2TB_NVME_GEN4,212.53
2023-03-02,2TB_NVME_GEN4,214.18
2023-03-03,2TB_NVME_GEN4,213.58
2023-03-04,2TB_NVME_GEN4,211.14
2023-03-05,2TB_NVME_GEN4,206.54
2023-03-06,2TB_NVME_GEN4,205.81
2023-03-07,2TB_NVME_GEN4,206.93
2023-03-08,2TB_NVME_GEN4,204.05
2023-03-09,2TB_NVME_GEN4,206.45
2023-03-10,2TB_NVME_GEN4,207.42
2023-03-11,2TB_NVME_GEN4,207.27
2023-03-12,2TB_NVME_GEN4,205.36
2023-03-13,2TB_NVME_GEN4,205.91
2023-03-14,2TB_NVME_GEN4,206.43
2023-03-15,2TB_NVME_GEN4,205.73
2023-03-16,2TB_NVME_GEN4,199.41
2023-03-17,2TB_NVME_GEN4,203.27
2023-03-18,2TB_NVME_GEN4,203.05
2023-03-19,2TB_NVME_GEN4,193.32
2023-03-20,2TB_NVME_GEN4,192.46
2023-03-21,2TB_NVME_GEN4,193.5
2023-03-22,2TB_NVME_GEN4,193.0
2023-03-23,2TB_NVME_GEN4,188.98
2023-03-24,2TB_NVME_GEN4,189.1
2023-03-25,2TB_NVME_GEN4,193.2
2023-03-26,2TB_NVME_GEN4,191.07
2023-03-27,2TB_NVME_GEN4,195.83
2023-03-28,2TB_NVME_GEN4,192.91
2023-03-29,2TB_NVME_GEN4,193.09
2023-03-30,2TB_NVME_GEN4,185.85
2023-03-31,2TB_NVME_GEN4,193.77
2023-04-01,2TB_NVME_GEN4,187.66
2023-04-02,2TB_NVME_GEN4,178.64
2023-04-03,2TB_NVME_GEN4,176.11
2023-04-04,2TB_NVME_GEN4,175.1
2023-04-05,2TB_NVME_GEN4,175.22
2023-04-06,2TB_NVME_GEN4,183.11
2023-04-07,2TB_NVME_GEN4,182.74
2023-04-08,2TB_NVME_GEN4,182.75
2023-04-09,2TB_NVME_GEN4,179.8
2023-04-10,2TB_NVME_GEN4,177.13
2023-04-11,2TB_NVME_GEN4,181.61
2023-04-12,2TB_NVME_GEN4,180.91
2023-04-13,2TB_NVME_GEN4,179.35
2023-04-14,2TB_NVME_GEN4,180.01
2023-04-15,2TB_NVME_GEN4,181.31
2023-04-16,2TB_NVME_GEN4,180.86
2023-04-17,2TB_NVME_GEN4,180.75
2023-04-18,2TB_NVME_GEN4,178.69
2023-04-19,2TB_NVME_GEN4,172.95
2023-04-20,2TB_NVME_GEN4,171.81
2023-04-21,2TB_NVME_GEN4,171.53
2023-04-22,2TB_NVME_GEN4,171.22
2023-04-23,2TB_NVME_GEN4,170.6
2023-04-24,2TB_NVME_GEN4,170.09
2023-04-25,2TB_NVME_GEN4,172.28
2023-04-26,2TB_NVME_GEN4,173.69
2023-04-27,2TB_NVME_GEN4,170.72
2023-04-28,2TB_NVME_GEN4,172.55
2023-04-29,2TB_NVME_GEN4,173.17
2023-04-30,2TB_NVME_GEN4,171.44
2023-05-01,2TB_NVME_GEN4,168.81
2023-05-02,2TB_NVME_GEN4,167.59
2023-05-03,2TB_NVME_GEN4,168.23
2023-05-04,2TB_NVME_GEN4,168.35
2023-05-05,2TB_NVME_GEN4,169.82
2023-05-06,2TB_NVME_GEN4,170.05
2023-05-07,2TB_NVME_GEN4,166.88
2023-05-08,2TB_NVME_GEN4,166.81
2023-05-09,2TB_NVME_GEN4,166.84
2023-05-10,2TB_NVME_GEN4,165.97
2023-05-11,2TB_NVME_GEN4,164.8
2023-05-12,2TB_NVME_GEN4,167.21
2023-05-13,2TB_NVME_GEN4,169.22
2023-05-14,2TB_NVME_GEN4,165.55
2023-05-15,2TB_NVME_GEN4,166.28
2023-05-16,2TB_NVME_GEN4,163.91
2023-05-17,2TB_NVME_GEN4,164.14
2023-05-18,2TB_NVME_GEN4,162.4
2023-05-19,2TB_NVME_GEN4,163.57
2023-05-20,2TB_NVME_GEN4,169.11
2023-05-21,2TB_NVME_GEN4,160.54
2023-05-22,2TB_NVME_GEN4,151.04
2023-05-23,2TB_NVME_GEN4,150.33
2023-05-24,2TB_NVME_GEN4,162.3
2023-05-25,2TB_NVME_GEN4,161.44
2023-05-26,2TB_NVME_GEN4,160.06
2023-05-27,2TB_NVME_GEN4,166.19
2023-05-28,2TB_NVME_GEN4,159.15
2023-05-29,2TB_NVME_GEN4,157.19
2023-05-30,2TB_NVME_GEN4,162.89
2023-05-31,2TB_NVME_GEN4,154.82
2023-06-01,2TB_NVME_GEN4,153.31
2023-06-02,2TB_NVME_GEN4,160.18
2023-06-03,2TB_NVME_GEN4,164.74
2023-06-04,2TB_NVME_GEN4,158.33
2023-06-05,2TB_NVME_GEN4,158.82
2023-06-06,2TB_NVME_GEN4,157.35
2023-06-07,2TB_NVME_GEN4,156.35
2023-06-08,2TB_NVME_GEN4,150.6
2023-06-09,2TB_NVME_GEN4,166.27
2023-06-10,2TB_NVME_GEN4,163.48
2023-06-11,2TB_NVME_GEN4,162.34
2023-06-12,2TB_NVME_GEN4,159.32
2023-06-13,2TB_NVME_GEN4,158.84
2023-06-14,2TB_NVME_GEN4,156.05
2023-06-15,2TB_NVME_GEN4,159.97
2023-06-16,2TB_NVME_GEN4,159.04
2023-06-17,2TB_NVME_GEN4,158.74
2023-06-18,2TB_NVME_GEN4,151.62
2023-06-19,2TB_NVME_GEN4,151.47
2023-06-20,2TB_NVME_GEN4,143.86
2023-06-21,2TB_NVME_GEN4,143.68
2023-06-22,2TB_NVME_GEN4,144.27
2023-06-23,2TB_NVME_GEN4,150.55
2023-06-24,2TB_NVME_GEN4,155.2
2023-06-25,2TB_NVME_GEN4,156.76
2023-06-26,2TB_NVME_GEN4,155.84
2023-06-27,2TB_NVME_GEN4,155.71
2023-06-28,2TB_NVME_GEN4,153.68
2023-06-29,2TB_NVME_GEN4,146.12
2023-06-30,2TB_NVME_GEN4,149.64
2023-07-01,2TB_NVME_GEN4,154.32
2023-07-02,2TB_NVME_GEN4,145.48
2023-07-03,2TB_NVME_GEN4,144.94
2023-07-04,2TB_NVME_GEN4,143.28
2023-07-05,2TB_NVME_GEN4,141.2
2023-07-06,2TB_NVME_GEN4,139.25
2023-07-07,2TB_NVME_GEN4,140.4
2023-07-08,2TB_NVME_GEN4,143.26
2023-07-09,2TB_NVME_GEN4,139.09
2023-07-10,2TB_NVME_GEN4,136.9
2023-07-11,2TB_NVME_GEN4,136.43
2023-07-12,2TB_NVME_GEN4,136.94
2023-07-13,2TB_NVME_GEN4,138.08
2023-07-14,2TB_NVME_GEN4,140.21
2023-07-15,2TB_NVME_GEN4,139.95
2023-07-16,2TB_NVME_GEN4,137.1
2023-07-17,2TB_NVME_GEN4,137.68
2023-07-18,2TB_NVME_GEN4,134.75
2023-07-19,2TB_NVME_GEN4,134.61
2023-07-20,2TB_NVME_GEN4,133.23
2023-07-21,2TB_NVME_GEN4,136.18
2023-07-22,2TB_NVME_GEN4,135.67
2023-07-23,2TB_NVME_GEN4,137.03
2023-07-24,2TB_NVME_GEN4,131.79
2023-07-25,2TB_NVME_GEN4,134.31
2023-07-26,2TB_NVME_GEN4,133.01
2023-07-27,2TB_NVME_GEN4,132.34
2023-07-28,2TB_NVME_GEN4,135.56
2023-07-29,2TB_NVME_GEN4,134.21
2023-07-30,2TB_NVME_GEN4,137.9
2023-07-31,2TB_NVME_GEN4,138.71
2023-08-01,2TB_NVME_GEN4,136.18
2023-08-02,2TB_NVME_GEN4,135.28
2023-08-03,2TB_NVME_GEN4,136.19
2023-08-04,2TB_NVME_GEN4,135.6
2023-08-05,2TB_NVME_GEN4,136.86
2023-08-06,2TB_NVME_GEN4,135.87
2023-08-07,2TB_NVME_GEN4,133.7
2023-08-08,2TB_NVME_GEN4,133.12
2023-08-09,2TB_NVME_GEN4,132.76
2023-08-10,2TB_NVME_GEN4,133.64
2023-08-11,2TB_NVME_GEN4,133.92
2023-08-12,2TB_NVME_GEN4,137.33
2023-08-13,2TB_NVME_GEN4,133.6
2023-08-14,2TB_NVME_GEN4,132.51
2023-08-15,2TB_NVME_GEN4,129.19
2023-08-16,2TB_NVME_GEN4,132.85
2023-08-17,2TB_NVME_GEN4,132.62
2023-08-18,2TB_NVME_GEN4,132.57
2023-08-19,2TB_NVME_GEN4,133.99
2023-08-20,2TB_NVME_GEN4,134.32
2023-08-21,2TB_NVME_GEN4,134.33
2023-08-22,2TB_NVME_GEN4,134.39
2023-08-23,2TB_NVME_GEN4,132.86
2023-08-24,2TB_NVME_GEN4,132.96
2023-08-25,2TB_NVME_GEN4,133.12
2023-08-26,2TB_NVME_GEN4,134.39
2023-08-27,2TB_NVME_GEN4,131.02
2023-08-28,2TB_NVME_GEN4,131.62
2023-08-29,2TB_NVME_GEN4,132.14
2023-08-30,2TB_NVME_GEN4,127.92
2023-08-31,2TB_NVME_GEN4,127.92
2023-09-01,2TB_NVME_GEN4,127.92
2023-09-02,2TB_NVME_GEN4,127.92
2023-09-03,2TB_NVME_GEN4,131.95
2023-09-04,2TB_NVME_GEN4,132.32
2023-09-05,2TB_NVME_GEN4,131.55
2023-09-06,2TB_NVME_GEN4,131.35
2023-09-07,2TB_NVME_GEN4,129.91
2023-09-08,2TB_NVME_GEN4,128.9
2023-09-09,2TB_NVME_GEN4,129.47
2023-09-10,2TB_NVME_GEN4,127.94
2023-09-11,2TB_NVME_GEN4,126.03
2023-09-12,2TB_NVME_GEN4,126.04
2023-09-13,2TB_NVME_GEN4,126.09
2023-09-14,2TB_NVME_GEN4,126.51
2023-09-15,2TB_NVME_GEN4,128.92
2023-09-16,2TB_NVME_GEN4,130.32
2023-09-17,2TB_NVME_GEN4,131.08
2023-09-18,2TB_NVME_GEN4,128.81
2023-09-19,2TB_NVME_GEN4,129.24
2023-09-20,2TB_NVME_GEN4,128.15
2023-09-21,2TB_NVME_GEN4,128.22
2023-09-22,2TB_NVME_GEN4,129.56
2023-09-23,2TB_NVME_GEN4,129.8
2023-09-24,2TB_NVME_GEN4,130.13
2023-09-25,2TB_NVME_GEN4,129.39
2023-09-26,2TB_NVME_GEN4,128.85
2023-09-27,2TB_NVME_GEN4,129.13
2023-09-28,2TB_NVME_GEN4,129.34
2023-09-29,2TB_NVME_GEN4,131.8
2023-09-30,2TB_NVME_GEN4,134.16
2023-10-01,2TB_NVME_GEN4,133.2
2023-10-02,2TB_NVME_GEN4,132.04
2023-10-03,2TB_NVME_GEN4,131.5
2023-10-04,2TB_NVME_GEN4,130.86
2023-10-05,2TB_NVME_GEN4,129.71
2023-10-06,2TB_NVME_GEN4,130.1
2023-10-07,2TB_NVME_GEN4,129.38
2023-10-08,2TB_NVME_GEN4,129.28
2023-10-09,2TB_NVME_GEN4,129.12
2023-10-10,2TB_NVME_GEN4,129.0
2023-10-11,2TB_NVME_GEN4,129.06
2023-10-12,2TB_NVME_GEN4,127.97
2023-10-13,2TB_NVME_GEN4,128.38
2023-10-14,2TB_NVME_GEN4,129.5
2023-10-15,2TB_NVME_GEN4,132.42
2023-10-16,2TB_NVME_GEN4,133.78
2023-10-17,2TB_NVME_GEN4,132.79
2023-10-18,2TB_NVME_GEN4,132.75
2023-10-19,2TB_NVME_GEN4,132.26
2023-10-20,2TB_NVME_GEN4,132.84
2023-10-21,2TB_NVME_GEN4,132.52
2023-10-22,2TB_NVME_GEN4,132.46
2023-10-23,2TB_NVME_GEN4,132.82
2023-10-24,2TB_NVME_GEN4,133.13
2023-10-25,2TB_NVME_GEN4,132.61
2023-10-26,2TB_NVME_GEN4,133.81
2023-10-27,2TB_NVME_GEN4,133.74
2023-10-28,2TB_NVME_GEN4,133.16
2023-10-29,2TB_NVME_GEN4,133.68
2023-10-30,2TB_NVME_GEN4,133.27
2023-10-31,2TB_NVME_GEN4,133.37
2023-11-01,2TB_NVME_GEN4,133.09
2023-11-02,2TB_NVME_GEN4,133.36
2023-11-03,2TB_NVME_GEN4,137.15
2023-11-04,2TB_NVME_GEN4,136.42
2023-11-05,2TB_NVME_GEN4,136.7
2023-11-06,2TB_NVME_GEN4,136.08
2023-11-07,2TB_NVME_GEN4,134.82
2023-11-08,2TB_NVME_GEN4,135.85
2023-11-09,2TB_NVME_GEN4,135.15
2023-11-10,2TB_NVME_GEN4,135.03
2023-11-11,2TB_NVME_GEN4,135.47
2023-11-12,2TB_NVME_GEN4,135.93
2023-11-13,2TB_NVME_GEN4,136.38
2023-11-14,2TB_NVME_GEN4,136.32
2023-11-15,2TB_NVME_GEN4,136.92
2023-11-16,2TB_NVME_GEN4,132.65
2023-11-17,2TB_NVME_GEN4,131.98
2023-11-18,2TB_NVME_GEN4,131.3
2023-11-19,2TB_NVME_GEN4,132.74
2023-11-20,2TB_NVME_GEN4,132.74
2023-11-21,2TB_NVME_GEN4,129.7
2023-11-22,2TB_NVME_GEN4,130.25
2023-11-23,2TB_NVME_GEN4,129.48
2023-11-24,2TB_NVME_GEN4,129.91
2023-11-25,2TB_NVME_GEN4,129.91
2023-11-26,2TB_NVME_GEN4,130.66
2023-11-27,2TB_NVME_GEN4,134.59
2023-11-28,2TB_NVME_GEN4,135.13
2023-11-29,2TB_NVME_GEN4,135.71
2023-11-30,2TB_NVME_GEN4,136.6
2023-12-01,2TB_NVME_GEN4,137.15
2023-12-02,2TB_NVME_GEN4,138.78
2023-12-03,2TB_NVME_GEN4,138.84
2023-12-04,2TB_NVME_GEN4,139.44
2023-12-05,2TB_NVME_GEN4,138.85
2023-12-06,2TB_NVME_GEN4,135.5
2023-12-07,2TB_NVME_GEN4,135.55
2023-12-08,2TB_NVME_GEN4,138.12
2023-12-09,2TB_NVME_GEN4,137.44
2023-12-10,2TB_NVME_GEN4,137.96
2023-12-11,2TB_NVME_GEN4,138.07
2023-12-12,2TB_NVME_GEN4,136.67
2023-12-13,2TB_NVME_GEN4,137.09
2023-12-14,2TB_NVME_GEN4,137.2
2023-12-15,2TB_NVME_GEN4,140.14
2023-12-16,2TB_NVME_GEN4,139.9
2023-12-17,2TB_NVME_GEN4,142.17
2023-12-18,2TB_NVME_GEN4,142.29
2023-12-19,2TB_NVME_GEN4,142.63
2023-12-20,2TB_NVME_GEN4,143.58
2023-12-21,2TB_NVME_GEN4,143.62
2023-12-22,2TB_NVME_GEN4,144.38
2023-12-23,2TB_NVME_GEN4,146.63
2023-12-24,2TB_NVME_GEN4,145.54
2023-12-25,2TB_NVME_GEN4,145.52
2023-12-26,2TB_NVME_GEN4,145.47
2023-12-27,2TB_NVME_GEN4,146.94
2023-12-28,2TB_NVME_GEN4,148.6
2023-12-29,2TB_NVME_GEN4,148.83
2023-12-30,2TB_NVME_GEN4,149.44
2023-12-31,2TB_NVME_GEN4,155.04
2024-01-01,2TB_NVME_GEN4,155.51
2024-01-02,2TB_NVME_GEN4,155.31
2024-01-03,2TB_NVME_GEN4,155.47
2024-01-04,2TB_NVME_GEN4,153.96
2024-01-05,2TB_NVME_GEN4,154.7
2024-01-06,2TB_NVME_GEN4,159.49
2024-01-07,2TB_NVME_GEN4,163.04
2024-01-08,2TB_NVME_GEN4,164.99
2024-01-09,2TB_NVME_GEN4,163.98
2024-01-10,2TB_NVME_GEN4,163.0
2024-01-11,2TB_NVME_GEN4,163.69
2024-01-12,2TB_NVME_GEN4,164.06
2024-01-13,2TB_NVME_GEN4,166.2
2024-01-14,2TB_NVME_GEN4,162.06
2024-01-15,2TB_NVME_GEN4,161.76
2024-01-16,2TB_NVME_GEN4,160.58
2024-01-17,2TB_NVME_GEN4,160.3
2024-01-18,2TB_NVME_GEN4,159.54
2024-01-19,2TB_NVME_GEN4,159.08
2024-01-20,2TB_NVME_GEN4,159.06
2024-01-21,2TB_NVME_GEN4,159.92
2024-01-22,2TB_NVME_GEN4,161.04
2024-01-23,2TB_NVME_GEN4,160.93
2024-01-24,2TB_NVME_GEN4,160.84
2024-01-25,2TB_NVME_GEN4,161.29
2024-01-26,2TB_NVME_GEN4,161.3
2024-01-27,2TB_NVME_GEN4,163.0
2024-01-28,2TB_NVME_GEN4,163.98
2024-01-29,2TB_NVME_GEN4,165.85
2024-01-30,2TB_NVME_GEN4,166.28
2024-01-31,2TB_NVME_GEN4,165.07
2024-02-01,2TB_NVME_GEN4,163.71
2024-02-02,2TB_NVME_GEN4,164.87
2024-02-03,2TB_NVME_GEN4,164.71
2024-02-04,2TB_NVME_GEN4,163.83
2024-02-05,2TB_NVME_GEN4,164.71
2024-02-06,2TB_NVME_GEN4,166.21
2024-02-07,2TB_NVME_GEN4,165.35
2024-02-08,2TB_NVME_GEN4,167.08
2024-02-09,2TB_NVME_GEN4,167.13
2024-02-10,2TB_NVME_GEN4,167.42
2024-02-11,2TB_NVME_GEN4,169.13
2024-02-12,2TB_NVME_GEN4,169.99
2024-02-13,2TB_NVME_GEN4,168.81
2024-02-14,2TB_NVME_GEN4,169.85
2024-02-15,2TB_NVME_GEN4,169.46
2024-02-16,2TB_NVME_GEN4,169.25
2024-02-17,2TB_NVME_GEN4,169.61
2024-02-18,2TB_NVME_GEN4,168.17
2024-02-19,2TB_NVME_GEN4,167.9
2024-02-20,2TB_NVME_GEN4,168.58
2024-02-21,2TB_NVME_GEN4,167.85
2024-02-22,2TB_NVME_GEN4,168.13
2024-02-23,2TB_NVME_GEN4,168.12
2024-02-24,2TB_NVME_GEN4,168.82
2024-02-25,2TB_NVME_GEN4,168.2
2024-02-26,2TB_NVME_GEN4,167.84
2024-02-27,2TB_NVME_GEN4,167.64
2024-02-28,2TB_NVME_GEN4,167.66
2024-02-29,2TB_NVME_GEN4,168.66
2024-03-01,2TB_NVME_GEN4,168.86
2024-03-02,2TB_NVME_GEN4,169.54
2024-03-03,2TB_NVME_GEN4,168.28
2024-03-04,2TB_NVME_GEN4,169.17
2024-03-05,2TB_NVME_GEN4,167.5
2024-03-06,2TB_NVME_GEN4,168.57
2024-03-07,2TB_NVME_GEN4,168.83
2024-03-08,2TB_NVME_GEN4,168.91
2024-03-09,2TB_NVME_GEN4,167.55
2024-03-10,2TB_NVME_GEN4,169.22
2024-03-11,2TB_NVME_GEN4,168.62
2024-03-12,2TB_NVME_GEN4,168.58
2024-03-13,2TB_NVME_GEN4,167.98
2024-03-14,2TB_NVME_GEN4,168.38
2024-03-15,2TB_NVME_GEN4,168.33
2024-03-16,2TB_NVME_GEN4,168.98
2024-03-17,2TB_NVME_GEN4,167.33
2024-03-18,2TB_NVME_GEN4,166.92
2024-03-19,2TB_NVME_GEN4,166.2
2024-03-20,2TB_NVME_GEN4,167.79
2024-03-21,2TB_NVME_GEN4,168.23
2024-03-22,2TB_NVME_GEN4,167.85
2024-03-23,2TB_NVME_GEN4,168.87
2024-03-24,2TB_NVME_GEN4,165.92
2024-03-25,2TB_NVME_GEN4,166.78
2024-03-26,2TB_NVME_GEN4,167.73
2024-03-27,2TB_NVME_GEN4,167.42
2024-03-28,2TB_NVME_GEN4,167.11
2024-03-29,2TB_NVME_GEN4,168.31
2024-03-30,2TB_NVME_GEN4,168.26
2024-03-31,2TB_NVME_GEN4,172.49
2024-04-01,2TB_NVME_GEN4,172.03
2024-04-02,2TB_NVME_GEN4,173.27
2024-04-03,2TB_NVME_GEN4,173.39
2024-04-04,2TB_NVME_GEN4,173.37
2024-04-05,2TB_NVME_GEN4,173.5
2024-04-06,2TB_NVME_GEN4,173.08
2024-04-07,2TB_NVME_GEN4,173.03
2024-04-08,2TB_NVME_GEN4,173.54
2024-04-09,2TB_NVME_GEN4,173.64
2024-04-10,2TB_NVME_GEN4,174.26
2024-04-11,2TB_NVME_GEN4,174.24
2024-04-12,2TB_NVME_GEN4,174.3
2024-04-13,2TB_NVME_GEN4,173.51
2024-04-14,2TB_NVME_GEN4,172.48
2024-04-15,2TB_NVME_GEN4,172.35
2024-04-16,2TB_NVME_GEN4,170.67
2024-04-17,2TB_NVME_GEN4,170.48
2024-04-18,2TB_NVME_GEN4,170.63
2024-04-19,2TB_NVME_GEN4,171.57
2024-04-20,2TB_NVME_GEN4,169.98
2024-04-21,2TB_NVME_GEN4,172.26
2024-04-22,2TB_NVME_GEN4,172.47
2024-04-23,2TB_NVME_GEN4,172.16
2024-04-24,2TB_NVME_GEN4,172.0
2024-04-25,2TB_NVME_GEN4,171.92
2024-04-26,2TB_NVME_GEN4,171.75
2024-04-27,2TB_NVME_GEN4,172.52
2024-04-28,2TB_NVME_GEN4,171.84
2024-04-29,2TB_NVME_GEN4,171.02
2024-04-30,2TB_NVME_GEN4,168.96
2024-05-01,2TB_NVME_GEN4,169.49
2024-05-02,2TB_NVME_GEN4,169.29
2024-05-03,2TB_NVME_GEN4,169.84
2024-05-04,2TB_NVME_GEN4,169.06
2024-05-05,2TB_NVME_GEN4,171.27
2024-05-06,2TB_NVME_GEN4,170.92
2024-05-07,2TB_NVME_GEN4,171.13
2024-05-08,2TB_NVME_GEN4,171.57
2024-05-09,2TB_NVME_GEN4,171.83
2024-05-10,2TB_NVME_GEN4,171.07
2024-05-11,2TB_NVME_GEN4,171.43
2024-05-12,2TB_NVME_GEN4,170.43
2024-05-13,2TB_NVME_GEN4,170.95
2024-05-14,2TB_NVME_GEN4,170.07
2024-05-15,2TB_NVME_GEN4,169.39
2024-05-16,2TB_NVME_GEN4,168.36
2024-05-17,2TB_NVME_GEN4,168.26
2024-05-18,2TB_NVME_GEN4,169.23
2024-05-19,2TB_NVME_GEN4,167.25
2024-05-20,2TB_NVME_GEN4,169.19
2024-05-21,2TB_NVME_GEN4,168.0
2024-05-22,2TB_NVME_GEN4,166.74
2024-05-23,2TB_NVME_GEN4,170.95
2024-05-24,2TB_NVME_GEN4,171.06
2024-05-25,2TB_NVME_GEN4,171.47
2024-05-26,2TB_NVME_GEN4,170.05
2024-05-27,2TB_NVME_GEN4,169.62
2024-05-28,2TB_NVME_GEN4,168.93
2024-05-29,2TB_NVME_GEN4,168.05
2024-05-30,2TB_NVME_GEN4,167.88
2024-05-31,2TB_NVME_GEN4,168.56
2024-06-01,2TB_NVME_GEN4,168.31
2024-06-02,2TB_NVME_GEN4,168.88
2024-06-03,2TB_NVME_GEN4,168.61
2024-06-04,2TB_NVME_GEN4,168.66
2024-06-05,2TB_NVME_GEN4,168.88
2024-06-06,2TB_NVME_GEN4,168.41
2024-06-07,2TB_NVME_GEN4,168.92
2024-06-08,2TB_NVME_GEN4,169.24
2024-06-09,2TB_NVME_GEN4,169.53
2024-06-10,2TB_NVME_GEN4,169.32
2024-06-11,2TB_NVME_GEN4,169.23
2024-06-12,2TB_NVME_GEN4,169.25
2024-06-13,2TB_NVME_GEN4,168.59
2024-06-14,2TB_NVME_GEN4,169.14
2024-06-15,2TB_NVME_GEN4,168.39
2024-06-16,2TB_NVME_GEN4,168.65
2024-06-17,2TB_NVME_GEN4,169.42
2024-06-18,2TB_NVME_GEN4,170.41
2024-06-19,2TB_NVME_GEN4,170.53
2024-06-20,2TB_NVME_GEN4,170.5
2024-06-21,2TB_NVME_GEN4,170.35
2024-06-22,2TB_NVME_GEN4,171.15
2024-06-23,2TB_NVME_GEN4,171.49
2024-06-24,2TB_NVME_GEN4,170.04
2024-06-25,2TB_NVME_GEN4,169.86
2024-06-26,2TB_NVME_GEN4,170.38
2024-06-27,2TB_NVME_GEN4,170.31
2024-06-28,2TB_NVME_GEN4,170.4
2024-06-29,2TB_NVME_GEN4,170.5
2024-06-30,2TB_NVME_GEN4,173.21
2024-07-01,2TB_NVME_GEN4,172.49
2024-07-02,2TB_NVME_GEN4,173.46
2024-07-03,2TB_NVME_GEN4,173.16
2024-07-04,2TB_NVME_GEN4,172.76
2024-07-05,2TB_NVME_GEN4,172.95
2024-07-06,2TB_NVME_GEN4,171.77
2024-07-07,2TB_NVME_GEN4,172.23
2024-07-08,2TB_NVME_GEN4,172.93
2024-07-09,2TB_NVME_GEN4,173.83
2024-07-10,2TB_NVME_GEN4,173.26
2024-07-11,2TB_NVME_GEN4,171.61
2024-07-12,2TB_NVME_GEN4,171.87
2024-07-13,2TB_NVME_GEN4,171.45
2024-07-14,2TB_NVME_GEN4,171.17
2024-07-15,2TB_NVME_GEN4,166.63
2024-07-16,2TB_NVME_GEN4,165.92
2024-07-17,2TB_NVME_GEN4,169.69
2024-07-18,2TB_NVME_GEN4,170.56
2024-07-19,2TB_NVME_GEN4,171.1
2024-07-20,2TB_NVME_GEN4,171.47
2024-07-21,2TB_NVME_GEN4,169.62
2024-07-22,2TB_NVME_GEN4,170.44
2024-07-23,2TB_NVME_GEN4,169.41
2024-07-24,2TB_NVME_GEN4,169.25
2024-07-25,2TB_NVME_GEN4,168.8
2024-07-26,2TB_NVME_GEN4,167.77
2024-07-27,2TB_NVME_GEN4,167.44
2024-07-28,2TB_NVME_GEN4,166.85
2024-07-29,2TB_NVME_GEN4,167.76
2024-07-30,2TB_NVME_GEN4,167.82
2024-07-31,2TB_NVME_GEN4,168.38
2024-08-01,2TB_NVME_GEN4,168.19
2024-08-02,2TB_NVME_GEN4,168.39
2024-08-03,2TB_NVME_GEN4,168.26
2024-08-04,2TB_NVME_GEN4,168.79
2024-08-05,2TB_NVME_GEN4,168.23
2024-08-06,2TB_NVME_GEN4,168.03
2024-08-07,2TB_NVME_GEN4,168.59
2024-08-08,2TB_NVME_GEN4,168.32
2024-08-09,2TB_NVME_GEN4,168.01
2024-08-10,2TB_NVME_GEN4,167.7
2024-08-11,2TB_NVME_GEN4,168.45
2024-08-12,2TB_NVME_GEN4,168.26
2024-08-13,2TB_NVME_GEN4,167.48
2024-08-14,2TB_NVME_GEN4,167.28
2024-08-15,2TB_NVME_GEN4,166.79
2024-08-16,2TB_NVME_GEN4,166.44
2024-08-17,2TB_NVME_GEN4,166.79
2024-08-18,2TB_NVME_GEN4,166.16
2024-08-19,2TB_NVME_GEN4,166.44
2024-08-20,2TB_NVME_GEN4,166.61
2024-08-21,2TB_NVME_GEN4,166.68
2024-08-22,2TB_NVME_GEN4,165.85
2024-08-23,2TB_NVME_GEN4,165.94
2024-08-24,2TB_NVME_GEN4,167.07
2024-08-25,2TB_NVME_GEN4,167.54
2024-08-26,2TB_NVME_GEN4,165.47
2024-08-27,2TB_NVME_GEN4,165.84
2024-08-28,2TB_NVME_GEN4,165.39
2024-08-29,2TB_NVME_GEN4,166.3
2024-08-30,2TB_NVME_GEN4,166.87
2024-08-31,2TB_NVME_GEN4,168.02
2024-09-01,2TB_NVME_GEN4,165.71
2024-09-02,2TB_NVME_GEN4,168.51
2024-09-03,2TB_NVME_GEN4,167.17
2024-09-04,2TB_NVME_GEN4,164.46
2024-09-05,2TB_NVME_GEN4,164.25
2024-09-06,2TB_NVME_GEN4,163.17
2024-09-07,2TB_NVME_GEN4,163.42
2024-09-08,2TB_NVME_GEN4,164.35
2024-09-09,2TB_NVME_GEN4,161.8
2024-09-10,2TB_NVME_GEN4,162.5
2024-09-11,2TB_NVME_GEN4,162.57
2024-09-12,2TB_NVME_GEN4,161.99
2024-09-13,2TB_NVME_GEN4,161.52
2024-09-14,2TB_NVME_GEN4,161.77
2024-09-15,2TB_NVME_GEN4,159.62
2024-09-16,2TB_NVME_GEN4,160.23
2024-09-17,2TB_NVME_GEN4,160.02
2024-09-18,2TB_NVME_GEN4,159.35
2024-09-19,2TB_NVME_GEN4,159.43
2024-09-20,2TB_NVME_GEN4,162.13
2024-09-21,2TB_NVME_GEN4,160.16
2024-09-22,2TB_NVME_GEN4,163.52
2024-09-23,2TB_NVME_GEN4,163.14
2024-09-24,2TB_NVME_GEN4,163.76
2024-09-25,2TB_NVME_GEN4,163.54
2024-09-26,2TB_NVME_GEN4,162.42
2024-09-27,2TB_NVME_GEN4,162.6
2024-09-28,2TB_NVME_GEN4,164.53
2024-09-29,2TB_NVME_GEN4,164.11
2024-09-30,2TB_NVME_GEN4,164.77
2024-10-01,2TB_NVME_GEN4,164.02
2024-10-02,2TB_NVME_GEN4,164.35
2024-10-03,2TB_NVME_GEN4,163.19
2024-10-04,2TB_NVME_GEN4,162.98
2024-10-05,2TB_NVME_GEN4,164.77
2024-10-06,2TB_NVME_GEN4,163.93
2024-10-07,2TB_NVME_GEN4,159.71
2024-10-08,2TB_NVME_GEN4,159.12
2024-10-09,2TB_NVME_GEN4,162.65
2024-10-10,2TB_NVME_GEN4,162.65
2024-10-11,2TB_NVME_GEN4,162.89
2024-10-12,2TB_NVME_GEN4,163.5
2024-10-13,2TB_NVME_GEN4,162.82
2024-10-14,2TB_NVME_GEN4,163.39
2024-10-15,2TB_NVME_GEN4,163.04
2024-10-16,2TB_NVME_GEN4,162.65
2024-10-17,2TB_NVME_GEN4,162.84
2024-10-18,2TB_NVME_GEN4,162.66
2024-10-19,2TB_NVME_GEN4,162.74
2024-10-20,2TB_NVME_GEN4,162.81
2024-10-21,2TB_NVME_GEN4,160.83
2024-10-22,2TB_NVME_GEN4,161.2
2024-10-23,2TB_NVME_GEN4,160.67
2024-10-24,2TB_NVME_GEN4,160.76
2024-10-25,2TB_NVME_GEN4,160.7
2024-10-26,2TB_NVME_GEN4,162.7
2024-10-27,2TB_NVME_GEN4,162.9
2024-10-28,2TB_NVME_GEN4,162.29
2024-10-29,2TB_NVME_GEN4,162.01
2024-10-30,2TB_NVME_GEN4,162.09
2024-10-31,2TB_NVME_GEN4,159.18
2024-11-01,2TB_NVME_GEN4,159.89
2024-11-02,2TB_NVME_GEN4,162.55
2024-11-03,2TB_NVME_GEN4,161.21
2024-11-04,2TB_NVME_GEN4,160.65
2024-11-05,2TB_NVME_GEN4,160.01
2024-11-06,2TB_NVME_GEN4,159.99
2024-11-07,2TB_NVME_GEN4,160.63
2024-11-08,2TB_NVME_GEN4,160.76
2024-11-09,2TB_NVME_GEN4,160.53
2024-11-10,2TB_NVME_GEN4,159.17
2024-11-11,2TB_NVME_GEN4,160.29
2024-11-12,2TB_NVME_GEN4,160.05
2024-11-13,2TB_NVME_GEN4,160.93
2024-11-14,2TB_NVME_GEN4,160.19
2024-11-15,2TB_NVME_GEN4,160.04
2024-11-16,2TB_NVME_GEN4,160.74
2024-11-17,2TB_NVME_GEN4,158.73
2024-11-18,2TB_NVME_GEN4,159.51
2024-11-19,2TB_NVME_GEN4,159.87
2024-11-20,2TB_NVME_GEN4,154.23
2024-11-21,2TB_NVME_GEN4,153.87
2024-11-22,2TB_NVME_GEN4,153.52
2024-11-23,2TB_NVME_GEN4,154.27
2024-11-24,2TB_NVME_GEN4,153.95
2024-11-25,2TB_NVME_GEN4,148.13
2024-11-26,2TB_NVME_GEN4,147.23
2024-11-27,2TB_NVME_GEN4,147.07
2024-11-28,2TB_NVME_GEN4,147.01
2024-11-29,2TB_NVME_GEN4,146.64
2024-11-30,2TB_NVME_GEN4,149.44
2024-12-01,2TB_NVME_GEN4,148.09
2024-12-02,2TB_NVME_GEN4,155.42
2024-12-03,2TB_NVME_GEN4,158.51
2024-12-04,2TB_NVME_GEN4,158.06
2024-12-05,2TB_NVME_GEN4,159.38
2024-12-06,2TB_NVME_GEN4,158.48
2024-12-07,2TB_NVME_GEN4,158.32
2024-12-08,2TB_NVME_GEN4,159.23
2024-12-09,2TB_NVME_GEN4,158.1
2024-12-10,2TB_NVME_GEN4,157.82
2024-12-11,2TB_NVME_GEN4,158.89
2024-12-12,2TB_NVME_GEN4,159.3
2024-12-13,2TB_NVME_GEN4,158.8
2024-12-14,2TB_NVME_GEN4,157.49
2024-12-15,2TB_NVME_GEN4,159.38
2024-12-16,2TB_NVME_GEN4,158.8
2024-12-17,2TB_NVME_GEN4,157.89
2024-12-18,2TB_NVME_GEN4,157.25
2024-12-19,2TB_NVME_GEN4,153.8
2024-12-20,2TB_NVME_GEN4,154.17
2024-12-21,2TB_NVME_GEN4,154.65
2024-12-22,2TB_NVME_GEN4,154.23
2024-12-23,2TB_NVME_GEN4,153.92
2024-12-24,2TB_NVME_GEN4,154.36
2024-12-25,2TB_NVME_GEN4,149.08
2024-12-26,2TB_NVME_GEN4,149.18
2024-12-27,2TB_NVME_GEN4,149.9
2024-12-28,2TB_NVME_GEN4,151.34
2024-12-29,2TB_NVME_GEN4,160.24
2024-12-30,2TB_NVME_GEN4,161.3
2024-12-31,2TB_NVME_GEN4,161.68
2025-01-01,2TB_NVME_GEN4,161.27
2025-01-02,2TB_NVME_GEN4,161.16
2025-01-03,2TB_NVME_GEN4,160.7
2025-01-04,2TB_NVME_GEN4,159.41
2025-01-05,2TB_NVME_GEN4,159.77
2025-01-06,2TB_NVME_GEN4,159.71
2025-01-07,2TB_NVME_GEN4,160.03
2025-01-08,2TB_NVME_GEN4,160.28
2025-01-09,2TB_NVME_GEN4,160.0
2025-01-10,2TB_NVME_GEN4,159.27
2025-01-11,2TB_NVME_GEN4,158.17
2025-01-12,2TB_NVME_GEN4,157.65
2025-01-13,2TB_NVME_GEN4,157.05
2025-01-14,2TB_NVME_GEN4,156.4
2025-01-15,2TB_NVME_GEN4,157.38
2025-01-16,2TB_NVME_GEN4,157.02
2025-01-17,2TB_NVME_GEN4,156.85
2025-01-18,2TB_NVME_GEN4,156.47
2025-01-19,2TB_NVME_GEN4,156.91
2025-01-20,2TB_NVME_GEN4,156.11
2025-01-21,2TB_NVME_GEN4,155.46
2025-01-22,2TB_NVME_GEN4,155.1
2025-01-23,2TB_NVME_GEN4,154.44
2025-01-24,2TB_NVME_GEN4,154.12
2025-01-25,2TB_NVME_GEN4,154.32
2025-01-26,2TB_NVME_GEN4,154.14
2025-01-27,2TB_NVME_GEN4,153.92
2025-01-28,2TB_NVME_GEN4,153.57
2025-01-29,2TB_NVME_GEN4,154.38
2025-01-30,2TB_NVME_GEN4,154.37
2025-01-31,2TB_NVME_GEN4,155.41
2025-02-01,2TB_NVME_GEN4,155.07
2025-02-02,2TB_NVME_GEN4,153.74
2025-02-03,2TB_NVME_GEN4,154.64
2025-02-04,2TB_NVME_GEN4,154.22
2025-02-05,2TB_NVME_GEN4,153.7
2025-02-06,2TB_NVME_GEN4,153.77
2025-02-07,2TB_NVME_GEN4,154.11
2025-02-08,2TB_NVME_GEN4,154.26
2025-02-09,2TB_NVME_GEN4,154.28
2025-02-10,2TB_NVME_GEN4,154.53
2025-02-11,2TB_NVME_GEN4,154.6
2025-02-12,2TB_NVME_GEN4,154.4
2025-02-13,2TB_NVME_GEN4,155.2
2025-02-14,2TB_NVME_GEN4,154.98
2025-02-15,2TB_NVME_GEN4,154.25
2025-02-16,2TB_NVME_GEN4,154.07
2025-02-17,2TB_NVME_GEN4,154.04
2025-02-18,2TB_NVME_GEN4,153.83
2025-02-19,2TB_NVME_GEN4,153.42
2025-02-20,2TB_NVME_GEN4,153.59
2025-02-21,2TB_NVME_GEN4,153.39
2025-02-22,2TB_NVME_GEN4,155.08
2025-02-23,2TB_NVME_GEN4,154.42
2025-02-24,2TB_NVME_GEN4,154.29
2025-02-25,2TB_NVME_GEN4,154.9
2025-02-26,2TB_NVME_GEN4,153.83
2025-02-27,2TB_NVME_GEN4,154.6
2025-02-28,2TB_NVME_GEN4,156.27
2025-03-01,2TB_NVME_GEN4,157.92
2025-03-02,2TB_NVME_GEN4,156.29
2025-03-03,2TB_NVME_GEN4,157.58
2025-03-04,2TB_NVME_GEN4,156.62
2025-03-05,2TB_NVME_GEN4,155.81
2025-03-06,2TB_NVME_GEN4,155.95
2025-03-07,2TB_NVME_GEN4,155.57
2025-03-08,2TB_NVME_GEN4,155.2
2025-03-09,2TB_NVME_GEN4,155.03
2025-03-10,2TB_NVME_GEN4,155.68
2025-03-11,2TB_NVME_GEN4,155.09
2025-03-12,2TB_NVME_GEN4,154.13
2025-03-13,2TB_NVME_GEN4,154.52
2025-03-14,2TB_NVME_GEN4,153.95
2025-03-15,2TB_NVME_GEN4,154.09
2025-03-16,2TB_NVME_GEN4,153.67
2025-03-17,2TB_NVME_GEN4,153.39
2025-03-18,2TB_NVME_GEN4,153.76
2025-03-19,2TB_NVME_GEN4,153.62
2025-03-20,2TB_NVME_GEN4,152.9
2025-03-21,2TB_NVME_GEN4,152.94
2025-03-22,2TB_NVME_GEN4,153.41
2025-03-23,2TB_NVME_GEN4,152.88
2025-03-24,2TB_NVME_GEN4,153.54
2025-03-25,2TB_NVME_GEN4,152.29
2025-03-26,2TB_NVME_GEN4,152.37
2025-03-27,2TB_NVME_GEN4,152.49
2025-03-28,2TB_NVME_GEN4,153.53
2025-03-29,2TB_NVME_GEN4,156.41
2025-03-30,2TB_NVME_GEN4,155.42
2025-03-31,2TB_NVME_GEN4,157.93
2025-04-01,2TB_NVME_GEN4,157.0
2025-04-02,2TB_NVME_GEN4,157.02
2025-04-03,2TB_NVME_GEN4,158.17
2025-04-04,2TB_NVME_GEN4,158.48
2025-04-05,2TB_NVME_GEN4,157.96
2025-04-06,2TB_NVME_GEN4,157.32
2025-04-07,2TB_NVME_GEN4,158.08
2025-04-08,2TB_NVME_GEN4,160.61
2025-04-09,2TB_NVME_GEN4,161.12
2025-04-10,2TB_NVME_GEN4,158.77
2025-04-11,2TB_NVME_GEN4,160.06
2025-04-12,2TB_NVME_GEN4,160.46
2025-04-13,2TB_NVME_GEN4,161.64
2025-04-14,2TB_NVME_GEN4,161.78
2025-04-15,2TB_NVME_GEN4,161.6
2025-04-16,2TB_NVME_GEN4,161.14
2025-04-17,2TB_NVME_GEN4,162.48
2025-04-18,2TB_NVME_GEN4,162.03
2025-04-19,2TB_NVME_GEN4,161.77
2025-04-20,2TB_NVME_GEN4,160.8
2025-04-21,2TB_NVME_GEN4,163.31
2025-04-22,2TB_NVME_GEN4,162.78
2025-04-23,2TB_NVME_GEN4,161.11
2025-04-24,2TB_NVME_GEN4,162.28
2025-04-25,2TB_NVME_GEN4,162.89
2025-04-26,2TB_NVME_GEN4,162.87
2025-04-27,2TB_NVME_GEN4,162.41
2025-04-28,2TB_NVME_GEN4,162.05
2025-04-29,2TB_NVME_GEN4,162.2
2025-04-30,2TB_NVME_GEN4,161.97
2025-05-01,2TB_NVME_GEN4,161.35
2025-05-02,2TB_NVME_GEN4,161.77
2025-05-03,2TB_NVME_GEN4,158.98
2025-05-04,2TB_NVME_GEN4,158.74
2025-05-05,2TB_NVME_GEN4,158.03
2025-05-06,2TB_NVME_GEN4,158.23
2025-05-07,2TB_NVME_GEN4,158.32
2025-05-08,2TB_NVME_GEN4,158.08
2025-05-09,2TB_NVME_GEN4,159.48
2025-05-10,2TB_NVME_GEN4,159.44
2025-05-11,2TB_NVME_GEN4,157.93
2025-05-12,2TB_NVME_GEN4,157.84
2025-05-13,2TB_NVME_GEN4,156.43
2025-05-14,2TB_NVME_GEN4,158.34
2025-05-15,2TB_NVME_GEN4,157.59
2025-05-16,2TB_NVME_GEN4,158.22
2025-05-17,2TB_NVME_GEN4,158.05
2025-05-18,2TB_NVME_GEN4,158.38
2025-05-19,2TB_NVME_GEN4,159.03
2025-05-20,2TB_NVME_GEN4,158.74
2025-05-21,2TB_NVME_GEN4,158.47
2025-05-22,2TB_NVME_GEN4,159.54
2025-05-23,2TB_NVME_GEN4,159.78
2025-05-24,2TB_NVME_GEN4,160.45
2025-05-25,2TB_NVME_GEN4,161.42
2025-05-26,2TB_NVME_GEN4,161.1
2025-05-27,2TB_NVME_GEN4,160.87
2025-05-28,2TB_NVME_GEN4,159.77
2025-05-29,2TB_NVME_GEN4,160.27
2025-05-30,2TB_NVME_GEN4,160.73
2025-05-31,2TB_NVME_GEN4,161.06
2025-06-01,2TB_NVME_GEN4,161.93
2025-06-02,2TB_NVME_GEN4,160.98
2025-06-03,2TB_NVME_GEN4,161.42
2025-06-04,2TB_NVME_GEN4,159.73
2025-06-05,2TB_NVME_GEN4,158.57
2025-06-06,2TB_NVME_GEN4,159.03
2025-06-07,2TB_NVME_GEN4,158.91
2025-06-08,2TB_NVME_GEN4,160.02
2025-06-09,2TB_NVME_GEN4,160.14
2025-06-10,2TB_NVME_GEN4,159.29
2025-06-11,2TB_NVME_GEN4,159.76
2025-06-12,2TB_NVME_GEN4,159.53
2025-06-13,2TB_NVME_GEN4,159.36
2025-06-14,2TB_NVME_GEN4,159.16
2025-06-15,2TB_NVME_GEN4,157.67
2025-06-16,2TB_NVME_GEN4,158.31
2025-06-17,2TB_NVME_GEN4,157.5
2025-06-18,2TB_NVME_GEN4,157.42
2025-06-19,2TB_NVME_GEN4,157.67
2025-06-20,2TB_NVME_GEN4,157.9
2025-06-21,2TB_NVME_GEN4,159.92
2025-06-22,2TB_NVME_GEN4,161.14
2025-06-23,2TB_NVME_GEN4,159.99
2025-06-24,2TB_NVME_GEN4,160.7
2025-06-25,2TB_NVME_GEN4,160.26
2025-06-26,2TB_NVME_GEN4,160.51
2025-06-27,2TB_NVME_GEN4,160.32
2025-06-28,2TB_NVME_GEN4,160.05
2025-06-29,2TB_NVME_GEN4,161.35
2025-06-30,2TB_NVME_GEN4,159.29
2025-07-01,2TB_NVME_GEN4,159.4
2025-07-02,2TB_NVME_GEN4,159.04
2025-07-03,2TB_NVME_GEN4,158.64
2025-07-04,2TB_NVME_GEN4,158.81
2025-07-05,2TB_NVME_GEN4,158.97
2025-07-06,2TB_NVME_GEN4,158.37
2025-07-07,2TB_NVME_GEN4,155.99
2025-07-08,2TB_NVME_GEN4,154.61
2025-07-09,2TB_NVME_GEN4,154.3
2025-07-10,2TB_NVME_GEN4,154.36
2025-07-11,2TB_NVME_GEN4,157.03
2025-07-12,2TB_NVME_GEN4,157.16
2025-07-13,2TB_NVME_GEN4,158.44
2025-07-14,2TB_NVME_GEN4,157.12
2025-07-15,2TB_NVME_GEN4,157.82
2025-07-16,2TB_NVME_GEN4,157.01
2025-07-17,2TB_NVME_GEN4,157.52
2025-07-18,2TB_NVME_GEN4,157.5
2025-07-19,2TB_NVME_GEN4,157.5
2025-07-20,2TB_NVME_GEN4,157.84
2025-07-21,2TB_NVME_GEN4,157.96
2025-07-22,2TB_NVME_GEN4,157.03
2025-07-23,2TB_NVME_GEN4,154.41
2025-07-24,2TB_NVME_GEN4,154.2
2025-07-25,2TB_NVME_GEN4,154.27
2025-07-26,2TB_NVME_GEN4,154.44
2025-07-27,2TB_NVME_GEN4,157.84
2025-07-28,2TB_NVME_GEN4,157.51
2025-07-29,2TB_NVME_GEN4,158.49
2025-07-30,2TB_NVME_GEN4,158.23
2025-07-31,2TB_NVME_GEN4,157.4
2025-08-01,2TB_NVME_GEN4,157.53
2025-08-02,2TB_NVME_GEN4,157.28
2025-08-03,2TB_NVME_GEN4,156.93
2025-08-04,2TB_NVME_GEN4,156.46
2025-08-05,2TB_NVME_GEN4,157.01
2025-08-06,2TB_NVME_GEN4,156.2
2025-08-07,2TB_NVME_GEN4,157.5
2025-08-08,2TB_NVME_GEN4,157.99
2025-08-09,2TB_NVME_GEN4,158.6
2025-08-10,2TB_NVME_GEN4,156.46
2025-08-11,2TB_NVME_GEN4,156.88
2025-08-12,2TB_NVME_GEN4,156.08
2025-08-13,2TB_NVME_GEN4,157.66
2025-08-14,2TB_NVME_GEN4,156.55
2025-08-15,2TB_NVME_GEN4,156.25
2025-08-16,2TB_NVME_GEN4,156.25
2025-08-17,2TB_NVME_GEN4,155.86
2025-08-18,2TB_NVME_GEN4,157.34
2025-08-19,2TB_NVME_GEN4,156.97
2025-08-20,2TB_NVME_GEN4,157.26
2025-08-21,2TB_NVME_GEN4,157.65
2025-08-22,2TB_NVME_GEN4,157.61
2025-08-23,2TB_NVME_GEN4,157.09
2025-08-24,2TB_NVME_GEN4,157.57
2025-08-25,2TB_NVME_GEN4,158.13
2025-08-26,2TB_NVME_GEN4,156.66
2025-08-27,2TB_NVME_GEN4,157.93
2025-08-28,2TB_NVME_GEN4,158.35
2025-08-29,2TB_NVME_GEN4,158.25
2025-08-30,2TB_NVME_GEN4,155.38
2025-08-31,2TB_NVME_GEN4,155.5
2025-09-01,2TB_NVME_GEN4,154.96
2025-09-02,2TB_NVME_GEN4,155.52
2025-09-03,2TB_NVME_GEN4,155.1
2025-09-04,2TB_NVME_GEN4,155.14
2025-09-05,2TB_NVME_GEN4,155.37
2025-09-06,2TB_NVME_GEN4,154.82
2025-09-07,2TB_NVME_GEN4,155.15
2025-09-08,2TB_NVME_GEN4,155.28
2025-09-09,2TB_NVME_GEN4,155.79
2025-09-10,2TB_NVME_GEN4,155.38
2025-09-11,2TB_NVME_GEN4,154.89
2025-09-12,2TB_NVME_GEN4,154.32
2025-09-13,2TB_NVME_GEN4,154.08
2025-09-14,2TB_NVME_GEN4,154.56
2025-09-15,2TB_NVME_GEN4,155.22
2025-09-16,2TB_NVME_GEN4,155.32
2025-09-17,2TB_NVME_GEN4,153.85
2025-09-18,2TB_NVME_GEN4,155.11
2025-09-19,2TB_NVME_GEN4,154.84
2025-09-20,2TB_NVME_GEN4,155.48
2025-09-21,2TB_NVME_GEN4,155.25
2025-09-22,2TB_NVME_GEN4,155.93
2025-09-23,2TB_NVME_GEN4,156.6
2025-09-24,2TB_NVME_GEN4,156.43
2025-09-25,2TB_NVME_GEN4,156.76
2025-09-26,2TB_NVME_GEN4,156.98
2025-09-27,2TB_NVME_GEN4,157.58
2025-09-28,2TB_NVME_GEN4,156.95
2025-09-29,2TB_NVME_GEN4,157.01
2025-09-30,2TB_NVME_GEN4,156.7
2025-10-01,2TB_NVME_GEN4,156.63
2025-10-02,2TB_NVME_GEN4,156.67
2025-10-03,2TB_NVME_GEN4,156.61
2025-10-04,2TB_NVME_GEN4,157.02
2025-10-05,2TB_NVME_GEN4,156.47
2025-10-06,2TB_NVME_GEN4,156.28
2025-10-07,2TB_NVME_GEN4,156.82
2025-10-08,2TB_NVME_GEN4,157.12
2025-10-09,2TB_NVME_GEN4,157.55
2025-10-10,2TB_NVME_GEN4,157.37
2025-10-11,2TB_NVME_GEN4,156.95
2025-10-12,2TB_NVME_GEN4,160.37
2025-10-13,2TB_NVME_GEN4,162.74
2025-10-14,2TB_NVME_GEN4,161.71
2025-10-15,2TB_NVME_GEN4,160.84
2025-10-16,2TB_NVME_GEN4,160.2
2025-10-17,2TB_NVME_GEN4,160.56
2025-10-18,2TB_NVME_GEN4,160.68
2025-10-19,2TB_NVME_GEN4,163.34
2025-10-20,2TB_NVME_GEN4,162.37
2025-10-21,2TB_NVME_GEN4,162.95
2025-10-22,2TB_NVME_GEN4,162.05
2025-10-23,2TB_NVME_GEN4,162.52
2025-10-24,2TB_NVME_GEN4,162.91
2025-10-25,2TB_NVME_GEN4,163.63
2025-10-26,2TB_NVME_GEN4,164.24
2025-10-27,2TB_NVME_GEN4,166.07
2025-10-28,2TB_NVME_GEN4,166.01
2025-10-29,2TB_NVME_GEN4,167.19
2025-10-30,2TB_NVME_GEN4,167.06
2025-10-31,2TB_NVME_GEN4,167.52
2025-11-01,2TB_NVME_GEN4,169.1
2025-11-02,2TB_NVME_GEN4,170.85
2025-11-03,2TB_NVME_GEN4,172.5
2025-11-04,2TB_NVME_GEN4,172.35
2025-11-05,2TB_NVME_GEN4,171.28
2025-11-06,2TB_NVME_GEN4,170.8
2025-11-07,2TB_NVME_GEN4,170.52
2025-11-08,2TB_NVME_GEN4,170.44
2025-11-09,2TB_NVME_GEN4,173.59
2025-11-10,2TB_NVME_GEN4,173.54
2025-11-11,2TB_NVME_GEN4,173.22
2025-11-12,2TB_NVME_GEN4,175.16
2025-11-13,2TB_NVME_GEN4,175.86
2025-11-14,2TB_NVME_GEN4,177.49
2025-11-15,2TB_NVME_GEN4,175.8
2025-11-16,2TB_NVME_GEN4,178.27
2025-11-17,2TB_NVME_GEN4,180.07
2025-11-18,2TB_NVME_GEN4,180.33
2025-11-19,2TB_NVME_GEN4,178.91
2025-11-20,2TB_NVME_GEN4,178.82
2025-11-21,2TB_NVME_GEN4,178.21
2025-11-22,2TB_NVME_GEN4,181.04
2025-11-23,2TB_NVME_GEN4,180.6
2025-11-24,2TB_NVME_GEN4,182.65
2025-11-25,2TB_NVME_GEN4,182.67
2025-11-26,2TB_NVME_GEN4,182.1
2025-11-27,2TB_NVME_GEN4,183.77
2025-11-28,2TB_NVME_GEN4,184.32
2025-11-29,2TB_NVME_GEN4,188.27
2025-11-30,2TB_NVME_GEN4,191.14
2025-12-01,2TB_NVME_GEN4,199.4
2025-12-02,2TB_NVME_GEN4,202.53
2025-12-03,2TB_NVME_GEN4,204.99
2025-12-04,2TB_NVME_GEN4,208.1
2025-12-05,2TB_NVME_GEN4,207.7
2025-12-06,2TB_NVME_GEN4,208.6
2025-12-07,2TB_NVME_GEN4,213.34
2025-12-08,2TB_NVME_GEN4,215.44
2025-12-09,2TB_NVME_GEN4,215.62
2025-12-10,2TB_NVME_GEN4,215.48
2025-12-11,2TB_NVME_GEN4,216.68
2025-12-12,2TB_NVME_GEN4,219.5
2025-12-13,2TB_NVME_GEN4,218.03
2025-12-14,2TB_NVME_GEN4,221.65
2025-12-15,2TB_NVME_GEN4,225.31
2025-12-16,2TB_NVME_GEN4,225.54
2025-12-17,2TB_NVME_GEN4,233.78
2025-12-18,2TB_NVME_GEN4,232.62
2025-12-19,2TB_NVME_GEN4,232.33
2025-12-20,2TB_NVME_GEN4,235.04
2025-12-21,2TB_NVME_GEN4,239.42
2025-12-22,2TB_NVME_GEN4,242.71
2025-12-23,2TB_NVME_GEN4,242.54
2025-12-24,2TB_NVME_GEN4,244.83
2025-12-25,2TB_NVME_GEN4,244.34
2025-12-26,2TB_NVME_GEN4,245.0
2025-12-27,2TB_NVME_GEN4,245.57
2025-12-28,2TB_NVME_GEN4,244.93
2025-12-29,2TB_NVME_GEN4,245.26
2025-12-30,2TB_NVME_GEN4,248.37
2025-12-31,2TB_NVME_GEN4,250.5
2026-01-01,2TB_NVME_GEN4,251.48
2026-01-02,2TB_NVME_GEN4,256.22
2026-01-03,2TB_NVME_GEN4,254.31
2026-01-04,2TB_NVME_GEN4,255.88
2026-01-05,2TB_NVME_GEN4,258.87
2026-01-06,2TB_NVME_GEN4,258.35
2026-01-07,2TB_NVME_GEN4,257.96
2026-01-08,2TB_NVME_GEN4,257.96
2026-01-09,2TB_NVME_GEN4,257.96
2026-01-10,2TB_NVME_GEN4,271.25
2026-01-11,2TB_NVME_GEN4,294.16
2026-01-12,2TB_NVME_GEN4,298.9
2026-01-13,2TB_NVME_GEN4,300.32
2026-01-14,2TB_NVME_GEN4,308.72
2026-01-15,2TB_NVME_GEN4,309.6
2026-01-16,2TB_NVME_GEN4,309.13
2026-01-17,2TB_NVME_GEN4,314.26
2026-01-18,2TB_NVME_GEN4,317.2
2026-01-19,2TB_NVME_GEN4,321.79
2026-01-20,2TB_NVME_GEN4,322.7
2026-01-21,2TB_NVME_GEN4,323.62
2026-01-22,2TB_NVME_GEN4,326.63
2026-01-23,2TB_NVME_GEN4,328.83
2026-01-24,2TB_NVME_GEN4,329.08
2026-01-25,2TB_NVME_GEN4,328.88
2026-01-26,2TB_NVME_GEN4,328.71
2026-01-27,2TB_NVME_GEN4,323.16
2026-01-28,2TB_NVME_GEN4,325.46
2026-01-29,2TB_NVME_GEN4,323.64
2026-01-30,2TB_NVME_GEN4,321.75
2026-01-31,2TB_NVME_GEN4,322.31
2026-02-01,2TB_NVME_GEN4,325.38
2026-02-02,2TB_NVME_GEN4,328.03
2026-02-03,2TB_NVME_GEN4,328.64
2026-02-04,2TB_NVME_GEN4,327.45
2026-02-05,2TB_NVME_GEN4,332.38
2026-02-06,2TB_NVME_GEN4,331.07
2026-02-07,2TB_NVME_GEN4,330.63
2026-02-08,2TB_NVME_GEN4,336.52
2026-02-09,2TB_NVME_GEN4,338.28
2026-02-10,2TB_NVME_GEN4,338.9
2026-02-11,2TB_NVME_GEN4,339.82
2026-02-12,2TB_NVME_GEN4,343.88
2026-02-13,2TB_NVME_GEN4,344.37
2021-11-01,DDR5_32GB_RAM,319.99
2021-11-02,DDR5_32GB_RAM,319.99
2021-11-03,DDR5_32GB_RAM,319.99
2021-11-04,DDR5_32GB_RAM,319.99
2021-11-05,DDR5_32GB_RAM,319.99
2021-11-06,DDR5_32GB_RAM,319.99
2021-11-07,DDR5_32GB_RAM,319.99
2021-11-08,DDR5_32GB_RAM,317.49
2021-11-09,DDR5_32GB_RAM,317.49
2021-11-10,DDR5_32GB_RAM,317.49
2021-11-11,DDR5_32GB_RAM,317.49
2021-11-12,DDR5_32GB_RAM,317.49
2021-11-13,DDR5_32GB_RAM,317.49
2021-11-14,DDR5_32GB_RAM,314.43
2021-11-15,DDR5_32GB_RAM,313.22
2021-11-16,DDR5_32GB_RAM,318.22
2021-11-17,DDR5_32GB_RAM,320.22
2021-11-18,DDR5_32GB_RAM,318.38
2021-11-19,DDR5_32GB_RAM,320.22
2021-11-20,DDR5_32GB_RAM,320.22
2021-11-21,DDR5_32GB_RAM,321.56
2021-11-22,DDR5_32GB_RAM,321.56
2021-11-23,DDR5_32GB_RAM,321.56
2021-11-24,DDR5_32GB_RAM,321.56
2021-11-25,DDR5_32GB_RAM,321.56
2021-11-26,DDR5_32GB_RAM,321.56
2021-11-27,DDR5_32GB_RAM,321.56
2021-11-28,DDR5_32GB_RAM,327.92
2021-11-29,DDR5_32GB_RAM,327.92
2021-11-30,DDR5_32GB_RAM,327.92
2021-12-01,DDR5_32GB_RAM,319.3
2021-12-02,DDR5_32GB_RAM,319.3
2021-12-03,DDR5_32GB_RAM,319.3
2021-12-04,DDR5_32GB_RAM,319.3
2021-12-05,DDR5_32GB_RAM,319.3
2021-12-06,DDR5_32GB_RAM,314.08
2021-12-07,DDR5_32GB_RAM,300.74
2021-12-08,DDR5_32GB_RAM,305.74
2021-12-09,DDR5_32GB_RAM,305.74
2021-12-10,DDR5_32GB_RAM,305.74
2021-12-11,DDR5_32GB_RAM,305.74
2021-12-12,DDR5_32GB_RAM,305.74
2021-12-13,DDR5_32GB_RAM,305.74
2021-12-14,DDR5_32GB_RAM,305.74
2021-12-15,DDR5_32GB_RAM,305.74
2021-12-16,DDR5_32GB_RAM,321.66
2021-12-17,DDR5_32GB_RAM,321.66
2021-12-18,DDR5_32GB_RAM,321.66
2021-12-19,DDR5_32GB_RAM,321.66
2021-12-20,DDR5_32GB_RAM,321.66
2021-12-21,DDR5_32GB_RAM,324.99
2021-12-22,DDR5_32GB_RAM,324.99
2021-12-23,DDR5_32GB_RAM,324.99
2021-12-24,DDR5_32GB_RAM,324.99
2021-12-25,DDR5_32GB_RAM,324.99
2021-12-26,DDR5_32GB_RAM,324.99
2021-12-27,DDR5_32GB_RAM,324.99
2021-12-28,DDR5_32GB_RAM,324.99
2021-12-29,DDR5_32GB_RAM,324.99
2021-12-30,DDR5_32GB_RAM,324.99
2021-12-31,DDR5_32GB_RAM,324.99
2022-01-01,DDR5_32GB_RAM,324.99
2022-01-02,DDR5_32GB_RAM,324.99
2022-01-03,DDR5_32GB_RAM,324.99
2022-01-04,DDR5_32GB_RAM,324.99
2022-01-05,DDR5_32GB_RAM,324.99
2022-01-06,DDR5_32GB_RAM,324.99
2022-01-07,DDR5_32GB_RAM,324.99
2022-01-08,DDR5_32GB_RAM,324.99
2022-01-09,DDR5_32GB_RAM,324.99
2022-01-10,DDR5_32GB_RAM,324.99
2022-01-11,DDR5_32GB_RAM,389.99
2022-01-12,DDR5_32GB_RAM,496.66
2022-01-13,DDR5_32GB_RAM,463.81
2022-01-14,DDR5_32GB_RAM,483.44
2022-01-15,DDR5_32GB_RAM,483.44
2022-01-16,DDR5_32GB_RAM,483.44
2022-01-17,DDR5_32GB_RAM,422.19
2022-01-18,DDR5_32GB_RAM,414.97
2022-01-19,DDR5_32GB_RAM,408.59
2022-01-20,DDR5_32GB_RAM,410.49
2022-01-21,DDR5_32GB_RAM,410.49
2022-01-22,DDR5_32GB_RAM,407.99
2022-01-23,DDR5_32GB_RAM,407.99
2022-01-24,DDR5_32GB_RAM,428.56
2022-01-25,DDR5_32GB_RAM,421.06
2022-01-26,DDR5_32GB_RAM,416.24
2022-01-27,DDR5_32GB_RAM,413.28
2022-01-28,DDR5_32GB_RAM,413.28
2022-01-29,DDR5_32GB_RAM,408.49
2022-01-30,DDR5_32GB_RAM,412.99
2022-01-31,DDR5_32GB_RAM,410.34
2022-02-01,DDR5_32GB_RAM,407.24
2022-02-02,DDR5_32GB_RAM,409.17
2022-02-03,DDR5_32GB_RAM,409.17
2022-02-04,DDR5_32GB_RAM,410.99
2022-02-05,DDR5_32GB_RAM,402.16
2022-02-06,DDR5_32GB_RAM,404.21
2022-02-07,DDR5_32GB_RAM,405.05
2022-02-08,DDR5_32GB_RAM,401.62
2022-02-09,DDR5_32GB_RAM,405.42
2022-02-10,DDR5_32GB_RAM,401.86
2022-02-11,DDR5_32GB_RAM,421.75
2022-02-12,DDR5_32GB_RAM,412.66
2022-02-13,DDR5_32GB_RAM,400.99
2022-02-14,DDR5_32GB_RAM,408.15
2022-02-15,DDR5_32GB_RAM,409.16
2022-02-16,DDR5_32GB_RAM,421.34
2022-02-17,DDR5_32GB_RAM,410.58
2022-02-18,DDR5_32GB_RAM,403.23
2022-02-19,DDR5_32GB_RAM,406.17
2022-02-20,DDR5_32GB_RAM,408.43
2022-02-21,DDR5_32GB_RAM,394.05
2022-02-22,DDR5_32GB_RAM,396.17
2022-02-23,DDR5_32GB_RAM,402.49
2022-02-24,DDR5_32GB_RAM,380.24
2022-02-25,DDR5_32GB_RAM,373.29
2022-02-26,DDR5_32GB_RAM,373.29
2022-02-27,DDR5_32GB_RAM,378.41
2022-02-28,DDR5_32GB_RAM,379.68
2022-03-01,DDR5_32GB_RAM,379.67
2022-03-02,DDR5_32GB_RAM,387.32
2022-03-03,DDR5_32GB_RAM,388.6
2022-03-04,DDR5_32GB_RAM,388.01
2022-03-05,DDR5_32GB_RAM,387.98
2022-03-06,DDR5_32GB_RAM,386.15
2022-03-07,DDR5_32GB_RAM,373.99
2022-03-08,DDR5_32GB_RAM,366.05
2022-03-09,DDR5_32GB_RAM,367.52
2022-03-10,DDR5_32GB_RAM,369.28
2022-03-11,DDR5_32GB_RAM,375.12
2022-03-12,DDR5_32GB_RAM,371.26
2022-03-13,DDR5_32GB_RAM,362.24
2022-03-14,DDR5_32GB_RAM,373.06
2022-03-15,DDR5_32GB_RAM,357.69
2022-03-16,DDR5_32GB_RAM,350.23
2022-03-17,DDR5_32GB_RAM,356.84
2022-03-18,DDR5_32GB_RAM,346.87
2022-03-19,DDR5_32GB_RAM,339.59
2022-03-20,DDR5_32GB_RAM,345.81
2022-03-21,DDR5_32GB_RAM,348.94
2022-03-22,DDR5_32GB_RAM,349.96
2022-03-23,DDR5_32GB_RAM,350.16
2022-03-24,DDR5_32GB_RAM,355.2
2022-03-25,DDR5_32GB_RAM,357.34
2022-03-26,DDR5_32GB_RAM,341.96
2022-03-27,DDR5_32GB_RAM,340.03
2022-03-28,DDR5_32GB_RAM,339.95
2022-03-29,DDR5_32GB_RAM,332.14
2022-03-30,DDR5_32GB_RAM,332.17
2022-03-31,DDR5_32GB_RAM,329.82
2022-04-01,DDR5_32GB_RAM,326.1
2022-04-02,DDR5_32GB_RAM,326.1
2022-04-03,DDR5_32GB_RAM,329.26
2022-04-04,DDR5_32GB_RAM,333.45
2022-04-05,DDR5_32GB_RAM,333.93
2022-04-06,DDR5_32GB_RAM,334.44
2022-04-07,DDR5_32GB_RAM,331.79
2022-04-08,DDR5_32GB_RAM,323.66
2022-04-09,DDR5_32GB_RAM,321.38
2022-04-10,DDR5_32GB_RAM,322.28
2022-04-11,DDR5_32GB_RAM,318.2
2022-04-12,DDR5_32GB_RAM,318.2
2022-04-13,DDR5_32GB_RAM,321.72
2022-04-14,DDR5_32GB_RAM,322.99
2022-04-15,DDR5_32GB_RAM,345.95
2022-04-16,DDR5_32GB_RAM,325.95
2022-04-17,DDR5_32GB_RAM,326.83
2022-04-18,DDR5_32GB_RAM,326.21
2022-04-19,DDR5_32GB_RAM,321.33
2022-04-20,DDR5_32GB_RAM,319.93
2022-04-21,DDR5_32GB_RAM,318.74
2022-04-22,DDR5_32GB_RAM,321.99
2022-04-23,DDR5_32GB_RAM,318.22
2022-04-24,DDR5_32GB_RAM,318.22
2022-04-25,DDR5_32GB_RAM,317.66
2022-04-26,DDR5_32GB_RAM,323.89
2022-04-27,DDR5_32GB_RAM,317.09
2022-04-28,DDR5_32GB_RAM,319.63
2022-04-29,DDR5_32GB_RAM,319.63
2022-04-30,DDR5_32GB_RAM,324.13
2022-05-01,DDR5_32GB_RAM,323.25
2022-05-02,DDR5_32GB_RAM,324.74
2022-05-03,DDR5_32GB_RAM,318.58
2022-05-04,DDR5_32GB_RAM,338.58
2022-05-05,DDR5_32GB_RAM,340.16
2022-05-06,DDR5_32GB_RAM,336.74
2022-05-07,DDR5_32GB_RAM,334.24
2022-05-08,DDR5_32GB_RAM,319.78
2022-05-09,DDR5_32GB_RAM,326.44
2022-05-10,DDR5_32GB_RAM,314.27
2022-05-11,DDR5_32GB_RAM,324.69
2022-05-12,DDR5_32GB_RAM,315.09
2022-05-13,DDR5_32GB_RAM,313.66
2022-05-14,DDR5_32GB_RAM,313.92
2022-05-15,DDR5_32GB_RAM,313.79
2022-05-16,DDR5_32GB_RAM,311.8
2022-05-17,DDR5_32GB_RAM,309.94
2022-05-18,DDR5_32GB_RAM,304.06
2022-05-19,DDR5_32GB_RAM,306.6
2022-05-20,DDR5_32GB_RAM,308.48
2022-05-21,DDR5_32GB_RAM,309.22
2022-05-22,DDR5_32GB_RAM,311.35
2022-05-23,DDR5_32GB_RAM,310.99
2022-05-24,DDR5_32GB_RAM,312.82
2022-05-25,DDR5_32GB_RAM,316.39
2022-05-26,DDR5_32GB_RAM,314.58
2022-05-27,DDR5_32GB_RAM,312.09
2022-05-28,DDR5_32GB_RAM,312.0
2022-05-29,DDR5_32GB_RAM,310.72
2022-05-30,DDR5_32GB_RAM,309.74
2022-05-31,DDR5_32GB_RAM,317.15
2022-06-01,DDR5_32GB_RAM,315.53
2022-06-02,DDR5_32GB_RAM,315.01
2022-06-03,DDR5_32GB_RAM,315.13
2022-06-04,DDR5_32GB_RAM,314.23
2022-06-05,DDR5_32GB_RAM,312.77
2022-06-06,DDR5_32GB_RAM,310.49
2022-06-07,DDR5_32GB_RAM,299.71
2022-06-08,DDR5_32GB_RAM,301.53
2022-06-09,DDR5_32GB_RAM,302.37
2022-06-10,DDR5_32GB_RAM,302.9
2022-06-11,DDR5_32GB_RAM,304.17
2022-06-12,DDR5_32GB_RAM,301.53
2022-06-13,DDR5_32GB_RAM,302.51
2022-06-14,DDR5_32GB_RAM,302.84
2022-06-15,DDR5_32GB_RAM,304.93
2022-06-16,DDR5_32GB_RAM,303.07
2022-06-17,DDR5_32GB_RAM,301.4
2022-06-18,DDR5_32GB_RAM,302.28
2022-06-19,DDR5_32GB_RAM,300.25
2022-06-20,DDR5_32GB_RAM,297.21
2022-06-21,DDR5_32GB_RAM,293.55
2022-06-22,DDR5_32GB_RAM,293.49
2022-06-23,DDR5_32GB_RAM,293.25
2022-06-24,DDR5_32GB_RAM,292.43
2022-06-25,DDR5_32GB_RAM,291.94
2022-06-26,DDR5_32GB_RAM,292.79
2022-06-27,DDR5_32GB_RAM,291.87
2022-06-28,DDR5_32GB_RAM,290.26
2022-06-29,DDR5_32GB_RAM,290.47
2022-06-30,DDR5_32GB_RAM,297.03
2022-07-01,DDR5_32GB_RAM,297.03
2022-07-02,DDR5_32GB_RAM,290.26
2022-07-03,DDR5_32GB_RAM,296.07
2022-07-04,DDR5_32GB_RAM,290.62
2022-07-05,DDR5_32GB_RAM,287.12
2022-07-06,DDR5_32GB_RAM,288.37
2022-07-07,DDR5_32GB_RAM,287.32
2022-07-08,DDR5_32GB_RAM,287.6
2022-07-09,DDR5_32GB_RAM,288.4
2022-07-10,DDR5_32GB_RAM,285.01
2022-07-11,DDR5_32GB_RAM,281.26
2022-07-12,DDR5_32GB_RAM,280.0
2022-07-13,DDR5_32GB_RAM,279.68
2022-07-14,DDR5_32GB_RAM,280.17
2022-07-15,DDR5_32GB_RAM,282.76
2022-07-16,DDR5_32GB_RAM,284.57
2022-07-17,DDR5_32GB_RAM,286.76
2022-07-18,DDR5_32GB_RAM,285.24
2022-07-19,DDR5_32GB_RAM,280.89
2022-07-20,DDR5_32GB_RAM,278.77
2022-07-21,DDR5_32GB_RAM,277.89
2022-07-22,DDR5_32GB_RAM,278.99
2022-07-23,DDR5_32GB_RAM,278.83
2022-07-24,DDR5_32GB_RAM,275.58
2022-07-25,DDR5_32GB_RAM,273.53
2022-07-26,DDR5_32GB_RAM,273.2
2022-07-27,DDR5_32GB_RAM,274.6
2022-07-28,DDR5_32GB_RAM,275.89
2022-07-29,DDR5_32GB_RAM,279.76
2022-07-30,DDR5_32GB_RAM,279.92
2022-07-31,DDR5_32GB_RAM,282.68
2022-08-01,DDR5_32GB_RAM,278.18
2022-08-02,DDR5_32GB_RAM,275.18
2022-08-03,DDR5_32GB_RAM,271.37
2022-08-04,DDR5_32GB_RAM,270.62
2022-08-05,DDR5_32GB_RAM,270.5
2022-08-06,DDR5_32GB_RAM,270.13
2022-08-07,DDR5_32GB_RAM,270.91
2022-08-08,DDR5_32GB_RAM,267.76
2022-08-09,DDR5_32GB_RAM,266.7
2022-08-10,DDR5_32GB_RAM,266.58
2022-08-11,DDR5_32GB_RAM,266.84
2022-08-12,DDR5_32GB_RAM,267.13
2022-08-13,DDR5_32GB_RAM,268.05
2022-08-14,DDR5_32GB_RAM,268.54
2022-08-15,DDR5_32GB_RAM,264.3
2022-08-16,DDR5_32GB_RAM,260.14
2022-08-17,DDR5_32GB_RAM,258.49
2022-08-18,DDR5_32GB_RAM,257.34
2022-08-19,DDR5_32GB_RAM,256.49
2022-08-20,DDR5_32GB_RAM,256.29
2022-08-21,DDR5_32GB_RAM,254.77
2022-08-22,DDR5_32GB_RAM,252.88
2022-08-23,DDR5_32GB_RAM,254.74
2022-08-24,DDR5_32GB_RAM,252.55
2022-08-25,DDR5_32GB_RAM,251.88
2022-08-26,DDR5_32GB_RAM,254.14
2022-08-27,DDR5_32GB_RAM,256.78
2022-08-28,DDR5_32GB_RAM,251.76
2022-08-29,DDR5_32GB_RAM,248.68
2022-08-30,DDR5_32GB_RAM,248.74
2022-08-31,DDR5_32GB_RAM,249.41
2022-09-01,DDR5_32GB_RAM,251.66
2022-09-02,DDR5_32GB_RAM,250.76
2022-09-03,DDR5_32GB_RAM,250.81
2022-09-04,DDR5_32GB_RAM,247.95
2022-09-05,DDR5_32GB_RAM,252.59
2022-09-06,DDR5_32GB_RAM,247.07
2022-09-07,DDR5_32GB_RAM,242.26
2022-09-08,DDR5_32GB_RAM,241.2
2022-09-09,DDR5_32GB_RAM,243.43
2022-09-10,DDR5_32GB_RAM,243.99
2022-09-11,DDR5_32GB_RAM,242.71
2022-09-12,DDR5_32GB_RAM,240.26
2022-09-13,DDR5_32GB_RAM,244.46
2022-09-14,DDR5_32GB_RAM,240.86
2022-09-15,DDR5_32GB_RAM,239.85
2022-09-16,DDR5_32GB_RAM,241.31
2022-09-17,DDR5_32GB_RAM,239.62
2022-09-18,DDR5_32GB_RAM,238.9
2022-09-19,DDR5_32GB_RAM,236.67
2022-09-20,DDR5_32GB_RAM,233.66
2022-09-21,DDR5_32GB_RAM,231.33
2022-09-22,DDR5_32GB_RAM,230.98
2022-09-23,DDR5_32GB_RAM,229.86
2022-09-24,DDR5_32GB_RAM,230.39
2022-09-25,DDR5_32GB_RAM,228.14
2022-09-26,DDR5_32GB_RAM,231.01
2022-09-27,DDR5_32GB_RAM,233.79
2022-09-28,DDR5_32GB_RAM,230.99
2022-09-29,DDR5_32GB_RAM,230.3
2022-09-30,DDR5_32GB_RAM,233.2
2022-10-01,DDR5_32GB_RAM,233.55
2022-10-02,DDR5_32GB_RAM,234.06
2022-10-03,DDR5_32GB_RAM,232.05
2022-10-04,DDR5_32GB_RAM,225.5
2022-10-05,DDR5_32GB_RAM,224.92
2022-10-06,DDR5_32GB_RAM,224.92
2022-10-07,DDR5_32GB_RAM,229.89
2022-10-08,DDR5_32GB_RAM,232.73
2022-10-09,DDR5_32GB_RAM,237.88
2022-10-10,DDR5_32GB_RAM,236.94
2022-10-11,DDR5_32GB_RAM,233.49
2022-10-12,DDR5_32GB_RAM,233.31
2022-10-13,DDR5_32GB_RAM,227.11
2022-10-14,DDR5_32GB_RAM,223.22
2022-10-15,DDR5_32GB_RAM,229.12
2022-10-16,DDR5_32GB_RAM,228.27
2022-10-17,DDR5_32GB_RAM,227.44
2022-10-18,DDR5_32GB_RAM,225.73
2022-10-19,DDR5_32GB_RAM,222.81
2022-10-20,DDR5_32GB_RAM,222.62
2022-10-21,DDR5_32GB_RAM,227.35
2022-10-22,DDR5_32GB_RAM,226.27
2022-10-23,DDR5_32GB_RAM,222.41
2022-10-24,DDR5_32GB_RAM,225.96
2022-10-25,DDR5_32GB_RAM,223.04
2022-10-26,DDR5_32GB_RAM,220.8
2022-10-27,DDR5_32GB_RAM,220.53
2022-10-28,DDR5_32GB_RAM,221.74
2022-10-29,DDR5_32GB_RAM,216.08
2022-10-30,DDR5_32GB_RAM,213.53
2022-10-31,DDR5_32GB_RAM,215.63
2022-11-01,DDR5_32GB_RAM,214.64
2022-11-02,DDR5_32GB_RAM,211.91
2022-11-03,DDR5_32GB_RAM,212.76
2022-11-04,DDR5_32GB_RAM,212.15
2022-11-05,DDR5_32GB_RAM,212.52
2022-11-06,DDR5_32GB_RAM,212.52
2022-11-07,DDR5_32GB_RAM,212.52
2022-11-08,DDR5_32GB_RAM,204.88
2022-11-09,DDR5_32GB_RAM,205.31
2022-11-10,DDR5_32GB_RAM,204.77
2022-11-11,DDR5_32GB_RAM,205.73
2022-11-12,DDR5_32GB_RAM,205.4
2022-11-13,DDR5_32GB_RAM,210.04
2022-11-14,DDR5_32GB_RAM,206.85
2022-11-15,DDR5_32GB_RAM,206.37
2022-11-16,DDR5_32GB_RAM,204.61
2022-11-17,DDR5_32GB_RAM,204.94
2022-11-18,DDR5_32GB_RAM,206.82
2022-11-19,DDR5_32GB_RAM,205.97
2022-11-20,DDR5_32GB_RAM,205.61
2022-11-21,DDR5_32GB_RAM,205.35
2022-11-22,DDR5_32GB_RAM,202.46
2022-11-23,DDR5_32GB_RAM,202.57
2022-11-24,DDR5_32GB_RAM,202.11
2022-11-25,DDR5_32GB_RAM,205.04
2022-11-26,DDR5_32GB_RAM,204.58
2022-11-27,DDR5_32GB_RAM,202.9
2022-11-28,DDR5_32GB_RAM,202.37
2022-11-29,DDR5_32GB_RAM,202.8
2022-11-30,DDR5_32GB_RAM,205.41
2022-12-01,DDR5_32GB_RAM,206.33
2022-12-02,DDR5_32GB_RAM,206.61
2022-12-03,DDR5_32GB_RAM,205.47
2022-12-04,DDR5_32GB_RAM,207.88
2022-12-05,DDR5_32GB_RAM,205.62
2022-12-06,DDR5_32GB_RAM,206.03
2022-12-07,DDR5_32GB_RAM,200.35
2022-12-08,DDR5_32GB_RAM,201.59
2022-12-09,DDR5_32GB_RAM,202.23
2022-12-10,DDR5_32GB_RAM,201.51
2022-12-11,DDR5_32GB_RAM,199.54
2022-12-12,DDR5_32GB_RAM,198.88
2022-12-13,DDR5_32GB_RAM,199.1
2022-12-14,DDR5_32GB_RAM,197.2
2022-12-15,DDR5_32GB_RAM,196.3
2022-12-16,DDR5_32GB_RAM,196.09
2022-12-17,DDR5_32GB_RAM,192.92
2022-12-18,DDR5_32GB_RAM,190.08
2022-12-19,DDR5_32GB_RAM,190.86
2022-12-20,DDR5_32GB_RAM,188.02
2022-12-21,DDR5_32GB_RAM,187.29
2022-12-22,DDR5_32GB_RAM,186.95
2022-12-23,DDR5_32GB_RAM,189.08
2022-12-24,DDR5_32GB_RAM,191.34
2022-12-25,DDR5_32GB_RAM,191.4
2022-12-26,DDR5_32GB_RAM,190.55
2022-12-27,DDR5_32GB_RAM,189.98
2022-12-28,DDR5_32GB_RAM,189.32
2022-12-29,DDR5_32GB_RAM,185.79
2022-12-30,DDR5_32GB_RAM,184.54
2022-12-31,DDR5_32GB_RAM,196.5
2023-01-01,DDR5_32GB_RAM,195.3
2023-01-02,DDR5_32GB_RAM,195.29
2023-01-03,DDR5_32GB_RAM,183.36
2023-01-04,DDR5_32GB_RAM,180.52
2023-01-05,DDR5_32GB_RAM,179.52
2023-01-06,DDR5_32GB_RAM,179.13
2023-01-07,DDR5_32GB_RAM,176.9
2023-01-08,DDR5_32GB_RAM,175.88
2023-01-09,DDR5_32GB_RAM,172.69
2023-01-10,DDR5_32GB_RAM,171.94
2023-01-11,DDR5_32GB_RAM,174.3
2023-01-12,DDR5_32GB_RAM,170.39
2023-01-13,DDR5_32GB_RAM,170.52
2023-01-14,DDR5_32GB_RAM,169.68
2023-01-15,DDR5_32GB_RAM,169.84
2023-01-16,DDR5_32GB_RAM,168.63
2023-01-17,DDR5_32GB_RAM,168.25
2023-01-18,DDR5_32GB_RAM,167.05
2023-01-19,DDR5_32GB_RAM,168.58
2023-01-20,DDR5_32GB_RAM,166.83
2023-01-21,DDR5_32GB_RAM,167.16
2023-01-22,DDR5_32GB_RAM,163.81
2023-01-23,DDR5_32GB_RAM,163.67
2023-01-24,DDR5_32GB_RAM,165.36
2023-01-25,DDR5_32GB_RAM,166.53
2023-01-26,DDR5_32GB_RAM,166.76
2023-01-27,DDR5_32GB_RAM,165.77
2023-01-28,DDR5_32GB_RAM,166.31
2023-01-29,DDR5_32GB_RAM,166.85
2023-01-30,DDR5_32GB_RAM,165.48
2023-01-31,DDR5_32GB_RAM,162.97
2023-02-01,DDR5_32GB_RAM,161.54
2023-02-02,DDR5_32GB_RAM,164.46
2023-02-03,DDR5_32GB_RAM,162.71
2023-02-04,DDR5_32GB_RAM,162.03
2023-02-05,DDR5_32GB_RAM,160.96
2023-02-06,DDR5_32GB_RAM,161.04
2023-02-07,DDR5_32GB_RAM,161.14
2023-02-08,DDR5_32GB_RAM,161.0
2023-02-09,DDR5_32GB_RAM,158.93
2023-02-10,DDR5_32GB_RAM,159.56
2023-02-11,DDR5_32GB_RAM,160.51
2023-02-12,DDR5_32GB_RAM,159.63
2023-02-13,DDR5_32GB_RAM,158.9
2023-02-14,DDR5_32GB_RAM,157.94
2023-02-15,DDR5_32GB_RAM,157.05
2023-02-16,DDR5_32GB_RAM,156.52
2023-02-17,DDR5_32GB_RAM,154.5
2023-02-18,DDR5_32GB_RAM,154.19
2023-02-19,DDR5_32GB_RAM,155.69
2023-02-20,DDR5_32GB_RAM,154.61
2023-02-21,DDR5_32GB_RAM,154.04
2023-02-22,DDR5_32GB_RAM,153.62
2023-02-23,DDR5_32GB_RAM,154.27
2023-02-24,DDR5_32GB_RAM,154.29
2023-02-25,DDR5_32GB_RAM,154.12
2023-02-26,DDR5_32GB_RAM,155.35
2023-02-27,DDR5_32GB_RAM,154.84
2023-02-28,DDR5_32GB_RAM,157.44
2023-03-01,DDR5_32GB_RAM,154.98
2023-03-02,DDR5_32GB_RAM,154.56
2023-03-03,DDR5_32GB_RAM,154.35
2023-03-04,DDR5_32GB_RAM,153.19
2023-03-05,DDR5_32GB_RAM,151.33
2023-03-06,DDR5_32GB_RAM,152.16
2023-03-07,DDR5_32GB_RAM,151.34
2023-03-08,DDR5_32GB_RAM,149.86
2023-03-09,DDR5_32GB_RAM,149.81
2023-03-10,DDR5_32GB_RAM,149.96
2023-03-11,DDR5_32GB_RAM,150.25
2023-03-12,DDR5_32GB_RAM,149.11
2023-03-13,DDR5_32GB_RAM,149.28
2023-03-14,DDR5_32GB_RAM,147.35
2023-03-15,DDR5_32GB_RAM,146.53
2023-03-16,DDR5_32GB_RAM,144.19
2023-03-17,DDR5_32GB_RAM,144.06
2023-03-18,DDR5_32GB_RAM,144.14
2023-03-19,DDR5_32GB_RAM,144.59
2023-03-20,DDR5_32GB_RAM,144.73
2023-03-21,DDR5_32GB_RAM,142.8
2023-03-22,DDR5_32GB_RAM,142.3
2023-03-23,DDR5_32GB_RAM,142.82
2023-03-24,DDR5_32GB_RAM,142.28
2023-03-25,DDR5_32GB_RAM,142.72
2023-03-26,DDR5_32GB_RAM,141.87
2023-03-27,DDR5_32GB_RAM,142.23
2023-03-28,DDR5_32GB_RAM,139.98
2023-03-29,DDR5_32GB_RAM,139.4
2023-03-30,DDR5_32GB_RAM,139.86
2023-03-31,DDR5_32GB_RAM,142.41
2023-04-01,DDR5_32GB_RAM,142.52
2023-04-02,DDR5_32GB_RAM,141.62
2023-04-03,DDR5_32GB_RAM,139.65
2023-04-04,DDR5_32GB_RAM,138.44
2023-04-05,DDR5_32GB_RAM,137.73
2023-04-06,DDR5_32GB_RAM,137.36
2023-04-07,DDR5_32GB_RAM,136.74
2023-04-08,DDR5_32GB_RAM,136.71
2023-04-09,DDR5_32GB_RAM,138.15
2023-04-10,DDR5_32GB_RAM,138.0
2023-04-11,DDR5_32GB_RAM,137.18
2023-04-12,DDR5_32GB_RAM,135.92
2023-04-13,DDR5_32GB_RAM,135.7
2023-04-14,DDR5_32GB_RAM,135.36
2023-04-15,DDR5_32GB_RAM,135.41
2023-04-16,DDR5_32GB_RAM,133.6
2023-04-17,DDR5_32GB_RAM,133.68
2023-04-18,DDR5_32GB_RAM,133.14
2023-04-19,DDR5_32GB_RAM,132.54
2023-04-20,DDR5_32GB_RAM,131.87
2023-04-21,DDR5_32GB_RAM,131.13
2023-04-22,DDR5_32GB_RAM,130.99
2023-04-23,DDR5_32GB_RAM,129.69
2023-04-24,DDR5_32GB_RAM,127.96
2023-04-25,DDR5_32GB_RAM,126.52
2023-04-26,DDR5_32GB_RAM,125.0
2023-04-27,DDR5_32GB_RAM,124.64
2023-04-28,DDR5_32GB_RAM,124.92
2023-04-29,DDR5_32GB_RAM,124.76
2023-04-30,DDR5_32GB_RAM,126.33
2023-05-01,DDR5_32GB_RAM,125.79
2023-05-02,DDR5_32GB_RAM,125.98
2023-05-03,DDR5_32GB_RAM,125.89
2023-05-04,DDR5_32GB_RAM,125.25
2023-05-05,DDR5_32GB_RAM,125.5
2023-05-06,DDR5_32GB_RAM,125.66
2023-05-07,DDR5_32GB_RAM,125.03
2023-05-08,DDR5_32GB_RAM,124.67
2023-05-09,DDR5_32GB_RAM,124.1
2023-05-10,DDR5_32GB_RAM,124.43
2023-05-11,DDR5_32GB_RAM,123.98
2023-05-12,DDR5_32GB_RAM,124.07
2023-05-13,DDR5_32GB_RAM,124.08
2023-05-14,DDR5_32GB_RAM,124.59
2023-05-15,DDR5_32GB_RAM,124.84
2023-05-16,DDR5_32GB_RAM,123.68
2023-05-17,DDR5_32GB_RAM,122.74
2023-05-18,DDR5_32GB_RAM,122.06
2023-05-19,DDR5_32GB_RAM,121.21
2023-05-20,DDR5_32GB_RAM,121.17
2023-05-21,DDR5_32GB_RAM,122.28
2023-05-22,DDR5_32GB_RAM,120.45
2023-05-23,DDR5_32GB_RAM,120.8
2023-05-24,DDR5_32GB_RAM,120.98
2023-05-25,DDR5_32GB_RAM,119.56
2023-05-26,DDR5_32GB_RAM,118.92
2023-05-27,DDR5_32GB_RAM,118.98
2023-05-28,DDR5_32GB_RAM,119.44
2023-05-29,DDR5_32GB_RAM,119.15
2023-05-30,DDR5_32GB_RAM,118.51
2023-05-31,DDR5_32GB_RAM,120.36
2023-06-01,DDR5_32GB_RAM,117.87
2023-06-02,DDR5_32GB_RAM,117.73
2023-06-03,DDR5_32GB_RAM,118.09
2023-06-04,DDR5_32GB_RAM,117.98
2023-06-05,DDR5_32GB_RAM,117.66
2023-06-06,DDR5_32GB_RAM,117.74
2023-06-07,DDR5_32GB_RAM,117.68
2023-06-08,DDR5_32GB_RAM,117.62
2023-06-09,DDR5_32GB_RAM,124.87
2023-06-10,DDR5_32GB_RAM,125.07
2023-06-11,DDR5_32GB_RAM,125.06
2023-06-12,DDR5_32GB_RAM,124.54
2023-06-13,DDR5_32GB_RAM,124.6
2023-06-14,DDR5_32GB_RAM,125.25
2023-06-15,DDR5_32GB_RAM,125.73
2023-06-16,DDR5_32GB_RAM,125.56
2023-06-17,DDR5_32GB_RAM,125.96
2023-06-18,DDR5_32GB_RAM,125.5
2023-06-19,DDR5_32GB_RAM,126.34
2023-06-20,DDR5_32GB_RAM,116.92
2023-06-21,DDR5_32GB_RAM,117.34
2023-06-22,DDR5_32GB_RAM,117.21
2023-06-23,DDR5_32GB_RAM,124.44
2023-06-24,DDR5_32GB_RAM,124.38
2023-06-25,DDR5_32GB_RAM,124.62
2023-06-26,DDR5_32GB_RAM,124.26
2023-06-27,DDR5_32GB_RAM,123.2
2023-06-28,DDR5_32GB_RAM,123.58
2023-06-29,DDR5_32GB_RAM,116.98
2023-06-30,DDR5_32GB_RAM,119.67
2023-07-01,DDR5_32GB_RAM,120.82
2023-07-02,DDR5_32GB_RAM,119.36
2023-07-03,DDR5_32GB_RAM,117.76
2023-07-04,DDR5_32GB_RAM,117.24
2023-07-05,DDR5_32GB_RAM,116.68
2023-07-06,DDR5_32GB_RAM,116.37
2023-07-07,DDR5_32GB_RAM,116.54
2023-07-08,DDR5_32GB_RAM,116.43
2023-07-09,DDR5_32GB_RAM,116.9
2023-07-10,DDR5_32GB_RAM,115.97
2023-07-11,DDR5_32GB_RAM,115.48
2023-07-12,DDR5_32GB_RAM,115.54
2023-07-13,DDR5_32GB_RAM,115.94
2023-07-14,DDR5_32GB_RAM,116.88
2023-07-15,DDR5_32GB_RAM,117.0
2023-07-16,DDR5_32GB_RAM,116.47
2023-07-17,DDR5_32GB_RAM,114.66
2023-07-18,DDR5_32GB_RAM,117.15
2023-07-19,DDR5_32GB_RAM,116.32
2023-07-20,DDR5_32GB_RAM,115.58
2023-07-21,DDR5_32GB_RAM,116.45
2023-07-22,DDR5_32GB_RAM,116.24
2023-07-23,DDR5_32GB_RAM,116.65
2023-07-24,DDR5_32GB_RAM,116.21
2023-07-25,DDR5_32GB_RAM,116.22
2023-07-26,DDR5_32GB_RAM,116.17
2023-07-27,DDR5_32GB_RAM,115.28
2023-07-28,DDR5_32GB_RAM,115.19
2023-07-29,DDR5_32GB_RAM,115.06
2023-07-30,DDR5_32GB_RAM,115.99
2023-07-31,DDR5_32GB_RAM,116.89
2023-08-01,DDR5_32GB_RAM,116.31
2023-08-02,DDR5_32GB_RAM,115.73
2023-08-03,DDR5_32GB_RAM,115.53
2023-08-04,DDR5_32GB_RAM,114.25
2023-08-05,DDR5_32GB_RAM,115.36
2023-08-06,DDR5_32GB_RAM,115.55
2023-08-07,DDR5_32GB_RAM,115.76
2023-08-08,DDR5_32GB_RAM,115.56
2023-08-09,DDR5_32GB_RAM,114.44
2023-08-10,DDR5_32GB_RAM,114.29
2023-08-11,DDR5_32GB_RAM,114.17
2023-08-12,DDR5_32GB_RAM,114.08
2023-08-13,DDR5_32GB_RAM,114.78
2023-08-14,DDR5_32GB_RAM,114.63
2023-08-15,DDR5_32GB_RAM,114.44
2023-08-16,DDR5_32GB_RAM,113.32
2023-08-17,DDR5_32GB_RAM,113.41
2023-08-18,DDR5_32GB_RAM,113.43
2023-08-19,DDR5_32GB_RAM,113.44
2023-08-20,DDR5_32GB_RAM,115.52
2023-08-21,DDR5_32GB_RAM,114.09
2023-08-22,DDR5_32GB_RAM,113.44
2023-08-23,DDR5_32GB_RAM,111.98
2023-08-24,DDR5_32GB_RAM,112.1
2023-08-25,DDR5_32GB_RAM,112.0
2023-08-26,DDR5_32GB_RAM,112.3
2023-08-27,DDR5_32GB_RAM,112.37
2023-08-28,DDR5_32GB_RAM,112.63
2023-08-29,DDR5_32GB_RAM,112.15
2023-08-30,DDR5_32GB_RAM,112.16
2023-08-31,DDR5_32GB_RAM,112.16
2023-09-01,DDR5_32GB_RAM,112.16
2023-09-02,DDR5_32GB_RAM,112.16
2023-09-03,DDR5_32GB_RAM,112.48
2023-09-04,DDR5_32GB_RAM,112.16
2023-09-05,DDR5_32GB_RAM,112.0
2023-09-06,DDR5_32GB_RAM,112.03
2023-09-07,DDR5_32GB_RAM,112.44
2023-09-08,DDR5_32GB_RAM,112.27
2023-09-09,DDR5_32GB_RAM,111.96
2023-09-10,DDR5_32GB_RAM,111.55
2023-09-11,DDR5_32GB_RAM,111.51
2023-09-12,DDR5_32GB_RAM,111.06
2023-09-13,DDR5_32GB_RAM,111.04
2023-09-14,DDR5_32GB_RAM,110.84
2023-09-15,DDR5_32GB_RAM,111.83
2023-09-16,DDR5_32GB_RAM,111.57
2023-09-17,DDR5_32GB_RAM,112.57
2023-09-18,DDR5_32GB_RAM,112.9
2023-09-19,DDR5_32GB_RAM,112.73
2023-09-20,DDR5_32GB_RAM,112.51
2023-09-21,DDR5_32GB_RAM,112.52
2023-09-22,DDR5_32GB_RAM,112.4
2023-09-23,DDR5_32GB_RAM,112.47
2023-09-24,DDR5_32GB_RAM,112.41
2023-09-25,DDR5_32GB_RAM,112.65
2023-09-26,DDR5_32GB_RAM,112.97
2023-09-27,DDR5_32GB_RAM,112.83
2023-09-28,DDR5_32GB_RAM,113.35
2023-09-29,DDR5_32GB_RAM,113.37
2023-09-30,DDR5_32GB_RAM,116.62
2023-10-01,DDR5_32GB_RAM,114.74
2023-10-02,DDR5_32GB_RAM,114.23
2023-10-03,DDR5_32GB_RAM,113.73
2023-10-04,DDR5_32GB_RAM,113.73
2023-10-05,DDR5_32GB_RAM,113.61
2023-10-06,DDR5_32GB_RAM,113.38
2023-10-07,DDR5_32GB_RAM,113.46
2023-10-08,DDR5_32GB_RAM,113.22
2023-10-09,DDR5_32GB_RAM,113.55
2023-10-10,DDR5_32GB_RAM,113.49
2023-10-11,DDR5_32GB_RAM,113.46
2023-10-12,DDR5_32GB_RAM,113.47
2023-10-13,DDR5_32GB_RAM,113.84
2023-10-14,DDR5_32GB_RAM,113.85
2023-10-15,DDR5_32GB_RAM,116.39
2023-10-16,DDR5_32GB_RAM,116.74
2023-10-17,DDR5_32GB_RAM,115.45
2023-10-18,DDR5_32GB_RAM,115.27
2023-10-19,DDR5_32GB_RAM,115.33
2023-10-20,DDR5_32GB_RAM,115.46
2023-10-21,DDR5_32GB_RAM,115.35
2023-10-22,DDR5_32GB_RAM,115.01
2023-10-23,DDR5_32GB_RAM,115.04
2023-10-24,DDR5_32GB_RAM,115.02
2023-10-25,DDR5_32GB_RAM,114.88
2023-10-26,DDR5_32GB_RAM,114.91
2023-10-27,DDR5_32GB_RAM,114.73
2023-10-28,DDR5_32GB_RAM,114.88
2023-10-29,DDR5_32GB_RAM,114.85
2023-10-30,DDR5_32GB_RAM,115.19
2023-10-31,DDR5_32GB_RAM,115.18
2023-11-01,DDR5_32GB_RAM,115.12
2023-11-02,DDR5_32GB_RAM,115.21
2023-11-03,DDR5_32GB_RAM,115.16
2023-11-04,DDR5_32GB_RAM,115.38
2023-11-05,DDR5_32GB_RAM,115.74
2023-11-06,DDR5_32GB_RAM,115.63
2023-11-07,DDR5_32GB_RAM,115.47
2023-11-08,DDR5_32GB_RAM,115.72
2023-11-09,DDR5_32GB_RAM,115.6
2023-11-10,DDR5_32GB_RAM,115.56
2023-11-11,DDR5_32GB_RAM,115.68
2023-11-12,DDR5_32GB_RAM,116.76
2023-11-13,DDR5_32GB_RAM,116.79
2023-11-14,DDR5_32GB_RAM,116.55
2023-11-15,DDR5_32GB_RAM,116.44
2023-11-16,DDR5_32GB_RAM,115.23
2023-11-17,DDR5_32GB_RAM,115.32
2023-11-18,DDR5_32GB_RAM,115.41
2023-11-19,DDR5_32GB_RAM,115.32
2023-11-20,DDR5_32GB_RAM,115.32
2023-11-21,DDR5_32GB_RAM,115.02
2023-11-22,DDR5_32GB_RAM,115.16
2023-11-23,DDR5_32GB_RAM,115.14
2023-11-24,DDR5_32GB_RAM,115.59
2023-11-25,DDR5_32GB_RAM,115.66
2023-11-26,DDR5_32GB_RAM,116.07
2023-11-27,DDR5_32GB_RAM,118.6
2023-11-28,DDR5_32GB_RAM,119.02
2023-11-29,DDR5_32GB_RAM,117.41
2023-11-30,DDR5_32GB_RAM,119.84
2023-12-01,DDR5_32GB_RAM,120.1
2023-12-02,DDR5_32GB_RAM,120.17
2023-12-03,DDR5_32GB_RAM,120.34
2023-12-04,DDR5_32GB_RAM,119.78
2023-12-05,DDR5_32GB_RAM,119.5
2023-12-06,DDR5_32GB_RAM,119.3
2023-12-07,DDR5_32GB_RAM,119.56
2023-12-08,DDR5_32GB_RAM,119.73
2023-12-09,DDR5_32GB_RAM,120.36
2023-12-10,DDR5_32GB_RAM,120.95
2023-12-11,DDR5_32GB_RAM,121.71
2023-12-12,DDR5_32GB_RAM,120.27
2023-12-13,DDR5_32GB_RAM,120.05
2023-12-14,DDR5_32GB_RAM,119.76
2023-12-15,DDR5_32GB_RAM,119.71
2023-12-16,DDR5_32GB_RAM,119.78
2023-12-17,DDR5_32GB_RAM,119.48
2023-12-18,DDR5_32GB_RAM,119.47
2023-12-19,DDR5_32GB_RAM,119.64
2023-12-20,DDR5_32GB_RAM,119.95
2023-12-21,DDR5_32GB_RAM,119.69
2023-12-22,DDR5_32GB_RAM,119.76
2023-12-23,DDR5_32GB_RAM,120.61
2023-12-24,DDR5_32GB_RAM,120.33
2023-12-25,DDR5_32GB_RAM,120.99
2023-12-26,DDR5_32GB_RAM,121.13
2023-12-27,DDR5_32GB_RAM,121.1
2023-12-28,DDR5_32GB_RAM,120.99
2023-12-29,DDR5_32GB_RAM,121.36
2023-12-30,DDR5_32GB_RAM,121.52
2023-12-31,DDR5_32GB_RAM,122.48
2024-01-01,DDR5_32GB_RAM,121.89
2024-01-02,DDR5_32GB_RAM,121.4
2024-01-03,DDR5_32GB_RAM,121.31
2024-01-04,DDR5_32GB_RAM,122.14
2024-01-05,DDR5_32GB_RAM,122.91
2024-01-06,DDR5_32GB_RAM,122.95
2024-01-07,DDR5_32GB_RAM,123.44
2024-01-08,DDR5_32GB_RAM,123.55
2024-01-09,DDR5_32GB_RAM,124.0
2024-01-10,DDR5_32GB_RAM,123.98
2024-01-11,DDR5_32GB_RAM,124.06
2024-01-12,DDR5_32GB_RAM,124.12
2024-01-13,DDR5_32GB_RAM,124.44
2024-01-14,DDR5_32GB_RAM,124.44
2024-01-15,DDR5_32GB_RAM,126.15
2024-01-16,DDR5_32GB_RAM,127.78
2024-01-17,DDR5_32GB_RAM,127.95
2024-01-18,DDR5_32GB_RAM,128.07
2024-01-19,DDR5_32GB_RAM,125.42
2024-01-20,DDR5_32GB_RAM,126.83
2024-01-21,DDR5_32GB_RAM,127.16
2024-01-22,DDR5_32GB_RAM,125.98
2024-01-23,DDR5_32GB_RAM,126.82
2024-01-24,DDR5_32GB_RAM,127.08
2024-01-25,DDR5_32GB_RAM,127.08
2024-01-26,DDR5_32GB_RAM,127.46
2024-01-27,DDR5_32GB_RAM,127.37
2024-01-28,DDR5_32GB_RAM,127.57
2024-01-29,DDR5_32GB_RAM,127.36
2024-01-30,DDR5_32GB_RAM,127.53
2024-01-31,DDR5_32GB_RAM,127.51
2024-02-01,DDR5_32GB_RAM,127.44
2024-02-02,DDR5_32GB_RAM,127.44
2024-02-03,DDR5_32GB_RAM,127.63
2024-02-04,DDR5_32GB_RAM,127.81
2024-02-05,DDR5_32GB_RAM,128.28
2024-02-06,DDR5_32GB_RAM,128.15
2024-02-07,DDR5_32GB_RAM,126.77
2024-02-08,DDR5_32GB_RAM,126.3
2024-02-09,DDR5_32GB_RAM,125.82
2024-02-10,DDR5_32GB_RAM,126.71
2024-02-11,DDR5_32GB_RAM,126.98
2024-02-12,DDR5_32GB_RAM,127.6
2024-02-13,DDR5_32GB_RAM,127.52
2024-02-14,DDR5_32GB_RAM,127.41
2024-02-15,DDR5_32GB_RAM,127.41
2024-02-16,DDR5_32GB_RAM,126.51
2024-02-17,DDR5_32GB_RAM,127.22
2024-02-18,DDR5_32GB_RAM,127.89
2024-02-19,DDR5_32GB_RAM,128.75
2024-02-20,DDR5_32GB_RAM,128.64
2024-02-21,DDR5_32GB_RAM,128.72
2024-02-22,DDR5_32GB_RAM,128.8
2024-02-23,DDR5_32GB_RAM,128.84
2024-02-24,DDR5_32GB_RAM,128.67
2024-02-25,DDR5_32GB_RAM,127.77
2024-02-26,DDR5_32GB_RAM,125.89
2024-02-27,DDR5_32GB_RAM,125.7
2024-02-28,DDR5_32GB_RAM,125.87
2024-02-29,DDR5_32GB_RAM,127.36
2024-03-01,DDR5_32GB_RAM,127.63
2024-03-02,DDR5_32GB_RAM,127.41
2024-03-03,DDR5_32GB_RAM,127.9
2024-03-04,DDR5_32GB_RAM,126.18
2024-03-05,DDR5_32GB_RAM,127.49
2024-03-06,DDR5_32GB_RAM,127.19
2024-03-07,DDR5_32GB_RAM,125.83
2024-03-08,DDR5_32GB_RAM,125.74
2024-03-09,DDR5_32GB_RAM,127.5
2024-03-10,DDR5_32GB_RAM,127.57
2024-03-11,DDR5_32GB_RAM,127.43
2024-03-12,DDR5_32GB_RAM,127.82
2024-03-13,DDR5_32GB_RAM,127.6
2024-03-14,DDR5_32GB_RAM,125.69
2024-03-15,DDR5_32GB_RAM,127.26
2024-03-16,DDR5_32GB_RAM,127.67
2024-03-17,DDR5_32GB_RAM,127.21
2024-03-18,DDR5_32GB_RAM,125.34
2024-03-19,DDR5_32GB_RAM,125.37
2024-03-20,DDR5_32GB_RAM,126.49
2024-03-21,DDR5_32GB_RAM,127.1
2024-03-22,DDR5_32GB_RAM,127.0
2024-03-23,DDR5_32GB_RAM,127.05
2024-03-24,DDR5_32GB_RAM,127.06
2024-03-25,DDR5_32GB_RAM,127.94
2024-03-26,DDR5_32GB_RAM,128.0
2024-03-27,DDR5_32GB_RAM,126.93
2024-03-28,DDR5_32GB_RAM,126.56
2024-03-29,DDR5_32GB_RAM,126.37
2024-03-30,DDR5_32GB_RAM,126.7
2024-03-31,DDR5_32GB_RAM,127.63
2024-04-01,DDR5_32GB_RAM,127.27
2024-04-02,DDR5_32GB_RAM,127.64
2024-04-03,DDR5_32GB_RAM,128.09
2024-04-04,DDR5_32GB_RAM,128.63
2024-04-05,DDR5_32GB_RAM,128.08
2024-04-06,DDR5_32GB_RAM,127.98
2024-04-07,DDR5_32GB_RAM,128.79
2024-04-08,DDR5_32GB_RAM,128.69
2024-04-09,DDR5_32GB_RAM,127.62
2024-04-10,DDR5_32GB_RAM,128.71
2024-04-11,DDR5_32GB_RAM,128.52
2024-04-12,DDR5_32GB_RAM,128.43
2024-04-13,DDR5_32GB_RAM,128.64
2024-04-14,DDR5_32GB_RAM,128.29
2024-04-15,DDR5_32GB_RAM,128.49
2024-04-16,DDR5_32GB_RAM,128.45
2024-04-17,DDR5_32GB_RAM,130.18
2024-04-18,DDR5_32GB_RAM,129.27
2024-04-19,DDR5_32GB_RAM,128.98
2024-04-20,DDR5_32GB_RAM,128.43
2024-04-21,DDR5_32GB_RAM,128.52
2024-04-22,DDR5_32GB_RAM,130.0
2024-04-23,DDR5_32GB_RAM,129.86
2024-04-24,DDR5_32GB_RAM,128.39
2024-04-25,DDR5_32GB_RAM,128.58
2024-04-26,DDR5_32GB_RAM,128.43
2024-04-27,DDR5_32GB_RAM,128.41
2024-04-28,DDR5_32GB_RAM,127.59
2024-04-29,DDR5_32GB_RAM,127.57
2024-04-30,DDR5_32GB_RAM,127.44
2024-05-01,DDR5_32GB_RAM,127.54
2024-05-02,DDR5_32GB_RAM,127.16
2024-05-03,DDR5_32GB_RAM,127.01
2024-05-04,DDR5_32GB_RAM,127.31
2024-05-05,DDR5_32GB_RAM,128.11
2024-05-06,DDR5_32GB_RAM,128.0
2024-05-07,DDR5_32GB_RAM,127.54
2024-05-08,DDR5_32GB_RAM,127.7
2024-05-09,DDR5_32GB_RAM,127.81
2024-05-10,DDR5_32GB_RAM,127.79
2024-05-11,DDR5_32GB_RAM,127.66
2024-05-12,DDR5_32GB_RAM,127.74
2024-05-13,DDR5_32GB_RAM,126.79
2024-05-14,DDR5_32GB_RAM,126.96
2024-05-15,DDR5_32GB_RAM,127.66
2024-05-16,DDR5_32GB_RAM,126.95
2024-05-17,DDR5_32GB_RAM,126.77
2024-05-18,DDR5_32GB_RAM,126.93
2024-05-19,DDR5_32GB_RAM,126.98
2024-05-20,DDR5_32GB_RAM,127.61
2024-05-21,DDR5_32GB_RAM,127.54
2024-05-22,DDR5_32GB_RAM,126.67
2024-05-23,DDR5_32GB_RAM,126.41
2024-05-24,DDR5_32GB_RAM,126.32
2024-05-25,DDR5_32GB_RAM,126.47
2024-05-26,DDR5_32GB_RAM,126.64
2024-05-27,DDR5_32GB_RAM,126.18
2024-05-28,DDR5_32GB_RAM,126.3
2024-05-29,DDR5_32GB_RAM,126.62
2024-05-30,DDR5_32GB_RAM,126.39
2024-05-31,DDR5_32GB_RAM,126.22
2024-06-01,DDR5_32GB_RAM,126.64
2024-06-02,DDR5_32GB_RAM,126.38
2024-06-03,DDR5_32GB_RAM,127.45
2024-06-04,DDR5_32GB_RAM,127.42
2024-06-05,DDR5_32GB_RAM,127.38
2024-06-06,DDR5_32GB_RAM,127.36
2024-06-07,DDR5_32GB_RAM,127.44
2024-06-08,DDR5_32GB_RAM,127.24
2024-06-09,DDR5_32GB_RAM,127.09
2024-06-10,DDR5_32GB_RAM,127.02
2024-06-11,DDR5_32GB_RAM,127.03
2024-06-12,DDR5_32GB_RAM,127.54
2024-06-13,DDR5_32GB_RAM,127.76
2024-06-14,DDR5_32GB_RAM,127.75
2024-06-15,DDR5_32GB_RAM,129.61
2024-06-16,DDR5_32GB_RAM,129.18
2024-06-17,DDR5_32GB_RAM,129.48
2024-06-18,DDR5_32GB_RAM,129.14
2024-06-19,DDR5_32GB_RAM,128.32
2024-06-20,DDR5_32GB_RAM,129.28
2024-06-21,DDR5_32GB_RAM,129.17
2024-06-22,DDR5_32GB_RAM,129.15
2024-06-23,DDR5_32GB_RAM,129.03
2024-06-24,DDR5_32GB_RAM,128.05
2024-06-25,DDR5_32GB_RAM,127.37
2024-06-26,DDR5_32GB_RAM,126.93
2024-06-27,DDR5_32GB_RAM,126.93
2024-06-28,DDR5_32GB_RAM,127.28
2024-06-29,DDR5_32GB_RAM,127.28
2024-06-30,DDR5_32GB_RAM,127.46
2024-07-01,DDR5_32GB_RAM,127.24
2024-07-02,DDR5_32GB_RAM,127.45
2024-07-03,DDR5_32GB_RAM,127.26
2024-07-04,DDR5_32GB_RAM,127.28
2024-07-05,DDR5_32GB_RAM,126.82
2024-07-06,DDR5_32GB_RAM,126.66
2024-07-07,DDR5_32GB_RAM,126.84
2024-07-08,DDR5_32GB_RAM,126.61
2024-07-09,DDR5_32GB_RAM,126.65
2024-07-10,DDR5_32GB_RAM,126.95
2024-07-11,DDR5_32GB_RAM,127.11
2024-07-12,DDR5_32GB_RAM,126.33
2024-07-13,DDR5_32GB_RAM,126.63
2024-07-14,DDR5_32GB_RAM,126.36
2024-07-15,DDR5_32GB_RAM,125.81
2024-07-16,DDR5_32GB_RAM,126.07
2024-07-17,DDR5_32GB_RAM,125.96
2024-07-18,DDR5_32GB_RAM,126.13
2024-07-19,DDR5_32GB_RAM,126.44
2024-07-20,DDR5_32GB_RAM,126.41
2024-07-21,DDR5_32GB_RAM,126.38
2024-07-22,DDR5_32GB_RAM,126.63
2024-07-23,DDR5_32GB_RAM,126.48
2024-07-24,DDR5_32GB_RAM,126.42
2024-07-25,DDR5_32GB_RAM,126.5
2024-07-26,DDR5_32GB_RAM,126.45
2024-07-27,DDR5_32GB_RAM,126.74
2024-07-28,DDR5_32GB_RAM,125.87
2024-07-29,DDR5_32GB_RAM,126.15
2024-07-30,DDR5_32GB_RAM,125.89
2024-07-31,DDR5_32GB_RAM,125.94
2024-08-01,DDR5_32GB_RAM,125.81
2024-08-02,DDR5_32GB_RAM,125.72
2024-08-03,DDR5_32GB_RAM,126.05
2024-08-04,DDR5_32GB_RAM,124.15
2024-08-05,DDR5_32GB_RAM,125.22
2024-08-06,DDR5_32GB_RAM,123.6
2024-08-07,DDR5_32GB_RAM,123.45
2024-08-08,DDR5_32GB_RAM,123.62
2024-08-09,DDR5_32GB_RAM,123.43
2024-08-10,DDR5_32GB_RAM,124.28
2024-08-11,DDR5_32GB_RAM,123.35
2024-08-12,DDR5_32GB_RAM,123.43
2024-08-13,DDR5_32GB_RAM,123.63
2024-08-14,DDR5_32GB_RAM,123.56
2024-08-15,DDR5_32GB_RAM,123.44
2024-08-16,DDR5_32GB_RAM,123.51
2024-08-17,DDR5_32GB_RAM,123.29
2024-08-18,DDR5_32GB_RAM,124.06
2024-08-19,DDR5_32GB_RAM,123.07
2024-08-20,DDR5_32GB_RAM,122.77
2024-08-21,DDR5_32GB_RAM,122.85
2024-08-22,DDR5_32GB_RAM,122.89
2024-08-23,DDR5_32GB_RAM,123.83
2024-08-24,DDR5_32GB_RAM,123.78
2024-08-25,DDR5_32GB_RAM,123.58
2024-08-26,DDR5_32GB_RAM,120.34
2024-08-27,DDR5_32GB_RAM,122.94
2024-08-28,DDR5_32GB_RAM,120.12
2024-08-29,DDR5_32GB_RAM,122.82
2024-08-30,DDR5_32GB_RAM,123.81
2024-08-31,DDR5_32GB_RAM,123.96
2024-09-01,DDR5_32GB_RAM,123.28
2024-09-02,DDR5_32GB_RAM,123.55
2024-09-03,DDR5_32GB_RAM,124.1
2024-09-04,DDR5_32GB_RAM,123.11
2024-09-05,DDR5_32GB_RAM,124.06
2024-09-06,DDR5_32GB_RAM,123.94
2024-09-07,DDR5_32GB_RAM,124.55
2024-09-08,DDR5_32GB_RAM,124.34
2024-09-09,DDR5_32GB_RAM,123.83
2024-09-10,DDR5_32GB_RAM,123.72
2024-09-11,DDR5_32GB_RAM,123.63
2024-09-12,DDR5_32GB_RAM,123.45
2024-09-13,DDR5_32GB_RAM,123.54
2024-09-14,DDR5_32GB_RAM,123.46
2024-09-15,DDR5_32GB_RAM,123.73
2024-09-16,DDR5_32GB_RAM,123.35
2024-09-17,DDR5_32GB_RAM,123.11
2024-09-18,DDR5_32GB_RAM,123.09
2024-09-19,DDR5_32GB_RAM,123.45
2024-09-20,DDR5_32GB_RAM,124.05
2024-09-21,DDR5_32GB_RAM,123.49
2024-09-22,DDR5_32GB_RAM,123.44
2024-09-23,DDR5_32GB_RAM,123.38
2024-09-24,DDR5_32GB_RAM,123.35
2024-09-25,DDR5_32GB_RAM,123.43
2024-09-26,DDR5_32GB_RAM,123.44
2024-09-27,DDR5_32GB_RAM,123.39
2024-09-28,DDR5_32GB_RAM,123.41
2024-09-29,DDR5_32GB_RAM,123.02
2024-09-30,DDR5_32GB_RAM,123.41
2024-10-01,DDR5_32GB_RAM,123.15
2024-10-02,DDR5_32GB_RAM,123.26
2024-10-03,DDR5_32GB_RAM,123.2
2024-10-04,DDR5_32GB_RAM,123.26
2024-10-05,DDR5_32GB_RAM,123.71
2024-10-06,DDR5_32GB_RAM,123.32
2024-10-07,DDR5_32GB_RAM,122.6
2024-10-08,DDR5_32GB_RAM,122.03
2024-10-09,DDR5_32GB_RAM,122.12
2024-10-10,DDR5_32GB_RAM,122.39
2024-10-11,DDR5_32GB_RAM,122.43
2024-10-12,DDR5_32GB_RAM,122.51
2024-10-13,DDR5_32GB_RAM,122.85
2024-10-14,DDR5_32GB_RAM,122.78
2024-10-15,DDR5_32GB_RAM,123.03
2024-10-16,DDR5_32GB_RAM,122.84
2024-10-17,DDR5_32GB_RAM,122.6
2024-10-18,DDR5_32GB_RAM,122.26
2024-10-19,DDR5_32GB_RAM,122.4
2024-10-20,DDR5_32GB_RAM,121.74
2024-10-21,DDR5_32GB_RAM,121.41
2024-10-22,DDR5_32GB_RAM,121.91
2024-10-23,DDR5_32GB_RAM,122.1
2024-10-24,DDR5_32GB_RAM,122.93
2024-10-25,DDR5_32GB_RAM,122.97
2024-10-26,DDR5_32GB_RAM,122.85
2024-10-27,DDR5_32GB_RAM,121.79
2024-10-28,DDR5_32GB_RAM,122.75
2024-10-29,DDR5_32GB_RAM,122.57
2024-10-30,DDR5_32GB_RAM,122.63
2024-10-31,DDR5_32GB_RAM,122.74
2024-11-01,DDR5_32GB_RAM,122.59
2024-11-02,DDR5_32GB_RAM,121.8
2024-11-03,DDR5_32GB_RAM,122.68
2024-11-04,DDR5_32GB_RAM,121.91
2024-11-05,DDR5_32GB_RAM,122.08
2024-11-06,DDR5_32GB_RAM,122.07
2024-11-07,DDR5_32GB_RAM,121.45
2024-11-08,DDR5_32GB_RAM,122.74
2024-11-09,DDR5_32GB_RAM,122.07
2024-11-10,DDR5_32GB_RAM,123.06
2024-11-11,DDR5_32GB_RAM,122.72
2024-11-12,DDR5_32GB_RAM,121.76
2024-11-13,DDR5_32GB_RAM,121.6
2024-11-14,DDR5_32GB_RAM,121.33
2024-11-15,DDR5_32GB_RAM,121.72
2024-11-16,DDR5_32GB_RAM,121.16
2024-11-17,DDR5_32GB_RAM,121.9
2024-11-18,DDR5_32GB_RAM,122.16
2024-11-19,DDR5_32GB_RAM,122.03
2024-11-20,DDR5_32GB_RAM,121.08
2024-11-21,DDR5_32GB_RAM,122.1
2024-11-22,DDR5_32GB_RAM,121.92
2024-11-23,DDR5_32GB_RAM,121.32
2024-11-24,DDR5_32GB_RAM,121.35
2024-11-25,DDR5_32GB_RAM,119.82
2024-11-26,DDR5_32GB_RAM,119.31
2024-11-27,DDR5_32GB_RAM,119.34
2024-11-28,DDR5_32GB_RAM,119.39
2024-11-29,DDR5_32GB_RAM,119.64
2024-11-30,DDR5_32GB_RAM,121.07
2024-12-01,DDR5_32GB_RAM,121.9
2024-12-02,DDR5_32GB_RAM,122.47
2024-12-03,DDR5_32GB_RAM,124.0
2024-12-04,DDR5_32GB_RAM,123.81
2024-12-05,DDR5_32GB_RAM,124.11
2024-12-06,DDR5_32GB_RAM,123.59
2024-12-07,DDR5_32GB_RAM,124.42
2024-12-08,DDR5_32GB_RAM,123.67
2024-12-09,DDR5_32GB_RAM,123.7
2024-12-10,DDR5_32GB_RAM,123.77
2024-12-11,DDR5_32GB_RAM,122.07
2024-12-12,DDR5_32GB_RAM,121.89
2024-12-13,DDR5_32GB_RAM,122.13
2024-12-14,DDR5_32GB_RAM,122.3
2024-12-15,DDR5_32GB_RAM,121.9
2024-12-16,DDR5_32GB_RAM,122.05
2024-12-17,DDR5_32GB_RAM,120.85
2024-12-18,DDR5_32GB_RAM,121.11
2024-12-19,DDR5_32GB_RAM,120.34
2024-12-20,DDR5_32GB_RAM,119.91
2024-12-21,DDR5_32GB_RAM,119.67
2024-12-22,DDR5_32GB_RAM,120.53
2024-12-23,DDR5_32GB_RAM,119.9
2024-12-24,DDR5_32GB_RAM,120.15
2024-12-25,DDR5_32GB_RAM,120.29
2024-12-26,DDR5_32GB_RAM,119.87
2024-12-27,DDR5_32GB_RAM,119.66
2024-12-28,DDR5_32GB_RAM,120.08
2024-12-29,DDR5_32GB_RAM,120.96
2024-12-30,DDR5_32GB_RAM,120.8
2024-12-31,DDR5_32GB_RAM,121.02
2025-01-01,DDR5_32GB_RAM,121.09
2025-01-02,DDR5_32GB_RAM,121.1
2025-01-03,DDR5_32GB_RAM,121.15
2025-01-04,DDR5_32GB_RAM,121.56
2025-01-05,DDR5_32GB_RAM,121.83
2025-01-06,DDR5_32GB_RAM,121.33
2025-01-07,DDR5_32GB_RAM,121.11
2025-01-08,DDR5_32GB_RAM,121.85
2025-01-09,DDR5_32GB_RAM,120.31
2025-01-10,DDR5_32GB_RAM,120.51
2025-01-11,DDR5_32GB_RAM,122.59
2025-01-12,DDR5_32GB_RAM,120.29
2025-01-13,DDR5_32GB_RAM,120.41
2025-01-14,DDR5_32GB_RAM,119.89
2025-01-15,DDR5_32GB_RAM,120.03
2025-01-16,DDR5_32GB_RAM,120.17
2025-01-17,DDR5_32GB_RAM,120.04
2025-01-18,DDR5_32GB_RAM,119.7
2025-01-19,DDR5_32GB_RAM,118.96
2025-01-20,DDR5_32GB_RAM,119.42
2025-01-21,DDR5_32GB_RAM,119.24
2025-01-22,DDR5_32GB_RAM,119.41
2025-01-23,DDR5_32GB_RAM,119.5
2025-01-24,DDR5_32GB_RAM,119.57
2025-01-25,DDR5_32GB_RAM,120.07
2025-01-26,DDR5_32GB_RAM,119.66
2025-01-27,DDR5_32GB_RAM,119.24
2025-01-28,DDR5_32GB_RAM,119.5
2025-01-29,DDR5_32GB_RAM,119.88
2025-01-30,DDR5_32GB_RAM,119.88
2025-01-31,DDR5_32GB_RAM,118.8
2025-02-01,DDR5_32GB_RAM,117.89
2025-02-02,DDR5_32GB_RAM,119.79
2025-02-03,DDR5_32GB_RAM,119.58
2025-02-04,DDR5_32GB_RAM,119.04
2025-02-05,DDR5_32GB_RAM,118.86
2025-02-06,DDR5_32GB_RAM,118.86
2025-02-07,DDR5_32GB_RAM,119.07
2025-02-08,DDR5_32GB_RAM,119.19
2025-02-09,DDR5_32GB_RAM,119.21
2025-02-10,DDR5_32GB_RAM,119.11
2025-02-11,DDR5_32GB_RAM,118.75
2025-02-12,DDR5_32GB_RAM,119.56
2025-02-13,DDR5_32GB_RAM,118.5
2025-02-14,DDR5_32GB_RAM,119.48
2025-02-15,DDR5_32GB_RAM,118.97
2025-02-16,DDR5_32GB_RAM,118.64
2025-02-17,DDR5_32GB_RAM,118.04
2025-02-18,DDR5_32GB_RAM,117.85
2025-02-19,DDR5_32GB_RAM,118.11
2025-02-20,DDR5_32GB_RAM,117.96
2025-02-21,DDR5_32GB_RAM,118.0
2025-02-22,DDR5_32GB_RAM,116.88
2025-02-23,DDR5_32GB_RAM,116.88
2025-02-24,DDR5_32GB_RAM,116.36
2025-02-25,DDR5_32GB_RAM,117.19
2025-02-26,DDR5_32GB_RAM,117.15
2025-02-27,DDR5_32GB_RAM,117.91
2025-02-28,DDR5_32GB_RAM,119.05
2025-03-01,DDR5_32GB_RAM,119.38
2025-03-02,DDR5_32GB_RAM,120.03
2025-03-03,DDR5_32GB_RAM,119.99
2025-03-04,DDR5_32GB_RAM,118.91
2025-03-05,DDR5_32GB_RAM,118.82
2025-03-06,DDR5_32GB_RAM,119.06
2025-03-07,DDR5_32GB_RAM,118.99
2025-03-08,DDR5_32GB_RAM,118.68
2025-03-09,DDR5_32GB_RAM,118.22
2025-03-10,DDR5_32GB_RAM,119.77
2025-03-11,DDR5_32GB_RAM,119.87
2025-03-12,DDR5_32GB_RAM,119.54
2025-03-13,DDR5_32GB_RAM,118.44
2025-03-14,DDR5_32GB_RAM,117.7
2025-03-15,DDR5_32GB_RAM,117.53
2025-03-16,DDR5_32GB_RAM,117.46
2025-03-17,DDR5_32GB_RAM,117.81
2025-03-18,DDR5_32GB_RAM,117.58
2025-03-19,DDR5_32GB_RAM,117.63
2025-03-20,DDR5_32GB_RAM,117.93
2025-03-21,DDR5_32GB_RAM,117.62
2025-03-22,DDR5_32GB_RAM,117.74
2025-03-23,DDR5_32GB_RAM,117.57
2025-03-24,DDR5_32GB_RAM,117.82
2025-03-25,DDR5_32GB_RAM,117.81
2025-03-26,DDR5_32GB_RAM,117.68
2025-03-27,DDR5_32GB_RAM,117.77
2025-03-28,DDR5_32GB_RAM,117.84
2025-03-29,DDR5_32GB_RAM,117.84
2025-03-30,DDR5_32GB_RAM,117.92
2025-03-31,DDR5_32GB_RAM,118.61
2025-04-01,DDR5_32GB_RAM,117.98
2025-04-02,DDR5_32GB_RAM,120.02
2025-04-03,DDR5_32GB_RAM,118.17
2025-04-04,DDR5_32GB_RAM,118.32
2025-04-05,DDR5_32GB_RAM,118.19
2025-04-06,DDR5_32GB_RAM,118.4
2025-04-07,DDR5_32GB_RAM,119.47
2025-04-08,DDR5_32GB_RAM,124.98
2025-04-09,DDR5_32GB_RAM,125.28
2025-04-10,DDR5_32GB_RAM,125.46
2025-04-11,DDR5_32GB_RAM,126.07
2025-04-12,DDR5_32GB_RAM,126.01
2025-04-13,DDR5_32GB_RAM,125.88
2025-04-14,DDR5_32GB_RAM,125.31
2025-04-15,DDR5_32GB_RAM,124.47
2025-04-16,DDR5_32GB_RAM,125.36
2025-04-17,DDR5_32GB_RAM,124.54
2025-04-18,DDR5_32GB_RAM,124.57
2025-04-19,DDR5_32GB_RAM,124.47
2025-04-20,DDR5_32GB_RAM,124.48
2025-04-21,DDR5_32GB_RAM,126.73
2025-04-22,DDR5_32GB_RAM,124.16
2025-04-23,DDR5_32GB_RAM,124.6
2025-04-24,DDR5_32GB_RAM,123.61
2025-04-25,DDR5_32GB_RAM,125.07
2025-04-26,DDR5_32GB_RAM,123.95
2025-04-27,DDR5_32GB_RAM,124.77
2025-04-28,DDR5_32GB_RAM,122.8
2025-04-29,DDR5_32GB_RAM,123.22
2025-04-30,DDR5_32GB_RAM,123.17
2025-05-01,DDR5_32GB_RAM,121.22
2025-05-02,DDR5_32GB_RAM,122.4
2025-05-03,DDR5_32GB_RAM,121.23
2025-05-04,DDR5_32GB_RAM,121.39
2025-05-05,DDR5_32GB_RAM,121.23
2025-05-06,DDR5_32GB_RAM,121.63
2025-05-07,DDR5_32GB_RAM,121.55
2025-05-08,DDR5_32GB_RAM,122.15
2025-05-09,DDR5_32GB_RAM,122.13
2025-05-10,DDR5_32GB_RAM,122.23
2025-05-11,DDR5_32GB_RAM,121.55
2025-05-12,DDR5_32GB_RAM,121.21
2025-05-13,DDR5_32GB_RAM,121.26
2025-05-14,DDR5_32GB_RAM,122.15
2025-05-15,DDR5_32GB_RAM,121.9
2025-05-16,DDR5_32GB_RAM,122.19
2025-05-17,DDR5_32GB_RAM,122.69
2025-05-18,DDR5_32GB_RAM,122.19
2025-05-19,DDR5_32GB_RAM,122.44
2025-05-20,DDR5_32GB_RAM,122.25
2025-05-21,DDR5_32GB_RAM,122.78
2025-05-22,DDR5_32GB_RAM,123.67
2025-05-23,DDR5_32GB_RAM,123.69
2025-05-24,DDR5_32GB_RAM,122.86
2025-05-25,DDR5_32GB_RAM,123.65
2025-05-26,DDR5_32GB_RAM,123.47
2025-05-27,DDR5_32GB_RAM,123.29
2025-05-28,DDR5_32GB_RAM,122.94
2025-05-29,DDR5_32GB_RAM,123.46
2025-05-30,DDR5_32GB_RAM,123.32
2025-05-31,DDR5_32GB_RAM,122.27
2025-06-01,DDR5_32GB_RAM,125.1
2025-06-02,DDR5_32GB_RAM,125.15
2025-06-03,DDR5_32GB_RAM,124.57
2025-06-04,DDR5_32GB_RAM,123.76
2025-06-05,DDR5_32GB_RAM,123.79
2025-06-06,DDR5_32GB_RAM,123.99
2025-06-07,DDR5_32GB_RAM,124.06
2025-06-08,DDR5_32GB_RAM,124.35
2025-06-09,DDR5_32GB_RAM,124.52
2025-06-10,DDR5_32GB_RAM,124.77
2025-06-11,DDR5_32GB_RAM,124.88
2025-06-12,DDR5_32GB_RAM,124.32
2025-06-13,DDR5_32GB_RAM,124.86
2025-06-14,DDR5_32GB_RAM,124.33
2025-06-15,DDR5_32GB_RAM,124.96
2025-06-16,DDR5_32GB_RAM,125.46
2025-06-17,DDR5_32GB_RAM,125.41
2025-06-18,DDR5_32GB_RAM,125.7
2025-06-19,DDR5_32GB_RAM,125.33
2025-06-20,DDR5_32GB_RAM,125.25
2025-06-21,DDR5_32GB_RAM,126.0
2025-06-22,DDR5_32GB_RAM,126.35
2025-06-23,DDR5_32GB_RAM,126.28
2025-06-24,DDR5_32GB_RAM,125.53
2025-06-25,DDR5_32GB_RAM,125.68
2025-06-26,DDR5_32GB_RAM,126.08
2025-06-27,DDR5_32GB_RAM,126.26
2025-06-28,DDR5_32GB_RAM,126.29
2025-06-29,DDR5_32GB_RAM,126.39
2025-06-30,DDR5_32GB_RAM,125.85
2025-07-01,DDR5_32GB_RAM,125.22
2025-07-02,DDR5_32GB_RAM,125.25
2025-07-03,DDR5_32GB_RAM,125.96
2025-07-04,DDR5_32GB_RAM,126.56
2025-07-05,DDR5_32GB_RAM,126.73
2025-07-06,DDR5_32GB_RAM,127.19
2025-07-07,DDR5_32GB_RAM,127.69
2025-07-08,DDR5_32GB_RAM,127.14
2025-07-09,DDR5_32GB_RAM,125.81
2025-07-10,DDR5_32GB_RAM,126.14
2025-07-11,DDR5_32GB_RAM,127.59
2025-07-12,DDR5_32GB_RAM,127.6
2025-07-13,DDR5_32GB_RAM,128.82
2025-07-14,DDR5_32GB_RAM,128.98
2025-07-15,DDR5_32GB_RAM,128.0
2025-07-16,DDR5_32GB_RAM,127.83
2025-07-17,DDR5_32GB_RAM,127.67
2025-07-18,DDR5_32GB_RAM,128.6
2025-07-19,DDR5_32GB_RAM,128.94
2025-07-20,DDR5_32GB_RAM,129.25
2025-07-21,DDR5_32GB_RAM,128.96
2025-07-22,DDR5_32GB_RAM,128.54
2025-07-23,DDR5_32GB_RAM,127.19
2025-07-24,DDR5_32GB_RAM,127.66
2025-07-25,DDR5_32GB_RAM,128.45
2025-07-26,DDR5_32GB_RAM,128.53
2025-07-27,DDR5_32GB_RAM,128.8
2025-07-28,DDR5_32GB_RAM,129.72
2025-07-29,DDR5_32GB_RAM,130.98
2025-07-30,DDR5_32GB_RAM,130.18
2025-07-31,DDR5_32GB_RAM,131.34
2025-08-01,DDR5_32GB_RAM,129.85
2025-08-02,DDR5_32GB_RAM,129.84
2025-08-03,DDR5_32GB_RAM,129.78
2025-08-04,DDR5_32GB_RAM,130.52
2025-08-05,DDR5_32GB_RAM,130.76
2025-08-06,DDR5_32GB_RAM,130.06
2025-08-07,DDR5_32GB_RAM,128.75
2025-08-08,DDR5_32GB_RAM,129.95
2025-08-09,DDR5_32GB_RAM,130.01
2025-08-10,DDR5_32GB_RAM,130.21
2025-08-11,DDR5_32GB_RAM,130.85
2025-08-12,DDR5_32GB_RAM,131.21
2025-08-13,DDR5_32GB_RAM,131.01
2025-08-14,DDR5_32GB_RAM,130.66
2025-08-15,DDR5_32GB_RAM,130.89
2025-08-16,DDR5_32GB_RAM,130.92
2025-08-17,DDR5_32GB_RAM,131.62
2025-08-18,DDR5_32GB_RAM,133.76
2025-08-19,DDR5_32GB_RAM,133.74
2025-08-20,DDR5_32GB_RAM,134.38
2025-08-21,DDR5_32GB_RAM,133.85
2025-08-22,DDR5_32GB_RAM,133.88
2025-08-23,DDR5_32GB_RAM,133.87
2025-08-24,DDR5_32GB_RAM,134.48
2025-08-25,DDR5_32GB_RAM,135.05
2025-08-26,DDR5_32GB_RAM,134.28
2025-08-27,DDR5_32GB_RAM,135.82
2025-08-28,DDR5_32GB_RAM,135.96
2025-08-29,DDR5_32GB_RAM,136.52
2025-08-30,DDR5_32GB_RAM,134.86
2025-08-31,DDR5_32GB_RAM,135.98
2025-09-01,DDR5_32GB_RAM,135.39
2025-09-02,DDR5_32GB_RAM,135.51
2025-09-03,DDR5_32GB_RAM,135.29
2025-09-04,DDR5_32GB_RAM,135.46
2025-09-05,DDR5_32GB_RAM,135.64
2025-09-06,DDR5_32GB_RAM,135.46
2025-09-07,DDR5_32GB_RAM,134.99
2025-09-08,DDR5_32GB_RAM,135.84
2025-09-09,DDR5_32GB_RAM,135.7
2025-09-10,DDR5_32GB_RAM,135.83
2025-09-11,DDR5_32GB_RAM,135.52
2025-09-12,DDR5_32GB_RAM,135.63
2025-09-13,DDR5_32GB_RAM,135.78
2025-09-14,DDR5_32GB_RAM,136.31
2025-09-15,DDR5_32GB_RAM,135.91
2025-09-16,DDR5_32GB_RAM,138.54
2025-09-17,DDR5_32GB_RAM,138.56
2025-09-18,DDR5_32GB_RAM,139.06
2025-09-19,DDR5_32GB_RAM,138.76
2025-09-20,DDR5_32GB_RAM,139.45
2025-09-21,DDR5_32GB_RAM,140.64
2025-09-22,DDR5_32GB_RAM,143.61
2025-09-23,DDR5_32GB_RAM,144.22
2025-09-24,DDR5_32GB_RAM,143.89
2025-09-25,DDR5_32GB_RAM,144.66
2025-09-26,DDR5_32GB_RAM,144.78
2025-09-27,DDR5_32GB_RAM,145.37
2025-09-28,DDR5_32GB_RAM,145.89
2025-09-29,DDR5_32GB_RAM,147.04
2025-09-30,DDR5_32GB_RAM,150.41
2025-10-01,DDR5_32GB_RAM,151.44
2025-10-02,DDR5_32GB_RAM,157.89
2025-10-03,DDR5_32GB_RAM,158.27
2025-10-04,DDR5_32GB_RAM,158.64
2025-10-05,DDR5_32GB_RAM,159.95
2025-10-06,DDR5_32GB_RAM,160.93
2025-10-07,DDR5_32GB_RAM,162.66
2025-10-08,DDR5_32GB_RAM,164.32
2025-10-09,DDR5_32GB_RAM,164.44
2025-10-10,DDR5_32GB_RAM,165.25
2025-10-11,DDR5_32GB_RAM,165.49
2025-10-12,DDR5_32GB_RAM,166.73
2025-10-13,DDR5_32GB_RAM,166.76
2025-10-14,DDR5_32GB_RAM,172.11
2025-10-15,DDR5_32GB_RAM,176.0
2025-10-16,DDR5_32GB_RAM,178.27
2025-10-17,DDR5_32GB_RAM,179.6
2025-10-18,DDR5_32GB_RAM,180.25
2025-10-19,DDR5_32GB_RAM,185.14
2025-10-20,DDR5_32GB_RAM,190.99
2025-10-21,DDR5_32GB_RAM,193.23
2025-10-22,DDR5_32GB_RAM,201.64
2025-10-23,DDR5_32GB_RAM,203.51
2025-10-24,DDR5_32GB_RAM,204.57
2025-10-25,DDR5_32GB_RAM,203.98
2025-10-26,DDR5_32GB_RAM,205.47
2025-10-27,DDR5_32GB_RAM,208.61
2025-10-28,DDR5_32GB_RAM,210.97
2025-10-29,DDR5_32GB_RAM,213.94
2025-10-30,DDR5_32GB_RAM,214.83
2025-10-31,DDR5_32GB_RAM,216.02
2025-11-01,DDR5_32GB_RAM,216.96
2025-11-02,DDR5_32GB_RAM,220.04
2025-11-03,DDR5_32GB_RAM,229.62
2025-11-04,DDR5_32GB_RAM,232.83
2025-11-05,DDR5_32GB_RAM,239.69
2025-11-06,DDR5_32GB_RAM,243.1
2025-11-07,DDR5_32GB_RAM,244.0
2025-11-08,DDR5_32GB_RAM,244.85
2025-11-09,DDR5_32GB_RAM,247.66
2025-11-10,DDR5_32GB_RAM,250.37
2025-11-11,DDR5_32GB_RAM,251.13
2025-11-12,DDR5_32GB_RAM,254.57
2025-11-13,DDR5_32GB_RAM,265.29
2025-11-14,DDR5_32GB_RAM,265.99
2025-11-15,DDR5_32GB_RAM,265.43
2025-11-16,DDR5_32GB_RAM,271.35
2025-11-17,DDR5_32GB_RAM,294.95
2025-11-18,DDR5_32GB_RAM,304.28
2025-11-19,DDR5_32GB_RAM,320.38
2025-11-20,DDR5_32GB_RAM,322.82
2025-11-21,DDR5_32GB_RAM,324.69
2025-11-22,DDR5_32GB_RAM,325.67
2025-11-23,DDR5_32GB_RAM,326.16
2025-11-24,DDR5_32GB_RAM,333.44
2025-11-25,DDR5_32GB_RAM,343.37
2025-11-26,DDR5_32GB_RAM,344.26
2025-11-27,DDR5_32GB_RAM,346.08
2025-11-28,DDR5_32GB_RAM,348.48
2025-11-29,DDR5_32GB_RAM,348.59
2025-11-30,DDR5_32GB_RAM,352.13
2025-12-01,DDR5_32GB_RAM,353.73
2025-12-02,DDR5_32GB_RAM,356.25
2025-12-03,DDR5_32GB_RAM,361.54
2025-12-04,DDR5_32GB_RAM,364.08
2025-12-05,DDR5_32GB_RAM,364.43
2025-12-06,DDR5_32GB_RAM,365.91
2025-12-07,DDR5_32GB_RAM,367.34
2025-12-08,DDR5_32GB_RAM,371.73
2025-12-09,DDR5_32GB_RAM,375.26
2025-12-10,DDR5_32GB_RAM,377.87
2025-12-11,DDR5_32GB_RAM,378.77
2025-12-12,DDR5_32GB_RAM,379.62
2025-12-13,DDR5_32GB_RAM,378.99
2025-12-14,DDR5_32GB_RAM,385.01
2025-12-15,DDR5_32GB_RAM,385.8
2025-12-16,DDR5_32GB_RAM,386.48
2025-12-17,DDR5_32GB_RAM,386.66
2025-12-18,DDR5_32GB_RAM,387.53
2025-12-19,DDR5_32GB_RAM,388.79
2025-12-20,DDR5_32GB_RAM,390.35
2025-12-21,DDR5_32GB_RAM,388.77
2025-12-22,DDR5_32GB_RAM,391.59
2025-12-23,DDR5_32GB_RAM,390.74
2025-12-24,DDR5_32GB_RAM,391.92
2025-12-25,DDR5_32GB_RAM,394.78
2025-12-26,DDR5_32GB_RAM,394.5
2025-12-27,DDR5_32GB_RAM,395.61
2025-12-28,DDR5_32GB_RAM,397.78
2025-12-29,DDR5_32GB_RAM,399.4
2025-12-30,DDR5_32GB_RAM,400.55
2025-12-31,DDR5_32GB_RAM,401.97
2026-01-01,DDR5_32GB_RAM,401.41
2026-01-02,DDR5_32GB_RAM,401.56
2026-01-03,DDR5_32GB_RAM,401.49
2026-01-04,DDR5_32GB_RAM,403.9
2026-01-05,DDR5_32GB_RAM,418.34
2026-01-06,DDR5_32GB_RAM,417.55
2026-01-07,DDR5_32GB_RAM,418.01
2026-01-08,DDR5_32GB_RAM,418.01
2026-01-09,DDR5_32GB_RAM,418.01
2026-01-10,DDR5_32GB_RAM,423.54
2026-01-11,DDR5_32GB_RAM,422.48
2026-01-12,DDR5_32GB_RAM,427.22
2026-01-13,DDR5_32GB_RAM,428.68
2026-01-14,DDR5_32GB_RAM,428.44
2026-01-15,DDR5_32GB_RAM,454.23
2026-01-16,DDR5_32GB_RAM,457.95
2026-01-17,DDR5_32GB_RAM,459.03
2026-01-18,DDR5_32GB_RAM,458.9
2026-01-19,DDR5_32GB_RAM,463.27
2026-01-20,DDR5_32GB_RAM,467.33
2026-01-21,DDR5_32GB_RAM,469.84
2026-01-22,DDR5_32GB_RAM,470.28
2026-01-23,DDR5_32GB_RAM,469.49
2026-01-24,DDR5_32GB_RAM,470.06
2026-01-25,DDR5_32GB_RAM,470.56
2026-01-26,DDR5_32GB_RAM,474.0
2026-01-27,DDR5_32GB_RAM,479.26
2026-01-28,DDR5_32GB_RAM,480.28
2026-01-29,DDR5_32GB_RAM,479.31
2026-01-30,DDR5_32GB_RAM,477.3
2026-01-31,DDR5_32GB_RAM,477.28
2026-02-01,DDR5_32GB_RAM,477.89
2026-02-02,DDR5_32GB_RAM,480.19
2026-02-03,DDR5_32GB_RAM,480.59
2026-02-04,DDR5_32GB_RAM,482.96
2026-02-05,DDR5_32GB_RAM,482.49
2026-02-06,DDR5_32GB_RAM,483.42
2026-02-07,DDR5_32GB_RAM,482.37
2026-02-08,DDR5_32GB_RAM,483.21
2026-02-09,DDR5_32GB_RAM,482.01
2026-02-10,DDR5_32GB_RAM,484.38
2026-02-11,DDR5_32GB_RAM,485.97
2026-02-12,DDR5_32GB_RAM,485.35
2026-02-13,DDR5_32GB_RAM,485.71
